2.47555246179177,2.30252221715506,1.14337876935846,0,0.434833382965756,0.380281063970365,0,1.7299549826966,2.23797958580851,2.43455328403813,2.47555246179177,2.20570397521802,1.78058215024811,1.04521415060194,0,0,0,0,0,0.419364494412044,1.63629742130146,2.45418258429034,2.47555246179177,1.10806883366636
0,0.292383672772681,0,0,0,0,0.193151416375203,0,2.47555246179177,2.10987097178974,1.7441894817877,1.09677007470429,0.449350667620772,0.224675333810386,0,0,0,0,0,0.120859703784251,1.03851215605268,2.15569158369071,2.47555246179177,1.60337058803486
0,0.391480510345295,0.391309927505342,0,0,0.1953780799757,0.3907561599514,0,2.47555246179177,2.2048758978168,1.93419933384182,1.66352276986679,1.25086897093561,0.696330542640675,0,0,0,0,0,0,0.507374779481029,1.58688198001097,2.47555246179177,2.41192615847853
0,0.933931555238139,0.932915510319425,0,0.792226540332779,1.39867995639438,1.81948122266979,2.24028248894542,2.47555246179177,2.33335237206275,1.82117445791971,1.30899654377635,0.981747407832375,0.654498271888177,0.327249135944089,0,0,0,0.144556479373999,0.858235920932623,1.76187302023326,2.47555246179177,0,0
1.03897698078025,0.764815991040444,0,0.650866329122487,0.650300163525751,0,0.323248518397026,0.32310835390569,0,1.20098485799697,2.07963073070461,2.47555246179177,2.4504027310164,1.62435608377188,0,0,0,0,0,0.825184153930637,1.65036830786111,2.47555246179177,0,0
0,0.856000271246304,0.794087869748145,0,0.546869646014687,0.728843063951041,0.546395181563026,0,1.36214198340814,1.81766207954572,2.47555246179177,2.41213254776434,1.98875727101549,1.20589194899699,0.243455816516806,0,0,0,0,0,1.14360036088438,2.47555246179177,0,0
0,0.536581484944608,0.536231267683806,0,1.04568108106277,1.55757318486698,1.18212981219159,2.09417801893804,2.47555246179177,2.15096723756364,2.00270026276988,1.50191104858913,1.00112183440871,0.148266974793765,0,0,0,0,0,0,0.0735882635764703,0.692266882907874,1.67493768940529,2.47555246179177
0.0195441804327191,0.842789746719301,0.598804167160837,0,0,0,0,0.354587944610649,2.47555246179177,2.36653338221298,1.9064080768309,1.09563263470572,0.460125305381539,0,0,0,0,0,0,0,0.159909053867976,1.05413564029853,2.13224703818035,2.47555246179177
0,0.89328328599722,0.892307642105982,0,0,0,0,2.33569474934242,2.47555246179177,2.2861557319854,2.42601344443464,2.40119049017971,2.04732677193644,1.52910274846832,0.682477749248923,0,0,0,0,0,0.381836971071953,1.33244618385415,2.28305539663646,2.47555246179177
0,0.646337865653442,0,0,0,0,0,0,0,1.74803233153405,2.4623704423571,2.47555246179177,1.78984509894701,0.964630897774873,0,0,0,0,0,0,0.334327871102669,1.40494016644722,2.47555246179177,2.44247067459959
0,0.625622193034677,0,0,0.471826692705163,0.412632443234395,0,0,0.987006570875203,1.27125854889664,2.13566060352861,2.47555246179177,2.29195118207736,1.58587086743134,0.53203313249443,0,0,0,0,0,0.696846606464446,1.9708289875798,2.47555246179177,0.684708552610272
0,1.28342425523738,2.0098778341613,1.81046571601692,1.9580170020089,2.47555246179177,2.25360128066192,1.29408652719459,0.703113645476184,0.481162464346333,0.259211283216482,0.0372601020865223,0,0,0.556244219047314,0,0,0,0,0.568551479839604,1.71462243287489,2.47555246179177,0,0
0,0.356471897373413,0,0,0.558028775078373,0.939042452364706,1.14315664194445,1.88139063564452,2.26663311504616,2.47555246179177,2.33217022978413,2.01280932714837,1.51758435027302,0.846609783645593,0,0,0,0,0,0,0,1.07110562442255,2.32711456721238,2.47555246179177
0,1.07859319165536,1.07717411975403,0,0.845061858039712,1.15488968814042,2.06881340480462,2.44960357438784,2.47555246179177,2.3242546909749,2.17295692015792,2.02165914934098,1.69323055727632,1.18778686741969,0.505443689856625,0,0,0,0,0,0.675392768941666,2.47555246179177,0,0
0,0,0.841073143867495,0.789157926298211,1.8248551210603,2.3275722929556,2.47555246179177,2.26926096661445,1.53243248513954,0.795604003664634,0.23550526848226,0.0292137733052693,0,0,0.355203259548728,0,0,0,0,0,0.386399334998939,1.52511024242619,2.47555246179177,1.36341146462561
0,0,0,0,0.995649871023051,1.09713359715615,2.14201358065263,2.47555246179177,2.27681104959283,1.90087569525255,1.70213428305382,1.50339287085487,1.30465145865593,1.10591004645676,0.375935354338641,0,0,0,0,0,0,0.949316104592873,2.27253508700901,2.47555246179177
0,0.722790107348123,0,0,0.536223104586743,0.535870474446447,0,0,2.47555246179177,2.4664345408303,2.17236305391951,1.73595486644538,1.15730324429692,0.578651622148459,0,0,0,0,0,0,0.761903398751167,1.90310706850622,2.47555246179177,1.16043174598774
0,0,0,0,0,0,0.449938208460992,0,1.48057501494693,2.24573071224027,2.47555246179177,2.03435100505101,1.23777623089578,0.44120145674076,0,0,0,0,0,0,0,0.308903128313725,1.77983004507548,2.47555246179177
0,0,0.864446326830812,0.801915877406822,0,0,0,0,1.77739893638403,2.28481754129334,2.47555246179177,1.76680360080023,1.0580547398087,0.708748860991538,0,0,0,0,0,0,0.0528220884501849,0.860356955027913,1.8568841365896,2.47555246179177
0.463225453093659,0,0.858011460280957,0.979550102982273,0,0.364712557265071,0.36455358628114,0,2.47555246179177,2.26483161233503,2.20574921314627,1.99502836368964,1.48132762584231,0.816285256016971,0,0,0,0,0,0,0.365006012667383,1.51900218360025,2.47555246179177,2.05367913055106
0,0,0,0,0,0,0,0,1.8682958489071,2.47555246179177,2.17760684484216,1.73877677918822,1.15915397818303,0.438830065653933,0,0,0,0,0,0.76364779627706,1.71190466551468,2.47555246179177,2.31799590417095,0.509965315483706
0,1.15640526344493,1.24847558072435,2.21494631668924,2.47555246179177,1.85640754994992,0.710782475992137,0.0916375641502872,0,0.088089571740823,0,0.088089571740823,0.352472976555785,0.176236488277893,0,0,0,0,0,0.245714493841714,1.05114351602107,2.04338862912722,2.47555246179177,1.79084803029417
0,0.245575275041094,0.30687921346369,0,1.09784392050578,1.64574102375061,1.82760127053238,2.33423966309346,2.47555246179177,2.43437990497767,2.02859094578414,1.44067071049292,0.852750475201045,0.446961516007627,0.0411725568141007,0,0,0,0,0,0.0161796434582086,0.588426023120654,1.5319892424561,2.47555246179177
2.30661832532399,0,0.487061564862084,0.425957067387494,0,0,0,0,1.61792296592952,2.18679517797047,2.47555246179177,2.34481477146844,1.79539291390125,0.967297566351994,0,0,0,0,0.0646210950775793,0.84684168657238,1.62906227806718,2.23170718664069,2.47555246179177,2.00320218893465
1.05823670053464,1.23491443895495,0.705567511238947,0,0,0.916867711959576,1.48003613555517,1.1609593094914,1.89138077805991,2.27106584498258,2.47555246179177,2.32998113243713,1.83480306750418,1.16499056621851,0.495178064932954,0,0,0,0,0.0029464380629221,0.573604275673528,1.52335093002952,2.28349164116953,2.47555246179177
1.53476347826082,0,0.373881890656514,0.373791509058699,0.18689575452935,0,0,0,0.776801489000739,1.92831462237771,2.47555246179177,2.42006578413748,1.76339940422454,0.806720623936206,0,0,0,0,0,0.154406480300196,1.05208047386725,1.9497544674342,2.47555246179177,2.25905096701251
2.47555246179177,1.72922831180257,0.982904161813252,0.602941089564262,0.406336500546646,0.209731911528657,0.0131273225109953,0,0,0,0,0.925160641745057,0.276763501768941,0,0.0953550956039226,0.37695164632294,0.00180824493345194,0,0.291104147963516,0.956765987137539,1.62242782631167,2.47555246179177,0,0.180109629244518
0.360219258489036,0.360179949692442,0.360140640896284,0.180070320448142,0,0.209820290408731,0.419640580817462,0.449547670208551,0.479454759600076,0.329566343004357,0,0,0,0,0,0.179560462130983,0.538798850670604,0.898037239210226,0.898037239210335,0.360059487725351,1.22448313412014,1.37510540243757,0.991596005410828,1.38807428061457
1.42950583933942,1.11635188936502,0.803197939390607,0.135918790412082,0,0.574174867650768,1.6821338031833,2.43412090306692,2.47555246179177,1.98527842964245,1.42513040209449,2.30309117820315,2.47555246179177,1.9443394433335,1.06197150830478,0.179603573276058,0,0,0,0,0.0321267572053329,0.598385179754733,1.34291952434619,2.08745386893764
2.47555246179177,2.15217039431788,1.65120726140999,1.54876866934598,1.26886442623468,0.811609833985909,0,0,0,2.18599414699004,2.47555246179177,2.3452024724884,1.93536581692694,1.10697571525971,0,0,0,0,0,0.212461244039329,0.966785377083312,1.90196795435276,2.47555246179177,2.32736431428935
0.562093133790036,0.670148606219379,0.246517526728237,0,0.499946023573135,0.646240232532168,0.792534441491311,1.70635109275895,2.26720446400586,2.47555246179177,2.33185210217681,2.18815174256185,1.34172216585531,0.495292589148652,0,0,0,0,0,0,0,0.69862600588451,1.77692645590734,2.47555246179177
1.84925297469778,0.2803085783116,0.702225027890771,0,0,0.933144261534732,1.49377577559001,1.86833338436929,2.47555246179177,2.34065864200593,1.65044870689559,1.14522356465145,1.01032974486539,0.690209935110341,0,0,0,0,0.145607333095629,1.04856372418218,1.95152011526862,2.47555246179177,0,0
2.26804461596035,2.47555246179177,2.1514141090739,1.65029138598679,0.972299618925123,0.471176895838237,0.147038543120362,0,0,0.177331027144578,0.177331027144578,0.177331027144578,0.295513156795028,0.236364259300972,0,0,0,0,0,0.482679435952998,1.32862200289403,1.99287302583877,2.47555246179177,2.41423569199573
1.08777084379347,0,0.533878829942269,0.533675336254276,0.355677019829924,0,0,0,0,1.43652925725067,2.30810651829416,2.47555246179177,2.21009965998828,1.38443348978724,0,0,0,0,0,0,0.82514045912953,1.84921970626877,2.47555246179177,2.10980843815659
0,0.839820604945516,0.710035927809263,0,0.70577251716001,0.641135132394385,0,0,0,2.47555246179177,2.01257094483754,1.5495894278833,1.23748400298082,0.774502486026152,0.0100607770471681,0,0,0,0,0,0.135160700700358,0.850641207110904,1.95363930974724,2.47555246179177
1.2610801052702,0,0.755326788840808,0.754671893050419,0,0,0,0,0,2.47555246179177,2.03576360409274,1.45767065974532,0.879577715398055,0.439788857699028,0,0,0,0,0,0,0,0.75835609032057,1.91728281274462,2.47555246179177
0.444699824045244,0,0,0,0,0,0,0,0,2.29115162220124,2.47555246179177,2.24038636499157,1.72596110492786,0.93263756573885,0,0,0,0,0,0,0.825184153930637,1.65036830786111,2.4641877138617,2.47555246179177
0,0,0.388743696972794,0,0,0,0,0,0,2.47555246179177,1.95308354123647,1.15800220310036,0.635533282544565,0.38603021603494,0,0,0,0,0,0,0.336049074757929,1.40580076827483,2.47555246179177,2.44547900379879
0,1.07143083603715,0.891860752215548,0,0.354522160038406,0,0,1.12913971826162,1.73046027600257,1.80498846626509,2.02847195329932,2.42721159276697,2.47555246179177,1.82445599938138,0.301604204734789,0,0,0,0.0566305069998727,1.23808474564802,2.23175964451748,2.47555246179177,1.9714337984118,0.721366497753697
0,0.984230774033872,1.60153460902131,2.03555406353888,2.47555246179177,2.3671263591486,1.8936774020597,1.42022844497079,0.764445757810277,0.290996800721262,0,0,0,0,0,0,0,0,0,0,0.385027508285996,1.14425659621265,1.90348568413931,2.47555246179177
1.92722499724946,0,0.645270217111301,0.737090761140423,0.460546508475981,0,0,0,0,2.2502549182992,2.47555246179177,2.41891369596184,2.08070509576494,1.32082732301739,0,0,0,0,0,0.436356048949631,1.23777623089578,2.03919641284214,2.47555246179177,2.18322686554005
0.439297781104984,0.844585699664962,0,0,0.360890340776687,0.367115093699662,0.196180382846597,0.0252456719938588,2.19768514351711,2.47555246179177,2.40171341728304,1.80117117919863,0.850063082588334,0.249520844504032,0,0,0,0,0,0.120722215148551,1.14730924564493,2.17389627614141,2.47555246179177,2.28341179177906
2.47555246179177,1.41605512204927,0,0,0.825184153930554,1.05833326261498,1.09439479540493,1.91957894933548,2.47555246179177,0,1.22110721941855,2.47555246179177,2.29347837728467,1.47564491041236,0.1820740845071,0,0,0,0,0.825184153930637,1.65036830786111,2.07722387050391,2.47555246179177,2.47555246179177
2.47555246179177,0,0.292500078398699,0,0,0,0,0,0,2.47555246179177,1.99581978125277,1.37690908133993,0.757998381427047,0,0,0,0,0,0.825184153930637,1.65036830786111,2.47555246179177,2.47555246179177,2.47555246179177,2.47555246179177
1.71577164806979,0,0.194678648825531,0,0,0,0,0,0,2.47555246179177,1.92363455660115,1.23777623089589,0.551917905190611,0,0,0,0,0,0.825184153930637,1.65036830786111,2.47555246179177,2.47555246179177,2.47555246179177,2.47555246179177
0,0.582318959764487,0,0,0,0,0,0,0,2.47555246179177,1.68865191565129,1.03612632375122,0.518063161875611,0,0,0,0,0.8251841539305,1.65036830786089,2.47555246179177,2.47555246179177,2.47555246179177,0,0
1.30241098004346,2.37060976620189,2.47555246179177,1.81215434465474,0,1.4149106532302,2.23971140452817,2.47555246179177,0,0,2.47555246179177,2.07031572496537,1.286783440524,0,0,0,0,0,0,2.47555246179177,2.47555246179177,2.47555246179177,2.47555246179177,2.47555246179177
2.47555246179177,2.47555246179177,2.47555246179177,2.47555246179177,2.47555246179177,2.47555246179177,2.47555246179177,2.47555246179177,1.18964334074409,0,2.47555246179177,1.73375619859891,0.866878099299454,0,0,0,0,0,0,2.47555246179177,2.47555246179177,2.47555246179177,2.47555246179177,2.47555246179177
1.52405770686466,2.47555246179177,1.71201235808107,0,2.47555246179177,2.47555246179177,2.47555246179177,2.47555246179177,0,2.47555246179177,2.14968651089413,1.5307276291743,0.76536381458715,0,0,0,0,0.8251841539305,1.65036830786089,2.47555246179177,2.47555246179177,2.47555246179177,2.47555246179177,2.30458716307089
0,0.75652133916701,0.622813035482795,0.311406517741398,0,0,0,0,2.09170467614644,2.35430113406254,2.47555246179177,2.45555040382485,2.01233776333758,1.1467370330495,0,0,0,0,0.825184153930637,1.65036830786111,2.47555246179177,2.47555246179177,2.47555246179177,1.90151905013817
0,0.782633441421164,0,0,0,0,0,0,0.0524907050798181,2.47555246179177,2.14804417556705,1.54119887911982,0.934353582672389,0.327508286224958,0,0,0,0,0,0,0.825184153930637,1.65036830786122,2.47555246179177,2.47555246179177
2.47555246179177,0.878867114729442,0,0,0,0,0,0,0,2.47555246179177,2.28602860275984,1.95749605057525,1.49004427821329,0.745022139106644,0,0,0,0,0,0,0,0.825140125755805,1.85007643968084,2.47555246179177
1.50845502136742,0,0,0,0,0,0,0,0,2.47555246179177,1.98042423099002,1.48529600018828,0.990167769385985,0.357909051692518,0,0,0,0,0,0.825184153930663,1.65036830786122,2.47555246179177,2.47555246179177,1.88986386800242
0,0,0,0,0,0,0,0,2.4334870237718,2.47555246179177,2.37607647181512,2.13515125489896,1.61160382714653,0.805801913573264,0,0,0,0,0,0.423682975547674,1.24886712947834,2.074051283409,2.47555246179177,2.47555246179177
1.29722010015534,0,0,0,0,0,0,0,2.17617687500066,2.47555246179177,2.43159307187881,1.96445627069925,1.21565928696994,0.326169371762873,0,0,0,0,0,0,0.624055338668203,1.65041291476569,2.47555246179177,2.29660650777276
0,0,0,0,0,0,0,0,1.50899098034637,2.27738127982455,2.47555246179177,2.1049759276082,1.45057553224539,0.654400395362804,0,0,0,0,0,0,0.800843872687384,1.62602802661794,2.4512121805486,2.47555246179177
0.902077931863927,0,0,0,0,0,0,0,0.221706504035904,2.47555246179177,2.12050855595633,1.76546465012073,1.27031793533664,0.63515896766832,0,0,0,0,0,0,0,0.825184153930637,1.65036830786122,2.47555246179177
2.47555246179177,2.11535039759836,0,0,0,0,0,0,2.46684607307298,2.47555246179177,2.20419013168076,1.65312008003158,0.962331323553844,0.411261271904668,0,0,0,0,0,0,0,0.825184153930637,1.65036830786122,2.47555246179177
2.47555246179177,1.63176597773221,0,0.388263094263691,0,0,0,0,2.24392823158908,2.47555246179177,2.28756420521343,1.82028414067863,1.21349286679471,0.467280064534793,0,0,0,0,0,0.425407706620829,1.25059186055119,2.07577601448186,2.47555246179177,1.87856686109691
0,0.875000697723216,0,0,0,0,0,0,0.882086600254857,2.03382693823564,2.47555246179177,2.20956149067776,1.52003917839563,0.689522312282181,0,0,0,0,0,0.618655655314398,1.63841315459234,2.45755322029753,2.47555246179177,1.09665127721108
0,0,0.257738832516079,0.128869416258105,0,0,0,0,2.47555246179177,2.37679217487392,2.13309244164777,1.74454730908666,1.21125073265518,0.677954156223925,0,0,0,0,0.0528039353652428,1.04923715296619,2.04567037056726,2.47555246179177,1.96367059533018,0.138518067620584
0,1.58348898936397,1.14997794553293,0.533817369853508,1.24194557778235,1.9500737857112,2.47555246179177,2.27161701752805,1.52186096995243,0.953927258996754,0.385993548041185,0,0,0,0.182649531848163,0,0,0,0,0.524369620670391,1.42631530882547,2.32826099698087,2.47555246179177,1.30697724841992
0,1.10484882893425,0,0,0,0,0,0,0,2.47555246179177,1.86805903794143,1.40088495716594,1.21462288726025,0.887859228231609,0,0,0,0,0,0.119266730901251,1.03808635642212,1.95690598194273,2.47555246179177,1.79684994860643
0,0,0.322648552942863,0.258043262877628,0,0,0,0.512455076757932,1.38186255347127,2.08991024266909,2.47555246179177,2.37837021107598,1.95982628597263,1.060019783239,0,0,0,0,0,0.357763390440077,1.51693338710671,2.47555246179177,2.23365302131465,0.199886791702846
0,1.95715407845744,1.42279594932686,0.534358129130364,0,0.53064964510977,2.309083067127,2.37946886486091,2.41863671089516,2.47555246179177,2.09653861093684,1.57240395820269,1.04826930546831,0.524134652734156,0,0,0,0,0,0,0.286822312848803,1.14279271283478,2.18873014894297,2.47555246179177
1.0616786873536,0,0.673870640264775,0.61215347502421,0,0,0.364465765657081,0,1.36680265371375,2.19250172087898,2.47555246179177,2.21700405418958,1.41790263596614,0.438848832242176,0,0,0,0,0,0.120202146843347,0.615238714113769,1.29787730431751,1.98051589452124,2.47555246179177
2.03442522273682,0,0.642176373110747,0,0,0,0,0,2.4045545209736,2.47555246179177,2.40482622562418,2.19246759448481,1.69711916304061,0.777972171749645,0,0,0,0,0,0.570518030888645,1.33438945598065,2.09826088107265,2.47555246179177,2.08120518513568
0.149635671329265,0,0.565115025842701,0.56474881446015,0,0.0938204355202181,0,0.281582785355871,2.47555246179177,2.39405148932658,2.31255051686129,2.07809355557557,1.53802178419612,0.845290999157161,0,0,0,0,0.710231614928973,1.59996549252542,1.95154463042557,2.3031237683255,2.47555246179177,2.29003128048656
1.21167765402619,1.10330930941083,0.463066550865148,0,0.87768129474935,1.22417919586612,1.04052771150626,1.17887508621521,1.49348088984702,2.16094665815996,2.47555246179177,2.08580943020542,1.52026418718506,0.779030510341289,0.037796833498064,0,0,0,0.144266284439884,0.873272915410516,1.60227954638126,2.33128617735189,2.47555246179177,1.64777687825607
0,0.641730087471455,0.513086175665005,0,0.127941123070855,0.0639705615352642,0,2.3053863801123,2.47555246179177,2.47095260072245,2.2916992126851,1.93790460502758,1.40968097680971,0.707140418939461,0.00459986106910502,0,0,0,0,0,0,0.529735423301396,1.23777623089589,1.94581703849038
2.47555246179177,2.11549642094813,0.868531039072765,0.873548421852115,0.52506393908924,0,0,1.55212396784315,2.27524323607926,2.47555246179177,2.15406181556114,1.48526434903203,0.816466882502929,0.147669415973824,0,0,0,0,0,0,0.206712178677003,0.773833777282557,1.52133703019897,2.26884028311479
2.47555246179177,1.0662385698787,0,0.648029369481235,0.58872228529292,0.17643364696208,0,0,2.47555246179177,2.2453245428847,2.15938504154389,2.07344554020276,1.9875060388614,1.46898143132358,0.662533059852453,0,0,0,0,0,0.626303613943145,1.65041192281191,2.47555246179177,2.30781424611547
0.558233861591781,0,0.578302864839347,0,0,0,0,0,2.47555246179177,2.40579894853232,2.18898642522687,1.67833938931888,1.02091666872704,0.216812523305458,0,0,0,0,0,0.64511734507228,1.65040762876656,2.47555246179177,2.40173716791172,1.25304217539886
1.95955599591302,1.77702909078022,0.885348369595273,0.708232695753802,0.354116347876901,0,0,0.35407823858945,0.530925691419177,0,1.44184544958939,2.47555246179177,2.11371713846158,0.883312268518721,0,0,0,0,0.128610217232973,1.04161395935399,2.15103491305215,2.47555246179177,2.4083825073177,2.14555941716982
1.29653790095536,0,0.386650344309311,0,0,0,0,0,2.47555246179177,1.80108723992457,1.26938684478727,0.880542989896375,0.491699135005697,0.102855280114801,0,0,0,0,0,0,0.420510199348503,1.23777623089578,2.05504226244327,2.47555246179177
1.70891178459114,0,0.57981748644462,0,0,0,2.47555246179177,2.38486791366025,2.11903999998431,2.0283554518529,1.93767090372149,1.84698635559007,1.58115844191446,0.79057922095723,0,0,0,0,0,1.00735721602973,2.19728678487522,2.47555246179177,1.84514009987979,0.128234804360133
1.34003749247599,1.29538901547875,0,0.355925947978252,0.355772064554205,0,0,2.47555246179177,1.59688133533258,1.06761379284503,0.888202828976484,0.708791865107724,0.354395932553862,0,0,0,0,0,0,0.57359954771755,1.32823407909726,2.08286861047653,2.47555246179177,2.1457640451776
0.735825878722617,2.26512471008182,2.47555246179177,2.15380651611551,1.83206057043925,1.6875901148713,1.54311965930334,1.39864920373538,1.25417874816469,0.932432802488435,0.610686856812177,0.288940911135918,0.144470455567959,0,0,0,0,0,0.825144006033225,1.83259626815619,2.47555246179177,2.39095945873809,1.58073484084401,0
1.25423765614391,1.25232212800593,0,0.768405098036737,0.826713376030032,0,0,0,1.97870386357531,2.47555246179177,2.40488236588589,1.90953459372635,1.13152482524931,0.212320730125618,0,0,0,0,0,0,0.426461733908997,1.25164588783954,2.0768300417702,2.47555246179177
2.47555246179177,0,0.388401687237277,0,0,0,0,0,2.10196450768496,2.47555246179177,2.42813895703136,2.1005095878812,1.21352961215911,0.0474135047609558,0,0,0,0,0,0,0.568866831501101,1.53698240100383,2.30540770316833,2.47555246179177
1.2543024422718,0,0.483770901177035,0,0,0,0,0,2.16132121035323,2.47555246179177,2.35572865610842,1.94700104524108,1.24974177471229,0.264322271450081,0,0,0,0,0,0,0.958487018156886,1.91697403631351,2.47555246179177,2.03666889694267
0,0,0.581917791282035,0.387804911342893,0,0,0,0,0,2.47555246179177,2.45883013237948,2.16045047330397,1.58077900299035,0.720180528802131,0,0,0,0,0,0,0.568767363234107,1.53757555190537,2.30629716774035,2.47555246179177
1.44943362326435,0,0.389661766708759,0,0,0,0,0,2.44028618746565,2.47555246179177,2.07448131624594,1.38298754416396,0.691493772081981,0,0,0,0,0,0,0.856813094311599,1.71362618862309,2.37994787973555,2.47555246179177,1.43311851655028
0,0,0.368056823187337,0,1.49955149280232,2.47555246179177,2.17378575617854,1.87201905056574,1.93473660475782,1.63296989914463,0.78536225441915,0.119583682331312,0,0,0,0,0,0,0.049067635058594,0.841499375071476,1.82007677099889,2.42648482673318,2.47555246179177,1.78319988626316
0,1.0986360058051,0.914512694227384,0,0.363619008275767,0.363462002424419,0,0,2.47555246179177,2.47555246179177,2.15512338052245,1.68906375977398,1.07746766768218,0.320429081269105,0,0,0,0,0,0,0.118737909169889,1.03782210968311,1.95690631019646,2.47555246179177
1.99541909672083,0,0.389783787366277,0,0,0,0,0,2.46245590480046,2.47555246179177,2.34727143355601,1.93651079983177,1.24363738416678,0.128281028235759,0,0,0,0,0,0.218097090510192,1.04328124444082,1.86846539837149,2.47555246179177,2.47555246179177
2.47555246179177,2.370894326713,0,0.26163439757058,0.326946517075369,0,0,0,0.861134090434525,1.88210246021301,2.47555246179177,2.21647293915056,1.24949415929217,0,0,0,0,0,0,0.825184153930663,1.65036830786122,2.47555246179177,2.47555246179177,1.05952721210036
0,0,0,0,0,0,0,0,2.47555246179177,2.23973521980022,2.00391797780867,1.6239134614594,0.955815895077585,0,0,0,0,0,0,0.218502995349876,1.04368714928042,1.8688713032113,2.47555246179177,2.47555246179177
2.47555246179177,2.47555246179177,0,0.58334412357441,0,0,0,0,2.47555246179177,1.92412068277483,1.51349212040463,1.1028635580341,0.551431779017107,0,0,0,0,0,0,0.825184153930637,1.65036830786111,2.05699742585755,2.47555246179177,2.08248709136131
0.0727015236925353,0,0,0,0,0,0,0,2.47555246179177,2.21221554768334,1.80396086887847,1.25088328926481,0.697805709651305,0,0,0,0,0,0,0.825184153930637,1.65036830786089,2.47555246179177,2.0575448389891,2.47555246179177
2.08084926173289,0,0.13214248481371,0.264284969627522,0,0,0,2.47555246179177,1.99359145446835,1.36214811867101,1.02976790402048,0.847067043560653,0.664366183100605,0.0329228473030511,0,0,0,0,0,0.825184153930637,1.65036830786111,2.47555246179177,2.47555246179177,2.08125913186085
0.0686236588551648,0,0,0,0,0,0,2.44379912795556,2.47555246179177,2.35902397336175,2.09431057009196,1.68150906444155,1.1207161740263,0.116528488430059,0,0,0,0,0.422211921471843,1.24739607540216,2.07258022933282,2.47555246179177,2.29431169593742,0.309919999744865
0,0,0,0,0,0,0,0,2.47555246179177,2.37395793655613,2.13167234472097,1.60827804710751,0.804139023553375,0,0,0,0,0,0,0,0.825184153930637,1.65036830786111,2.47555246179177,2.47555246179177
2.47555246179177,0.299911069642336,0,0.389288256727416,0,0,0,0,2.17735557002777,2.47555246179177,2.34984684114048,1.94199693671478,1.11161491841327,0,0,0,0,0,0,0,0.623159714589758,1.85239274720196,2.47555246179177,1.68925299766135
0,0,0,0,0,0,0,0,2.44149621843583,2.47555246179177,2.21910821713562,1.67253986846497,0.981050383270707,0,0,0,0,0,0,0.357608549074672,1.51688922221952,2.47555246179177,2.23329996372375,0.794892106781362
0,0,0,0.290050657074211,0,0,0,0,2.29402082317293,2.47555246179177,2.36561921823688,1.52867484623162,0.83694437200515,0,0,0,0,0,0,0,0.618654262608844,1.63961076264701,2.45934923361396,2.47555246179177
0.691585840036266,0,0,0,0,0,0,0,2.47555246179177,2.15399643705255,1.54305770367906,1.22150167893945,0.89994565420001,0,0,0,0,0,0,0,0.75775268386562,1.91968923183993,2.47555246179177,1.82290515893063
0,0,0,0,0,0,0,0,2.3257894458382,2.40067095381501,2.47555246179177,2.26560584578428,1.4871108034479,0,0,0,0,0,0,0,0.214704251339271,1.23777623089568,2.2608482104524,2.47555246179177
0.879304930366208,0,0,0,0,0,0,0,2.47555246179177,2.1886185360302,1.60430330708238,1.01998807813445,0.435672849186741,0,0,0,0,0,0,0,0.618651755594502,1.6417576169096,2.46256879718093,2.47555246179177
0.678791938228361,0,0,0,0,0,0,0.455934925161893,1.7112711895223,2.38397508130305,2.47555246179177,2.13226967173998,1.21048161610316,0,0,0,0,0,0,0,0,0.555412827114489,1.7179127176495,2.47555246179177
1.61915646165625,0,0,0,0,0,0,0.511705132592403,1.79251159524861,2.47555246179177,2.2648568130499,1.90554358445669,1.10095603028626,0,0,0,0,0,0,0,0,0.690501194370096,1.7850512674217,2.47555246179177
1.95713911187847,0,0,0,0,0,0,1.96891650424607,2.37223202872745,2.47555246179177,2.42902181788141,2.08308148105754,1.43812076556868,0.196284202152026,0,0,0,0,0,0.402034862818448,1.22721901674933,2.05240317067988,2.47555246179177,2.29665044918597
0.318768260690736,0,0,0.289754389650804,0,0,0,0,2.47555246179177,2.34767826406884,2.07842523359279,1.52668992608402,0.833850995547016,0,0,0,0,0,0.0274764151695658,0.653036200099277,1.47822035403016,2.30340450796039,2.47555246179177,2.47555246179177
1.482723816188,0,0,0.387511370679295,0,0,0,0,2.35518915307969,2.47555246179177,2.03242485042596,1.44865243795218,0.724326218976091,0,0,0,0,0,0,0,0.825184153930637,1.65036830786122,2.47555246179177,2.47555246179177
2.47555246179177,1.35015577265175,0,0.292094612064403,0,0,0,0,2.39198322139899,2.47555246179177,2.27778355444285,1.79904113036487,0.899520565182433,0,0,0,0,0,0,0.368066439833216,1.13736761424222,2.10748602195874,2.47555246179177,1.64310302504263
0,0,0,0,0,0,0,1.07038021590736,2.00016305668267,2.47555246179177,2.34645543535443,1.76501887409854,0.882509437049244,0,0,0,0,0,0,0.568432926269268,1.53956981936938,2.30928768497813,2.47555246179177,1.83908411991503
0.00250810527115501,0,0,0,0,0,0,1.00950274714734,1.96244891564934,2.47555246179177,2.40352932339806,1.89365555129682,1.09235349226721,0,0,0,0,0,0,0,0.825184153930637,1.65036830786133,2.47555246179177,2.47555246179177
1.68777319275765,0,0,0,0,0,0,2.20643558372833,2.47555246179177,2.46124871232513,2.02250816326432,1.44247342289761,0.721236711448803,0,0,0,0,0,0.209759509833271,0.827104352258865,1.64844810953269,2.2657929519585,2.47555246179177,1.66874839677988
0,0,0,0,0,0,0,1.34461036158097,2.13992728327441,2.47555246179177,2.3523880560658,1.92386381628421,1.03804769968865,0,0,0,0,0,0,0.314018744482706,1.23777623089596,2.16153371730914,2.47555246179177,1.57377389514399
0,0,0,0,0,0,0,1.00430508867861,2.03365881047095,2.47555246179177,2.18526658664733,1.60277402678245,0.874320281721954,0,0,0,0,0,0,0.423816175341661,1.24900032927212,1.87343389401129,1.896414360015,2.47555246179177
2.47555246179177,0.0943291337158067,0,0,0,0,0,0,2.47555246179177,2.01592474703377,1.55629703227577,1.09666931751777,0.637041602760207,0.177413888002153,0,0,0,0,0,0,0.958663503569947,1.91732700713986,2.47555246179177,2.0349983997774
0,0,0.77551000811034,0,0,0,0,0,2.47555246179177,2.3558760882814,2.08962319981026,1.53050214697009,0.825089260240013,0.119676373509717,0,0,0,0,0,0,0.169782708949156,1.13806289390157,2.10634307885399,2.47555246179177
1.65017288899966,0,0,0,0,0,0,0,2.34285530692802,2.47555246179177,2.3072557410869,1.68819776469216,0.769117556701216,0,0,0,0,0,0,0.219544903176401,1.03815409695402,1.85676329073109,2.47555246179177,2.29637993005313
0.725830165092456,0,0,0,0,0,0,2.41803897037021,2.47555246179177,2.24201755212387,1.71781170205205,1.19360585198057,0.669400001908859,0,0,0,0,0,0.16020847819773,1.31788046999473,2.47555246179177,2.4366628454474,1.20593601285603,0
0,0,0.486770165597554,0,0,0,0,0,2.47555246179177,1.9218782224312,1.51461335057639,1.10734847872114,0.55367423936057,0,0,0,0,0.224516281862344,0.629464528972471,0.853980810835905,0.898183549188406,0.762191049223822,1.34768980002028,2.47555246179177
2.33955996182708,0.408096333052398,1.51544382680522,1.73352387578975,1.2422726453026,1.77169684999861,2.12419165789493,2.29987205984335,2.47555246179177,2.474533336578,2.29692945106605,1.76649989859165,1.05982921633538,0.00101912521376849,0,0,0,0,0,0.468971980413089,1.33758835007017,2.20620471972724,2.47555246179177,2.1468177465947
0.625462568523967,0,0,0.29091963147913,0,0,0,0,2.4088434581973,2.47555246179177,2.2532797009772,1.59823405746688,0.799117028733439,0,0,0,0,0,0,0,0.367733197100431,1.33831835731722,2.10781926469137,2.47555246179177
2.04134969694684,0.208868514737671,0,0,0,0,0,1.85084269950357,2.38716189074119,2.47555246179177,2.2658099424322,1.60959487565577,0.656215066776536,0,0,0,0,0,0,0.262642921624514,1.13605063994095,2.009458358257,2.47555246179177,1.92575826712031
0,0,0,0,0,0,0,2.07671470776025,2.47555246179177,2.42690786472848,1.93166084108154,1.28774143224433,0.495247023646944,0,0,0,0,0,0.414506236109372,1.65055439108335,2.47555246179177,2.2753651789383,0.645746318212738,0
0,0,0,0,0,0,2.47555246179177,2.09186913229973,1.53450511186604,0.977141091432685,0.419777070999001,0.2098885354995,0,0,0,0,0,0,0.190661971159331,0.952213213612009,1.71376445606448,2.28489049063241,2.47555246179177,1.52790367423579
0,0,0,0,0,0,0,2.24368008277779,2.47555246179177,2.10144092961434,1.57608069721043,1.05072046480695,0.525360232403476,0,0,0,0,0,0,0,0.8251841539305,1.65036830786089,2.47555246179177,1.88135118116911
0,0,0,0,0,0,2.36128372624979,2.47555246179177,2.2885946196588,1.80080200390817,1.31300938815755,0.825216772407356,0.337424156656838,0,0,0,0,0,0,0.164231921694266,1.13683157160567,2.10943122151728,2.47555246179177,2.03492498823367
0.18765825326661,0,0,0,0,0,0,1.57752803406976,2.25590818901448,2.47555246179177,2.23735586595666,1.54221079829889,0.542927904474223,0,0,0,0,0,0,0,0.713611661007856,1.61705426180867,2.33066592281642,2.47555246179177
1.48643177580779,0,0,0,0,2.47555246179177,2.34210752873816,2.03263446441962,1.72316140010108,1.41368833578253,1.10421527146399,0.618830102258737,0.133444933053685,0,0,0,0,0,0.415941630218156,1.24112578414873,2.06630993807939,2.47555246179177,2.47555246179177,1.25280854151359
0,0,0,0,0,0,2.42231588962667,2.47555246179177,2.38152714549961,2.28750182920746,1.89924364496421,1.21713983327846,0.388258184243245,0,0,0,0,0,0.873596370042941,1.74719274008588,2.41685767328964,2.47555246179177,1.31600324185186,0
0,0,0,0,0,0,0,1.03734769660104,1.86901290802131,2.39852574451381,2.47555246179177,1.95064616625922,0.975323083129646,0,0,0,0,0,0.01437854623448,0.839562700164885,1.66474685409555,2.28688942063231,2.47555246179177,1.85453437689834
0.224461060527507,0,0,0,0,0,0,1.31779593897293,2.19689198685549,2.47555246179177,2.30491430698211,1.68585583712246,0.768337172163556,0,0,0,0,0,0,0,0.8251841539305,1.65036830786089,2.47555246179177,2.47555246179177
2.2933060345755,0.306115284900616,0,0,0,0,0,2.46791495885856,2.47555246179177,2.18725742602369,1.75114079451019,1.16729889062527,0.28829503576808,0,0,0,0,0,0,0,0.825184153930637,1.65036830786111,2.2631956087909,2.47555246179177
1.66928512100937,0,0,0,0,0,0,2.31655281048646,2.47555246179177,2.33692683233143,2.04963550031123,1.46530615551152,0.584329344799269,0,0,0,0,0,0.209965577517,1.03089728220424,1.85182898689203,2.46896809461809,2.47555246179177,1.87281375832344
0,0,0,0,0,0,0,1.81588541899737,2.3738644965367,2.47555246179177,2.12184275421947,1.46502965834534,0.656813095874288,0,0,0,0,0,0,0.163166301524664,1.13659518985566,2.11002407818675,2.47555246179177,1.62893787438095
0,0,0,0,0,0,0,2.47555246179177,2.4183547882583,2.21887542245691,1.73511163050672,1.109344922427,0.341668041545107,0,0,0,0,0,0.825184153930637,1.65036830786111,2.47555246179177,2.05604298631928,2.47555246179177,1.88325175492283
0.0812407921479466,0,0,0,0,0,1.12232765106843,2.10804197770812,2.47555246179177,2.3804702650932,1.97749632226976,1.26703241321574,0.402973942823436,0,0,0,0,0,0,1.02802149315964,2.05604298631913,2.47555246179177,1.88359125689462,0
0,0,0,0,0,0,0,2.47555246179177,2.15972914258118,1.69875268673859,1.23777623089599,0.776799775053404,0.315823319210813,0,0,0,0,0,0,0.892615714278333,1.78523142855683,2.47555246179177,2.15642622590923,0.42972242920556
0,0,0,0,0,0,0,1.94976100169252,2.4431179548466,2.47555246179177,2.20120607752025,1.62047848038462,0.733768568186892,0,0,0,0,0,0,0.0662573326882546,0.936316838466287,2.00766132820121,2.47555246179177,1.94035908506895
0.405405666590713,0,0,0,0,0,0,2.3325963350985,2.47555246179177,2.32820373483084,1.89092787526061,1.45365201569038,0.726826007845189,0,0,0,0,0,0,0.825184153930637,1.65036830786111,2.47555246179177,2.47555246179177,2.47555246179177
2.47555246179177,2.47555246179177,1.91570675164472,0.56725928336459,0.381979656411046,0,0,2.47555246179177,2.41308994995745,2.20494538068707,1.85121371412917,1.3519898176159,0.707368465783652,0.208144569270382,0,0,0,0,0,0,0.825184153930637,1.65036830786111,2.47555246179177,2.47555246179177
2.47555246179177,1.68148788227101,0,0.293770191882747,0,0,0,0,2.47555246179177,2.12204265289787,1.62691365595443,1.13178465901095,0.495128996943457,0,0,0,0,0,0,0.825184153930637,1.65036830786089,2.47555246179177,2.47555246179177,2.47555246179177
2.47555246179177,2.47555246179177,2.47555246179177,0,0,0,0,0,2.37681947625219,2.47555246179177,2.1433340733053,1.52428264326874,0.475681635733286,0,0,0,0,0,0,0.825184153930637,1.65036830786122,2.47555246179177,2.47555246179177,2.47555246179177
2.47555246179177,1.65036830786111,2.47555246179177,0,0,0,0,1.13197845411142,1.72694853819684,2.46935209050255,2.47555246179177,1.60148036085503,0.581031219218573,0,0,0,0,0,0,0,0.825184153930637,1.65036830786111,2.47555246179177,2.47555246179177
2.47555246179177,2.47555246179177,0.107800389443831,0,0,0,0,0,2.47555246179177,2.43355933109907,2.10813820257592,1.49965665400604,0.608481548569881,0,0,0,0,0,0,0,0.825184153930637,1.65036830786111,2.47555246179177,2.47555246179177
2.47555246179177,2.47555246179177,2.47555246179177,0,0,0,0,2.47555246179177,2.16036526038994,1.55296338622063,1.09162149213609,0.630279598051761,0.168937703967433,0,0,0,0,0,0,0.8251841539305,1.65036830786089,2.47555246179177,2.47555246179177,2.47555246179177
2.47555246179177,2.47555246179177,2.47555246179177,0.504794348084138,0,0,0,2.35935544906664,2.47555246179177,2.30038530329326,1.83423196633355,1.077469708585,0.320707450836661,0,0,0,0,0,0,0.624433564739155,1.44961771866962,2.2748018726005,2.47555246179177,2.47555246179177
2.47555246179177,1.65036830786122,2.47555246179177,0.326979390019526,0,0,0,2.25225164425357,2.47555246179177,2.39918273406245,1.87403731392822,1.19949431708286,0.375650746191437,0,0,0,0,0,0,0,0.669191611763708,1.74283732924802,2.41202894101166,2.47555246179177
1.53232167064382,0,0,0,0,0,0,2.47555246179177,2.40563970704754,2.03183019004146,1.50622105294248,0.828911340360216,0,0,0,0,0,0,0,0.615738320134581,1.44092247406514,2.26610662799569,2.47555246179177,1.66154861291437
0,0,0,0,0,0,0.413338066112799,1.64475264241568,2.28232837824155,2.47555246179177,2.22530268894485,1.5324542570779,0.397879775314692,0,0,0,0,0,0.107507941904802,1.23777623089596,2.36804451988693,2.47555246179177,1.15699239675585,0
0,0,0,0,0,0,0,1.44566137040432,2.22277257784258,2.47555246179177,2.06369974550836,1.15450832308299,0.0797531010089517,0,0,0,0,0,0,0.264550804970402,1.13659512171187,2.00863943845323,2.47555246179177,2.33578500616626
0,0,0,0,0,0,0.461318902986476,1.70213174168355,2.32139228372867,2.47555246179177,2.16552118457313,1.54653257159098,0.618988612982044,0,0,0,0,0,0,0,0.213113668032081,1.03494008607344,1.85676650411447,2.47555246179177
2.28353776846138,0.275147318068949,0,0,0,0,1.0374306435401,1.9572719961998,2.43635703611657,2.47555246179177,2.07572241783737,1.38368755116226,0.399830043954406,0,0,0,0,0,0,0.821351843299878,1.84554102582876,2.46419151277095,2.47555246179177,1.27598747565169
0,0,0,0,0,0,0,1.88432728555154,2.3998779540075,2.47555246179177,2.25845375970789,1.60290972398208,0.655544035726025,0,0,0,0,0,0,0.825184153930663,1.65036830786122,2.47555246179177,2.47555246179177,0.871206117404037
0,0,0,0,0,0,2.1338375714398,2.45628690511364,2.47555246179177,2.19202936214915,1.60611195496001,0.869145034117757,0.132178113275505,0,0,0,0,0,0,0,0.825184153930637,1.65036830786133,2.06030416265686,2.47555246179177
1.86838778272921,0,0,0,0,0,0.888044812565569,2.13261114863753,2.47555246179177,2.36901184498824,1.8138728651158,1.10939699559909,0.106540616803753,0,0,0,0,0,0,1.23777623089589,2.47555246179177,0,0,0
0,0,0,0.896911855832097,0.896835818559915,0.538788823966185,1.36302969654216,2.00857852100322,2.47555246179177,2.40750358702054,1.98335654952753,1.20357725158113,0.24615625111827,0,0,0,0,0,0.8251841539305,1.65036830786122,2.47555246179177,2.47555246179177,1.66176250969834,0
0,0,0,0.638376652752977,0.287852254700424,1.5087765974792,2.23768686736791,2.47555246179177,2.38659207950158,1.80819632938725,1.06686932788167,0,0,0,0,0,0,0,0.825184153930663,1.65036830786122,2.47555246179177,2.47555246179177,1.65846032432462,0
0,0,0,0.944138263371397,0.72130893932359,0,1.22601115992767,1.9558373674028,2.19045720161208,2.47555246179177,2.26706589277895,1.73006433242935,0.701097505981264,0,0,0,0,0,0.202837339228866,1.02802149315953,1.85320564709019,2.47555246179177,2.08574959218001,0.687179577441804
0,0,0,0,0,1.56218439590717,2.2563723412606,2.47555246179177,2.37857927603771,1.96586669504592,1.39543937914734,0.825012063248981,0.0969731857540639,0,0,0,0,0,0,0.0102825723897014,0.835466726320201,1.66065088025067,2.28183482421151,2.47555246179177
0,0,0,0,0,0,0.0912148784621181,1.60347654309208,2.3974710748626,2.47555246179177,1.98259043792212,1.20466705362577,0,0,0,0,0,0,0.218502995349876,1.04368714928042,1.86887130321109,2.47555246179177,2.47555246179177,2.47555246179177
0.867469216777319,0,0,0,0,0,1.59675680609647,2.18248643220599,2.47555246179177,2.33034010992197,1.89341908698764,1.16517005496109,0.436921022934358,0,0,0,0,0,0,0.322603504270601,1.23790747062257,1.95551335475903,2.47555246179177,2.40367776135089
1.74106630212293,0.096499721925369,0,0,0,2.02017914095569,2.28768265323598,2.38161755751388,2.47555246179177,2.39603222838355,1.79682629218444,0.851728536929789,0.079520233408226,0,0,0,0,0,0,0.0192034518705583,0.837941847474841,1.85689820170069,2.47555246179177,0
0,0,0,0,0,0,2.47555246179177,2.46590082015824,2.30557782523785,2.14525483031681,1.83435885474327,1.22261165065823,0.160322994921039,0,0,0,0,0,0,0.56829789846781,1.54037497506947,2.31049505997758,2.47555246179177,1.63485829097151
0,0,0,0,0,0,1.12909887915172,2.15714068045926,2.47555246179177,2.26295555037565,1.87358634317937,1.13101777159691,0.0357093898909688,0,0,0,0,0,0.158151990457086,1.05357987907308,1.94900776768907,2.47555246179177,2.26580126183878,1.50511098140356
0.011539477989106,0.824009287456885,0,0,0,0,1.14005753648895,2.10675901397852,2.47555246179177,2.39693727599888,2.02053509334595,1.34673337003356,0.227557163555971,0,0,0,0,0,0,0,0.365290447880774,1.13625543719901,2.11026201391095,2.47555246179177
1.62707850318976,0,0,0,0,0,0.189487507840971,1.58483041414708,2.34629953960512,2.47555246179177,2.13172710937964,1.3157494896848,0.0285428938198279,0,0,0,0,0,0,0,0.816965196459662,1.64214935039011,2.26298873173625,2.47555246179177
1.87321655784843,0,0,0,0,0.474075093298083,1.58354687362718,2.25041377837346,2.47555246179177,2.25983697616974,1.75070301552747,0.948537130103972,0,0,0,0,0,0,0,0.00311522428158985,0.827214401879385,1.85690847396831,2.47555246179177,2.27376989361168
1.04958046183966,0,0,0,0,0,1.08984936841131,1.42209924975688,2.25016565158978,2.47555246179177,2.09984971830969,1.27436949040741,0,0,0,0,0,0,0.265662756805508,1.27721420383981,2.47555246179177,1.16204503257036,0,0
0,0,0,1.30703924631947,1.35490525082405,0.685863375946175,1.81709289238777,2.4133029216896,2.47555246179177,2.00489736953063,1.17955756394941,0,0,0,0,0,0,0,0.825184153930637,1.65036830786111,2.47555246179177,0,0,0
0,0,0,0,0.53005262213563,0.376662235101402,1.49603917913333,2.10537524805364,2.37524604380739,2.47555246179177,2.06783744866324,1.32200012533663,0.238486375551944,0,0,0,0,0,0.825184153930637,1.65036830786133,2.47555246179177,2.47555246179177,2.47555246179177,0
0,0,0,0.527356432484727,0.351439857402452,0,1.44900356434062,2.47555246179177,2.4584387676377,1.57479385848956,0,0,0,1.19167713961959,0,0,0.825184153930637,1.65036830786111,2.47555246179177,2.47555246179177,2.47555246179177,2.47555246179177,0,0
0,0,0,1.1033097817664,1.55385546409425,2.42061175029638,2.47555246179177,1.72141996141175,0,0,0,0.468124238760818,0.133864974009531,0,0,0.825184153930637,1.65036830786133,2.47555246179177,2.47555246179177,2.47555246179177,2.47555246179177,2.47555246179177,2.47555246179177,0
0,0,0,0,1.5307771293101,1.92435262649626,2.44218315130198,2.47555246179177,2.18648354770771,1.25382055188783,0,0,0,1.38197596387311,0,0,0.825184153930637,1.65036830786111,2.47555246179177,2.47555246179177,2.47555246179177,2.47555246179177,1.29840491417672,0
0,0,0,0,1.14593199827096,1.46338125212642,1.12002325074668,2.04452454567017,2.47555246179177,2.25013879893539,1.37001772187007,0,0,0,0,0,0,0,0.8251841539305,1.65036830786089,2.47555246179177,2.47555246179177,2.47555246179177,0
0,0,0,0,1.0264822592342,1.44339571327766,2.1870819373997,2.47555246179177,2.46104642928158,1.99282444610896,1.07178280688463,0,0,0,0,0,0,0,0.756815273783728,1.92342754826951,2.47555246179177,1.80244031281888,0,0
0,0,0,1.18586307418255,1.520886886234,1.51636117546301,2.25003154486136,2.47555246179177,2.36286494155159,1.91241424749393,1.12464476424168,0,0,0,0,0,0,0,0.825184153930637,1.65036830786111,2.47555246179177,2.47555246179177,0,0
0,0,0,1.59611836431279,1.9561862663802,2.39145921187737,2.47555246179177,2.20892881356227,1.76711997950802,1.15024131633811,0.708432482283861,0.266623648229501,0,0,0,0,0,0,0,0.757435404827182,1.71811705696458,2.47555246179177,0,0
0,0,0,0.688738967399193,0.343990830264823,1.62465911506532,2.22087924576066,2.47555246179177,2.21874924896686,1.7916784999692,1.19445233331271,0.597226166656355,0,0,0,0,0,0,0,1.16513870154382,2.12613950760475,2.47555246179177,0,0
0,0,0,1.4433426756701,2.06690769928505,2.36331964321242,2.47555246179177,2.42458633836462,2.21052891408679,1.83348772365312,1.29357019543904,0.753652667225237,0.0509661234271497,0,0,0,0,0,0,0.572153744968861,1.70212272028712,2.46008980235591,2.47555246179177,1.19642188554673
0,0,1.25898922153883,0.898361464823283,0,1.15420312818793,1.95121602722172,2.39150926041011,2.47555246179177,2.34488498188543,1.85890396021339,1.01807625764316,0,0,0,0,0,0,0,0.689092223608733,1.78646023818304,2.47555246179177,0,0
0,0,0,1.79296928096121,2.38973920590475,2.47555246179177,2.45928084259634,2.27302894604968,1.91690940610396,1.39103474479675,0.695517372398377,0,0,0,0,0,0,0,0.825184153930637,1.65036830786122,2.47555246179177,2.47555246179177,2.47555246179177,2.06126263677252
0,0,0,1.05368997203792,0.775627020189183,0,0,1.51769115966273,2.21274980000845,2.47555246179177,2.0848460004262,1.20514894948738,0,0,0,0,0,0,0.825184153930663,1.65036830786122,2.47555246179177,2.46673541263941,0,0
0,0,0,0,1.46164043735037,1.91937845843507,2.47555246179177,2.36735870873821,1.59656573531182,0,0,0.100109049620517,0,0.825184153930637,1.65036830786122,2.47555246179177,2.47555246179177,2.47555246179177,2.47555246179177,2.47555246179177,2.47555246179177,2.47555246179177,0,0
0,0,0.396277414253066,2.00556140558845,2.47555246179177,2.13504061356327,1.30953153360043,0,0,0,0,0.401486436109961,0,0.602563527533942,1.42774768146439,2.25293183539505,2.47555246179177,2.47555246179177,2.47555246179177,2.47555246179177,2.47555246179177,2.47555246179177,0,0
0,0,0,0,0.9464566943308,1.22162655824338,1.32925253950633,2.04573873337137,2.42769126815295,2.47555246179177,2.18976375556324,1.57076571639423,0.618998039169012,0,0,0,0,0,0.313265797740602,1.441433177022,2.36566911946445,2.47555246179177,1.7732735914817,0.0588587472536481
0,0,0,0.972831738555022,0.935502702032568,0.226958458449946,1.36646471669073,2.17147044685331,2.47555246179177,2.44623544623219,1.9176428816727,1.05674735235503,0.195851823037251,0,0,0,0,0,0,0.817103067906247,1.6422872218368,2.46747137576736,2.47555246179177,1.46535368417011
0,0,0,0,0.408872175235925,0,1.12327814066216,2.1240382392633,2.47555246179177,2.34125377424594,1.88361227910433,1.10305296919551,0,0,0,0,0,0,0,0.961184293910599,1.92236858782109,2.47555246179177,2.21438438339107,0.735793969322384
0,0,0,1.12973144666357,1.07765740681181,0.352714944232126,1.3952866817746,2.1027522246552,2.47555246179177,2.34717950557412,1.88523966673529,1.25668063632288,0.295211183409617,0,0,0,0,0,0.00750602666735167,1.23777623089596,2.46804643512443,2.47555246179177,1.26522766656528,0
0,0,0,0,1.05426071132942,1.8509935846808,2.32461607846972,2.47555246179177,2.46530462973722,2.29397833658885,1.80081196805765,1.14688377755659,0.332299104004133,0,0,0,0,0,0,0.757435496388966,1.92095416756515,2.47555246179177,1.81598031265358,0
0,0,0,1.26364048440898,1.72471749498948,1.86550703812336,2.33025347293116,2.47555246179177,2.30182277673366,1.96873553697697,1.31724623902348,0.665756941071073,0.0142676431186696,0,0,0,0,0,0,0.701341218335387,1.77421124345635,2.47555246179177,2.2502474160897,0.917051888931667
0,0,0,1.24234304882404,1.76829564812917,1.75819167145617,2.29502987160076,2.47555246179177,2.30022700520548,1.9471525739173,1.41644571401741,0.708222857008706,0,0,0,0,0,0,0.825184153930637,1.65036830786111,2.47555246179177,2.47555246179177,0,0
0,0,0,0,0,0.477044074005761,0.280529697979564,1.68160305692186,2.41268615451506,2.47555246179177,2.03841578493782,1.10226679195803,0,0,0,0,0,0,0,0.825184153930637,1.65036830786111,2.47555246179177,0,0
0,0,0,0,0.343624288309715,0,1.17818835782395,2.16797880082261,2.47555246179177,2.10272539058128,1.22078519510413,0,0,0,0,0,0,0,0.894114051105083,1.78822810220995,2.47555246179177,2.13104546364249,0,0
0,0,0.718829885081572,2.10090702934379,2.47555246179177,2.34800165636383,1.88621410665553,1.25747607110354,0.628738035551771,0,0,0.466573681403768,0.133421231036822,0,0,0,0.825184153930637,1.65036830786133,2.47555246179177,2.47555246179177,2.47555246179177,2.47555246179177,2.01131399965359,0
0,0,0,1.95824250347709,2.47555246179177,2.45738093369331,2.12103081587156,1.46692659013048,0.81282236438939,0,0,0,0,0.596177671621471,0,0,0.825184153930637,1.65036830786089,2.47555246179177,2.47555246179177,2.47555246179177,2.47555246179177,2.47555246179177,2.47555246179177
2.05829956871276,0,0,0,0,0,1.59295730839731,2.25480319890058,2.47555246179177,1.62047051660152,0,0,0,0,0,0,0,0.825184153930637,1.65036830786089,2.47555246179177,2.47555246179177,2.47555246179177,2.47555246179177,0
0,0,0,0,0.734203178099102,0.811003436117854,1.88873856844581,2.47555246179177,2.40932679909492,1.52923818162741,0,0,0,0.197045175654836,0,0,0.825184153930637,1.65036830786111,2.47555246179177,2.47555246179177,2.47555246179177,2.47555246179177,2.47555246179177,0
0,0,0,0.87724817360742,0.904825658264924,0.254696142258297,1.61212780750569,2.29588406501876,2.47555246179177,2.15213142959135,1.32661643677406,0,0,0,0,0,0,0.825184153930637,1.65036830786111,2.47555246179177,2.47555246179177,2.47555246179177,2.28176646775479,0
0,0,0,0.981754646412762,0.950607064843768,0.0784434121518245,1.37942910630172,2.17813438536237,2.47555246179177,2.27267360498133,1.73681216089988,0.868406080449942,0,0,0,0,0,0,0.825184153930637,1.65036830786089,2.47555246179177,2.47555246179177,0,0
0,0,0.859126678746943,0,0.00710607989381181,1.04583468252331,1.74363254735439,2.10094970671146,2.45826686606854,2.47555246179177,2.32299042625419,1.66155677002785,0.661433656226343,0,0,0,0,0,0.204206807958379,1.02939096188904,1.8545751158196,2.47555246179177,0,0
0,0,0,0,1.07692261846489,1.13454539049659,0.345838087188912,1.44846799303932,2.21423863345134,2.47555246179177,2.23340535309877,1.48879023630293,0.409746625012157,0,0,0,0,0,0.825184153930637,1.65036830786111,2.47555246179177,2.47555246179177,2.07961799657673,0
0,0,0,1.16998369130402,1.36876680909822,1.08339283752604,1.86911837050342,2.33303016603373,2.47555246179177,2.29710865711521,1.79812131521118,0.979012165355505,0,0,0,0,0,0,0.825184153930637,1.65036830786111,2.47555246179177,2.47555246179177,0,0
0,0,0,1.18126228235869,1.67965863535589,1.83730165506001,2.32635228834352,2.47555246179177,2.45499624559731,2.09526437182939,1.56611300703992,0.867654227924095,0,0,0,0,0,0,0,1.23777623089589,2.47555246179177,0,0.244585366539012,0.48917073307806
0,0,0,1.77323353860664,1.9454303733962,2.47555246179177,2.47555246179177,1.94649016617922,1.06530687891073,0.184123591644207,0,0,0,0.397208226540685,0,0,0.8251841539305,1.65036830786089,2.47555246179177,2.47555246179177,2.47555246179177,2.27171293197986,0,0
0,0,0,1.19088012793181,1.08096067834476,0,1.30763746532835,2.13250044169342,2.47555246179177,2.2359489862157,1.3571257782831,0,0,0,0,0,0,0.825184153930637,1.65036830786111,2.47555246179177,2.47555246179177,2.47555246179177,0,0
0,0,0,0,0,0,0,1.48112636701443,1.91235513218864,2.47555246179177,2.16993127332761,1.34440249909751,0,0,0,0,0,0,0.825184153930637,1.65036830786111,2.47555246179177,2.47555246179177,0,0
0,0,0,0,0.909149324699189,1.00473075879947,0.451405718048054,1.71742373190321,2.3379762831839,2.47555246179177,2.13111141761241,1.30560944618236,0,0,0,0,0,0,0.8251841539305,1.65036830786122,2.47555246179177,2.47555246179177,2.47555246179177,0
0,0,0,1.09389820975352,1.15218026659646,0.350593041112621,1.57176993431425,2.27975091727119,2.47555246179177,2.16018802272941,1.33466804990984,0,0,0,0,0,0,0.825184153930637,1.65036830786089,2.47555246179177,2.47555246179177,2.47555246179177,2.47555246179177,0
0,0,0,1.13137170522972,1.42350508926951,1.21342616256034,1.9675826404875,2.38814481768196,2.47555246179177,2.23024447143923,1.81874297989379,1.07518257739738,0,0,0,0,0,0,0.825184153930637,1.65036830786111,2.47555246179177,2.47555246179177,0,0
0,0,1.09326726028783,0.873569797185443,0,0.839551850745382,1.51623020683074,2.03014281455448,2.47555246179177,2.43395451100175,2.06822054101564,1.54057895716658,0.689442408277167,0,0,0,0,0,0.281916432903346,1.37873444734755,2.47555246179177,0,0,0
0,0,1.84203470568912,2.26590355860869,2.33640715533904,2.47555246179177,2.4383079637617,2.22479058108044,1.65907772389713,0.917442044901501,0,0,0,0.196575399631811,0,0,0,0.825184153930637,1.65036830786111,2.47555246179177,2.47051791389845,2.47555246179177,0,0
0,1.1333073888388,0.970063823760316,0,0.0536083452800212,0.107216690559715,0,0.820226159712819,2.20628922472748,2.47555246179177,1.63320291693938,0,0,0,0,0,0,0.825184153930637,1.65036830786111,2.26883458995716,2.47555246179177,1.44912393996688,0,0
0,0,0.278503916625419,1.49730991284583,2.0462112159419,2.42791405843467,2.47555246179177,2.35632466630398,1.90369596488575,1.11810761533025,0,0,0,0.59388747643333,0,0,0,0.825184153930637,1.65036830786111,2.47555246179177,2.47555246179177,0,0,0
0,0,0.781344005370653,2.0243021105193,2.41915473552449,2.47555246179177,2.36289099709584,1.91244711000431,1.1246680052392,0,0,0,0,0.396603909785029,0,0.8251841539305,1.65036830786089,2.47555246179177,2.47555246179177,2.47555246179177,2.47555246179177,2.47555246179177,0,0
0,0,0.938487774442632,2.02509922075465,2.47555246179177,2.4499954201626,1.94937497871642,1.13257025579179,0,0,0,0.0995108538541573,0,0,0,0.825184153930637,1.65036830786111,2.47555246179177,2.47555246179177,2.47555246179177,2.47555246179177,2.47555246179177,1.86887212980133,0
0,0,1.33998616539924,1.00369159512405,0,0.88016413038052,1.76032826076097,2.30789939744611,2.47555246179177,2.14613039308953,1.32061870919865,0,0,0,0,0,0,0.8251841539305,1.65036830786089,1.65036830786122,2.47555246179177,2.47555246179177,0,0
0,0,0,0.650020864989689,0.487148039327009,1.68897354817841,2.24371320393052,2.47555246179177,2.38491854072355,2.13320797243275,1.72052724409773,1.14698273733403,0.412680728335013,0,0,0,0,0,0.144494794069206,1.31002362793048,2.47555246179177,0,0,0
0,0,0,1.29034537176814,1.71783255859047,2.35418239890837,2.47555246179177,2.25416952965659,2.03278659752141,1.64019688803151,0.905532504244688,0,0,0,0,0,0,0.825184153930637,1.65036830786111,2.47555246179177,2.47555246179177,2.47555246179177,0,0
0,0,0,1.20186083928872,1.0712658307683,2.10453642052047,2.47555246179177,2.35102913741526,1.73195022069371,0.948237549969408,0,0,0,0.392897938358893,0,0,0.825184153930637,1.65036830786133,2.47555246179177,2.47555246179177,2.47555246179177,2.47555246179177,0,0
0,0,0,1.00485768447286,0.802242120576583,1.81064937517277,2.47555246179177,2.45481381404991,1.92103607750655,1.04579831058239,0,0,0,0.195458382554039,0,0,0,0.825184153930637,1.65036830786111,2.47555246179177,2.47555246179177,2.47555246179177,0,0
0,0,0,0,0,0.69644737985371,0.546034395254964,1.84763539718247,2.47555246179177,2.26386567721305,1.38248809881449,0,0,0,0,0,0,0,0.825184153930663,1.65036830786133,2.47555246179177,0,0,0
0,0,0,0,0.988009923000946,0.972253670661031,1.91677812956254,2.36224314189502,2.47555246179177,2.0914519662099,1.21092751079738,0,0,0,0,0,0,0.825184153930637,1.65036830786111,2.47555246179177,2.47555246179177,2.47555246179177,0,0
0,0,0,1.03142104537662,0.759240561510978,0,0.588147804544767,0.852344813721349,1.90634683648061,2.47555246179177,2.39986400178645,1.52046084702156,0,0,0,0,0,0,0,0.28136698902617,1.3784597254089,2.47555246179177,0,0
0,0,0,0,0,0,1.75158264776395,2.2669181780404,2.47555246179177,2.37789034803717,1.97433588471666,1.41798651483128,0.556349369885375,0,0,0,0,0,0,0.618668302720677,1.61008421416787,2.41506342677533,2.47555246179177,1.60824665226002
0,0,0,0.839012226157355,0.778317288357576,0,1.12518209251458,1.892738191116,2.47555246179177,2.34547291591506,1.85965130212454,1.01855627591795,0,0,0,0,0,0,0.825184153930637,1.65036830786111,2.47555246179177,0,0,0
0,0,0,1.58823652359738,2.15487548882601,2.47555246179177,2.45749642438337,2.10115495100284,1.74481347762231,1.21949684953455,0.525316628087219,0,0,0,0,0,0,0.825184153930637,1.65036830786122,2.47555246179177,2.47555246179177,2.47555246179177,0,0
0,0,1.65178417223191,1.58762511418036,2.20204146345994,2.47555246179177,2.40861185139343,2.00167246919427,1.08558202413973,0,0,0.132680770260799,0.0663403851304261,0,0,0.825184153930637,1.65036830786111,2.47555246179177,2.47555246179177,2.47555246179177,2.47555246179177,2.47555246179177,0,0
0,0,1.42488459506812,1.87705830006088,2.16749126120545,2.47555246179177,2.46066993417164,1.96217641705224,1.14181072897102,0,0,0,0,0.79286499068841,0,0,0.825184153930637,1.65036830786111,2.47555246179177,2.47555246179177,2.47555246179177,2.47555246179177,0,0
0,0,1.30057210602729,0.734780223678434,0,0.719739803211954,1.10206759639512,2.12487262946411,2.47555246179177,1.82139921718146,0,0,0,0,1.37462059225409,0,0,0.825184153930445,1.65036830786111,2.47555246179177,2.47555246179177,2.47555246179177,0,0
0,0,0,0,0,0.43271541061183,1.32020443489251,2.05270872596766,2.47555246179177,2.43467610488891,1.93100209037911,1.11930740979269,0,0,0,0,0,0,0.210494341099495,1.03567849503005,1.8608626489606,2.47555246179177,2.47555246179177,1.2499142555906
0,0,1.58952269927168,1.41402477007205,2.0337332742665,2.33433911080225,2.47555246179177,2.29829801144361,2.12104356109534,1.62574350163013,0.97157869741684,0,0,0,0,0,0,0,0.825184153930637,1.65036830786133,2.47555246179177,0,0.354286185238402,0
0,0,0.949209159011594,0,0.607098437471764,1.3308362954644,1.88337663443841,2.43591697341242,2.47555246179177,1.6626319925698,0,1.08990611301528e-13,0,0,1.58288025121921,0,0,0,0.825184153930637,1.65036830786111,2.47555246179177,2.47555246179177,0,0
0,0,0,0.77472048472529,0.65498159751054,0,0.496045856907669,0.281995753725602,1.820081808154,2.47555246179177,2.42703694191185,1.8517554963615,0.92587774818075,0,0,0,0,0,0,1.02980541578674,2.05961083157349,2.47555246179177,1.463978922751,0
0,0,0,0.833191838236422,0.766172437372375,1.93250359776123,2.38270578601506,2.47555246179177,2.21151502717018,1.76921202173614,1.3269090163019,0.884606010867934,0.442303005433967,0,0,0,0,0,0,0,0.701257055289324,1.77429540650245,2.47555246179177,2.06445655129673
0,0,1.77557469802904,1.93221207521292,2.38287302556649,2.47555246179177,2.38941851888479,2.30328457597769,2.03845534969581,1.59504881884236,1.15164228798901,0.708235757135498,0.264829226281878,0,0,0,0,0,0,0,0.386693288467309,1.52519437762686,2.47555246179177,0
0,0,0,1.26088219844203,1.80547013409481,2.17128115263393,2.41268690095394,2.47555246179177,2.35999602367555,2.06613565781731,1.77227529195874,1.30022895240702,0.650114476203511,0,0,0,0,0,0,0.14906648320882,1.04979662289982,2.13876050190956,2.47555246179177,1.31408226694452
0,0,0.815857128214067,0,0,0,2.36129178492087,2.47555246179177,2.43912721446263,2.2521157597273,1.76423064489357,1.27634553006049,0.638172765030246,0,0,0,0,0,0,0,0.758733442757628,1.91576859416305,2.47555246179177,2.04259583004798
0,0,0,0,0,0,2.46011034079062,2.47555246179177,2.16988938136042,1.86422630092906,1.39816972569631,0.932113150464204,0.466056575232102,0,0,0,0,0,0,0.0613781199011758,0.866061094146803,1.85688351328592,2.47555246179177,2.16602813980002
0.377870472689713,0,1.33933148850766,1.05417045533805,0.409326293154657,1.23987702679617,1.89088376181319,2.36246531190321,2.47555246179177,2.40957016107572,2.16463675279133,1.5621556895275,0.781077844763748,0,0,0,0,0,0,0.0068306202910008,1.13313882991042,2.44646798097287,2.47555246179177,1.38850756651303
0,0,1.69263060146226,1.76342307633758,1.65460816042831,2.22704743601857,2.44086612957047,2.47555246179177,2.33122489558463,2.00800177637808,1.50600133228389,1.00400088818926,0.502000444094629,0,0,0,0,0,0,0.513723674600501,1.5881520013862,2.47555246179177,2.42970640750511,0.897196788855682
0,0,1.02165652985309,0.600721395955148,0,1.12266164736794,1.88658335238139,2.29223959518969,2.47555246179177,2.30154600681008,1.9490568239627,1.41820271283234,0.709101356416168,0,0,0,0,0,0,0.861816765713504,2.47555246179177,1.10204328329314,0,0
0,0,0,1.02629907071807,1.33278821489869,2.08340731025611,2.47555246179177,2.33087716040647,2.18620185902117,1.86282339168689,1.18239336427726,0.501963336867729,0,0,0,0,0,0,0.825184153930637,1.65036830786111,2.47555246179177,0,0.277541490226321,0
0,0,0,1.5797860604065,2.09396168843699,2.47555246179177,2.32736063895667,1.65044674745454,0.973532855952943,0.472742014253001,0.148191822833572,0,0,0,0,0,0,0.825184153930637,1.65036830786111,2.47555246179177,2.47555246179177,2.47555246179177,0,0
0,0,0.516997027751584,1.55755822284839,1.78705678258423,2.01655534232008,2.24605390205593,2.47555246179177,2.3813869472747,1.96399089362547,1.06256000610927,0,0,0,0,0,0,0.825184153930637,1.65036830786122,2.47555246179177,2.2720124287711,2.47555246179177,1.64585336521003,0
0,0,0,1.03562194431329,1.23502061796448,0.934023608629862,1.89099834358966,2.34924245116924,2.47555246179177,2.10478860379078,1.40319240252668,0.701596201263341,0,0,0,0,0,0.825184153930637,1.65036830786122,2.47555246179177,2.47555246179177,2.47555246179177,0,0
0,0,0,1.23443406651582,1.94751346046261,2.31360114599458,2.47555246179177,2.29143391463371,1.93445282288244,1.4047239585193,0.702361979259651,0,0,0,0,0,0,0.825184153930637,1.65036830786133,2.47555246179177,2.47555246179177,2.47555246179177,0,0
0,0,1.15165787956701,0.748007774785873,0,0.900653902789597,1.28631670256655,1.15801486494163,1.98759386771774,2.47555246179177,2.45192960329881,1.91774158575261,1.04373990849032,0,0,0,0,0,0,0.893253089916752,1.78650617983343,2.47555246179177,0,0
0,0,0.747341338584169,0,0.031052446404231,1.01372869754213,1.66699578906448,1.99128926333647,2.31558273760847,2.47555246179177,2.30720026441834,1.81095953403552,0.987262801641733,0,0,0,0,0,0,0.0612210504477758,1.05204358786476,2.04286612528174,2.47555246179177,1.98051133380606
0.00757022769115076,0,0,0.719354079339498,0.718719646710984,0,1.28597409554993,1.85717563603474,2.24997849520205,2.47555246179177,2.34515087226112,1.85924207270465,1.01829348554216,0,0,0,0,0,0,0.570229441346344,1.71420337225409,2.47555246179177,2.28258544281749,0.758941005898266
0,0,1.30604611222822,1.50111162263899,1.14233665208369,2.01600721139816,2.33766136606844,2.47555246179177,2.42980150367329,2.20052937733879,1.7878568490892,1.19190456605947,0.595952283029735,0,0,0,0,0,0,0.961552200208835,1.92310440041756,2.47555246179177,2.21145006014107,0
0,0,0,0,0,1.94177538389524,2.4331352404787,2.47555246179177,2.21916810821559,1.66437608116175,1.10958405410791,0.554792027053953,0,0,0,0,0,0,0.825184153930637,1.65036830786111,2.47555246179177,2.47555246179177,2.47555246179177,1.45002592285177
0,0,0,0,0,2.47555246179177,2.20894675644454,1.9423410510972,1.52340721465965,1.10447337822233,0.685539541784778,0.266605705347231,0,0,0,0,0,0.825184153930637,1.65036830786122,2.47555246179177,2.47555246179177,2.47555246179177,0,0
0,0,1.85600491531618,2.47555246179177,2.40954115979274,2.34352985779337,2.27751855579433,2.04040392837735,1.80328930096037,1.39518567318216,0.816207255555545,0.408103627777772,0,0,0,0,0,0.825184153930637,1.65036830786111,1.85894049840151,2.47555246179177,0,0,0
0,0,0.962436674431637,0,0,0,0,0.679775263729273,2.3493823732587,2.47555246179177,1.5779105652561,0,1.08990611301528e-13,0,0,0,0,0.825184153930637,1.65036830786111,2.47555246179177,0,0.179865807574665,0,0
0,1.0922737562479,2.47555246179177,2.46961107180448,2.11752610529715,1.76544113878982,1.58637006301586,1.58042867302867,1.57448728304149,1.39541620726796,0.870433028946287,0,0,0,0,0,0.825184153930637,1.65036830786111,2.47555246179177,2.47555246179177,2.47555246179177,0,0,0
0,0,1.15216571964993,0,0.495086947523609,0.990173895047219,1.66145141896183,2.15653836648544,2.47555246179177,2.47086583521437,1.93936969099467,1.05725249139725,0,0,0,0,0.825184153930637,1.65036830786111,2.47555246179177,2.47555246179177,2.47555246179177,2.47555246179177,1.44723278821064,0
0,0,0.631088739337149,0,0,0,0,0.92147823092356,1.67599670007135,2.26366681504366,2.47555246179177,2.02248742809539,1.23761061629213,0.28699341982308,0,0,0,0,0.825184153930637,1.65036830786111,2.47555246179177,2.47555246179177,1.85617170375612,0
0,0,0,0.801116925576664,0.743156035304744,0,0,1.22306629872762,1.76640391074654,2.45881401569839,2.47555246179177,1.98671320801533,1.161380505519,0,0,0,0,0,0.825184153930637,1.65036830786133,2.06169789655667,2.47555246179177,1.8635262287923,0
0,0,0,0,0,0,1.71461505200988,2.24633482999443,2.47555246179177,2.25176606783089,1.72647529861182,1.20118452939294,0.675893760173912,0,0,0,0,0,0.825184153930663,1.65036830786122,2.47555246179177,0,0,0
0,0,1.93843019611507,2.47555246179177,2.29955203208962,1.94556754118128,1.41371739732703,1.05973290641911,1.06183506446378,0.885834634762446,0.531850143854177,0,0,0,1.38549815070327,0,0,0.825184153930637,1.65036830786111,2.47555246179177,2.47555246179177,2.47555246179177,0,0
0,0,0,0.796768335892195,0.56873130000269,0,1.21497678547415,2.09038826361217,2.4572952737909,2.47555246179177,1.98732120334471,1.16198867465528,0,0,0,0,0,0.825184153930663,1.65036830786122,2.47555246179177,2.47555246179177,2.47555246179177,1.84109986170506,0
0,0,0.888829267765015,0,0,0,1.91120376759338,2.35559035702965,2.47555246179177,2.43346259832944,2.06758881912793,1.53998288182145,0.850751179423639,0,0,0,0,0,0.40786287367832,1.23304702760887,2.05823118153943,2.47555246179177,0,0
0,0,0.741089801994698,0,0,0,1.50993744955382,2.02773622077796,2.39851717927202,2.47555246179177,2.25922803269086,1.74992909612007,0.948040098024455,0,0,0,0,0,0,0.810805607696224,1.63598976162689,2.46117391555733,2.47555246179177,1.27778980529007
0,0,0,0,0,0,2.43947056841287,2.47555246179177,2.35310742989528,2.23066239799838,2.10821736610182,1.66903092608584,0.913518984090587,0,0,0,0,0,0,0.825184153930554,1.65036830786122,2.47555246179177,2.47555246179177,0.859402658929676
0,0,0.660697174863735,0.420281775643509,0,0,0,2.37092413835454,2.47555246179177,2.43718465220168,2.11310650179051,1.64631395836872,0.894373721597796,0,0,0,0,0,0,0.392112120952826,1.21729627488283,2.0424804288135,2.46171766477744,2.47555246179177
1.68021144210949,0,0,0,0,0,0,0,2.47555246179177,2.02759711270472,1.44285947541855,0.721429737709276,0,0,0,0,0,0,0,0,0.636064857194487,1.65041112005464,2.47555246179177,2.35659313459471
0.733710820268215,0,0.727624353143067,0,0,0,0,1.4118000907738,2.29515674557485,2.47555246179177,2.05832493808053,1.11648291665755,0,0,0,0,0,0.8251841539305,1.65036830786122,2.47555246179177,2.47555246179177,2.47555246179177,2.47555246179177,0
0,0,0.992902548240882,0.583811441609016,0,0.55616438777991,1.11232877555982,1.31963768820339,2.41808444661547,2.47555246179177,1.49620387594088,0,0,0,0.79361245565998,0,0.825184153930637,1.65036830786133,2.47555246179177,2.47555246179177,2.47555246179177,1.6475493606462,0,0
0,0,0.812294181760967,0,0,0,2.47555246179177,2.35159564800979,1.91822388821428,1.33029924551101,0.587924642703045,0,0,0,0,0,0,0.8251841539305,1.65036830786089,2.47555246179177,2.47555246179177,2.47555246179177,1.66321260675133,0
0,0,0.787453520887293,0.393726760443646,0,0.478764528299506,0.789349227750708,1.96758509598058,2.47555246179177,2.31502553272378,1.82091458408745,0.993660532472691,0,0,0,0,0,0.825184153930637,1.65036830786111,2.47555246179177,2.47555246179177,2.47555246179177,2.47555246179177,0
0,0,0.689114362818276,0,0,0,1.43133136619848,2.02972556120383,2.47555246179177,2.46428445489962,1.99682989333431,1.22575426620466,0,0,0,0,0,0,0.825184153930445,1.65036830786122,2.47555246179177,2.2762441139675,0.444946224302608,0
0,0,0.488449666638095,0,0,0,0,2.47555246179177,2.03874370444482,1.45613233499879,0.873520965552931,0.29090959610707,0,0,0,0,0,0,0,0.0591575149684771,1.13625635775646,2.21335520054456,2.47555246179177,1.11451552644849
0,0,0,0,0,0,0,2.47555246179177,2.39655310901142,2.17867924813323,1.68333107291931,0.910874249163948,0,0,0,0,0,0,0,0.488431804998112,1.78523133821349,2.47555246179177,2.35912487153762,1.23728540866157
0,0.892330586128718,0,0,0,0,0,2.33777747059721,2.47555246179177,2.46927864995489,2.17519198122191,1.59367149613926,0.868576009170589,0,0,0,0,0,0,0,0.012472227887,1.24401234483931,2.47555246179177,1.1516202352467
0,0,0,0,0,0,0,0,1.91129259476846,2.33225710687914,2.47555246179177,2.20303018571602,1.3773613380994,0,0,0,0,0,0,0,0,0.416223826146912,1.43993059215656,2.4636373581662
2.47555246179177,0,0.688677499882503,0,0,0,0,0.655620824216213,1.83752957867539,2.39148363022395,2.47555246179177,2.0906594454153,1.39363683833235,0.384893016376472,0,0,0,0,0,0,0.825184153930663,1.65036830786122,2.47555246179177,0
0,0,0.557975038044165,0,0,0,0,2.47555246179177,2.32320275441394,2.02790241408339,1.58974585131553,0.866159701350739,0,0,0,0,0,0,0.963043948279393,1.92608789655879,2.47555246179177,1.99353851927447,0.278387366178563,0
0,1.35157473658372,2.44206926866714,2.47555246179177,2.33327716360062,2.36676035672536,2.40024354985009,2.25796825165894,2.1156929534679,1.97341765527677,1.65550071567841,1.33758377607995,0.844141928493187,0,0,0,0,0,0.825184153930637,1.65036830786111,2.47555246179177,2.47555246179177,1.6559774597923,0
0,0,0.821905565151264,0,0,0,1.90109723741112,2.26098934385403,2.47555246179177,2.39974697993415,1.88911060234344,1.08906718058731,0,0,0,0,0,0,0.618255580987,1.44343973491788,2.26862388884844,2.47555246179177,1.86010345848283,0.0152763761033723
0,0,0,0,0,0,0,2.47555246179177,2.06370332393497,1.51376703340666,0.825835364488269,0,0,0,0,0,0,0,0.825184153930637,1.65036830786118,2.47555246179177,0,0,0
0,1.7282863136484,2.47555246179177,2.34971820010904,1.87546077122211,1.22716636155593,0.927062276415997,0.975614434797685,1.198669726903,1.42172501901005,1.47027717739196,0.996019748504702,0,0,0,0,0,1.23777623089589,2.47555246179177,2.28194822638642,1.27344956973948,0,0,0
0,0,0,0,0,0,0,1.91828212214928,2.34082706993088,2.47555246179177,2.17926205645414,1.59610237749456,0.8696501569813,0,0,0,0,0,0,0.825184153930881,1.65036830786133,2.47555246179177,2.47555246179177,0
0,0,0.57299746368601,0.286498731842951,0,0.0569580298300362,0.823282704800544,1.41804951789315,2.01281633098576,2.47555246179177,2.42463564082361,2.03184910155926,1.46829704183258,0.904744982104807,0,0,0,0,0,0.825184153930637,1.65036830786111,2.47555246179177,0,0
0,0,0.914128018410662,0.913114666334534,0,0.727784028804923,0.911207113629221,0.551350666814491,1.78401474028545,2.47555246179177,2.26759312034455,1.5213584780538,0.954430631613421,0.566927846439397,0,0,0,0,0,0.892615532682793,1.98793246728967,2.47555246179177,0,0
0,1.33200704893192,1.02800038615111,0,0.480079536691808,0.419847081201317,0,0,2.47555246179177,2.33868240288271,2.03306994342633,1.8961998845177,1.59058742506066,1.11634353315032,0.136870058908629,0,0,0,0,0,0.632682797162565,1.65041115815111,2.47555246179177,0
0,0,0.780486101298416,0.659864314889158,0,0,0,0,2.47555246179177,2.36501818816003,1.97962000153008,1.45692449539386,0.79702131054078,0,0,0,0,0,0,0,0.720053608253864,1.64284595242112,2.36289956067498,2.47555246179177
1.3770614249686,0,0,0,0,0,0,0,2.40244912262846,2.47555246179177,2.27149552478858,1.79064236415714,1.03335631562714,0,0,0,0,0,0,0,0.825138150192108,1.85462107296849,2.47555246179177,2.07751532669427
0,0,0.491088481749849,0,0,0,0,0,1.51075294350604,2.33827516984908,2.47555246179177,1.92484326894017,0.962421634470103,0,0,0,0,0,0,0.117477958976283,1.03731896216837,1.95715996536046,2.47555246179177,2.19264878797276
0.512590718983032,0,0.392255794869368,0,0,0,0,0,1.74913045103872,2.38740620546348,2.47555246179177,2.15204351177571,1.28091234341485,0,0,0,0,0,0,0,0.935748255772915,2.47555246179177,2.24967425983712,1.42130273075037
0,0,0,0,0,0,0,0,0.407699501758953,2.47555246179177,2.09799541114093,1.44459292480593,0.653402486335109,0,0,0,0,0,0,0.113590883047603,1.03581964561118,1.9580484081749,2.47555246179177,1.98361014896987
0,0,0,0,0,0,0,0,0,2.47555246179177,2.16387933123766,1.71553713073594,0.994125007518155,0,0,0,0,0,0,0.825184153930637,1.65036830786111,2.47555246179177,2.47555246179177,2.28313776643427
0.469666953583446,0,0,0,0,0,0,0,2.47555246179177,2.13012633335321,1.51117069704431,0.755585348522154,0,0,0,0,0,0.825184153930637,1.65036830786111,2.47555246179177,2.47555246179177,2.47555246179177,2.47555246179177,1.25930903467745
0,0,0,0,0,0,0,0,2.18020312233204,2.47555246179177,1.96340319747501,1.04870456865466,0,0,0,0,0,0,0.825184153930637,1.65036830786111,2.47555246179177,2.47555246179177,2.47555246179177,0.0226171350020333
0,0,0.583965699081484,0,0,0,0,0,0,2.44118929163909,2.47555246179177,1.9665469892293,1.05094994963468,0,0,0,0,0,0,0.266463349811422,1.13696816531954,2.20908911198035,2.47555246179177,1.33727557460466
0,0.982655492371906,0,0,0,0,0,0,0,2.16490028154096,2.47555246179177,2.37632062092084,1.4597268839271,0,0,0,0,0,0,0,0.825184153930637,1.65036830786118,2.47555246179177,0
0,0,0.488011017484893,0,0,0,0,0,0,2.47555246179177,1.99288151619121,1.37397119222667,0.755060868262236,0,0,0,0,0,0,0.892390963220852,1.78478192644173,2.47555246179177,2.36118350793574,0.642950438162084
0,0,0.340531447779616,0.291829499358373,0.243127550937034,0,0,0,2.47555246179177,1.92548245807752,1.37541245436328,0.96274122903868,0.550070003714248,0,0,0,0,0,0,0.959552717730831,2.12106242715504,2.47555246179177,2.02517324138085,0
0.691248799667292,0,0,0,0,0,0,0,2.47555246179177,2.1466213915227,1.67917705655853,1.21173272159424,0.605866360797119,0,0,0,0,0,0,0.825184153930637,1.65036830786111,2.47555246179177,2.47555246179177,0.0226036381855407
0,0,0.588035527740869,0.391879915586792,0,0,0,0,2.47555246179177,2.34604109570347,2.07577928377818,1.52429462609262,0.832337385455324,0,0,0,0,0,0.366761813404666,1.54027423026247,2.31014218428716,2.47555246179177,2.23866206504373,1.19877616211367
0,0,0.589619418931218,0,0,0,0,0,0,2.47555246179177,2.12732703736966,1.50837250766581,0.754186253832906,0,0,0,0,0,0,0,0.825004554293513,2.05374160938196,2.47555246179177,1.89172923835816
0,0.78943644476983,0,0,0,0,0,0,2.47555246179177,1.78682030883475,1.23633734345767,0.685854378080429,0.273711575309648,0,0,0,0,0,0.164072435124342,0.873851174218402,1.76577372269733,2.47555246179177,2.09025169239248,1.34199372795527
2.00080312369484,1.57649686527497,0.612242282206106,0.348206898956737,0.0841715157071497,0,0.275912941399407,0.551825882798815,1.00795964966805,1.46409341653729,1.74000635793669,1.83581757782103,1.57178219457231,2.47555246179177,1.77118451922126,0,0,0,0,0,0.958327951426899,1.91665590285402,2.47555246179177,2.43629413465673
1.20428497731065,0,0.390573712606141,0,0,0,0,0,0,2.47555246179177,2.09485919285674,1.57796573729971,0.924960990577522,0,0,0,0,0,0,0,0.8251841539305,1.65036830786089,2.47555246179177,1.49521837292908
0,0.69015307744131,0,0,0,0,0,0,2.47555246179177,2.02756067929462,1.44281594054338,0.721407970271688,0,0,0,0,0,0,0,0.825184153930637,1.65036830786111,2.47555246179177,0,0
0,0,0.486584281758702,0,0,0,0,0,2.47555246179177,2.26340429009977,2.05125611840769,1.55597764849528,0.919274087698766,0,0,0,0,0.825184153930637,1.65036830786111,2.47555246179177,2.47555246179177,2.47555246179177,1.6559774597923,0
0,0,0.492142810742405,0,0,0,0,2.47555246179177,2.40507346906668,2.17659151498708,1.79021126230636,1.24603726981718,0.544173992489176,0,0,0,0,0.825184153930663,1.65036830786122,2.47555246179177,2.47555246179177,2.47555246179177,2.47555246179177,0
0,0,0.785418664182163,0.664030367777762,0,0,0,2.17244299316985,2.47555246179177,2.35062207862797,1.94080093902432,1.38867488705124,0.694337443525619,0,0,0,0,0,0.092191984556198,0.990328434029709,1.88846488350363,2.38336047723566,2.47555246179177,1.36284638284317
0,0.691079958171698,0,0,0,0,0,0.650385752723282,1.60004022115202,2.25697577661098,2.47555246179177,2.40236846654632,1.89225942128452,1.09134323058417,0,0,0,0,0,0.460789811232161,1.46817113651193,2.47555246179177,2.39083552502308,1.20904500407343
2.47555246179177,1.94812264231589,0.884805317795947,0,0,0,0,0.18907154467496,0.56733872612199,1.1349257586449,0.756824768068776,0.568167965239591,0.379511162410406,0,0,0,0,0.225717570064379,1.05090172399488,1.87608587792576,2.47555246179177,2.47555246179177,0,0
0,0.763751571304836,0.628762871760364,0.314381435880182,0,0,0,2.47555246179177,2.18185784813951,1.88816323448725,1.45177288464294,1.01538253479852,0.578992184954211,0,0,0,0,0,0.8251841539299,1.65036830786045,2.47555246179166,2.47555246179177,2.47555246179177,0
0,0,0.488871381783017,0,0,0,0,0,2.47555246179177,2.43540818002244,2.11066456808914,1.64376165937585,0.892820432463493,0,0,0,0,0.825184153930637,1.65036830786111,2.47555246179177,2.47555246179177,2.47555246179177,2.47555246179177,0
0,0,0.478820540601771,0,0,0,0,0,2.47555246179177,2.1198682789465,1.62473943424631,0.990257689400387,0.495128844700194,0,0,0,0,0,0,0,0.757342850292347,1.71820961149939,2.47555246179177,2.21732859782449
0,0,0,0,0,0,0,0,1.6163215829352,2.25966417773093,2.47555246179177,2.12280660798133,1.20291262097904,0,0,0,0,0,0.825184153930637,1.65036830786111,2.47555246179177,2.47555246179177,2.47555246179177,1.05667642028439
0,0,0,0,0,0,0,0,1.90937812525512,2.47027927187857,2.47555246179177,2.06505570556113,1.23960150936953,0,0,0,0,0,0,0,0.265583385109441,1.13671626574443,2.20996907668233,2.47555246179177
0.531134567469329,0,0,0,0,0,0,0,1.23865266070041,2.20205312539622,2.47555246179177,2.19875351475525,1.37309249548418,0,0,0,0,0,0,0,0.759103335183309,1.71644912660846,2.47555246179177,2.24541524188944
0,0.776464933651701,0.77578485561196,0,0,0,0,0,2.47555246179177,2.14860479114335,1.96223443114525,1.77586407114742,1.30843063305615,0,0,0,0,0,0.825184153930637,1.65036830786122,2.47555246179177,2.47555246179177,2.47555246179177,0
0,0.748582631834221,0.56107882321614,0,0.186563027978416,0.186522257343177,0,2.47555246179177,1.74468754830839,1.01382263482502,0.619702422556485,0.225582210287736,0,0,0.168980972383998,0,0,0,0.825184153930637,1.65036830786111,2.47555246179177,2.47555246179177,0,0
1.20053654821205,0.959287334730539,0,0.447325094106165,0.536577813155398,0.446971358318485,0,2.37035662991516,2.47555246179177,2.42258713345977,2.05361120625061,1.52678563565005,0.842214056096044,0,0,0,0,0,0.825184153930637,1.65036830786133,2.47555246179177,2.47555246179177,2.47555246179177,1.86807422798603
0,0.542462166831491,0,0,0,0,0,2.47555246179177,2.34786030596941,2.07764020772715,1.66498577293845,1.10999051529237,0.554995257646185,0,0,0,0,0,0.8251841539305,1.65036830786089,2.47555246179177,2.47555246179177,2.47555246179177,0
0,0,0,0.453814515767872,0,0,0,2.47555246179177,2.42081501124643,2.01732674319398,1.61383847514208,1.03614675049374,0.632658482441634,0.229170214389799,0,0,0,0,0,0,0.75662931734809,1.92416910914417,2.47555246179177,0
0,0,0,0,0,0,0,2.18483835581413,2.40312253679749,2.47555246179177,2.25656257336991,1.74653716843406,0.945859784225702,0,0,0,0,0,0,0.825184153930637,1.65036830786111,2.47555246179177,2.47555246179177,1.86450117789498
0,0,0,0,0,0,0,2.47555246179177,2.25385040543749,1.88894540229272,1.52404039914796,1.01602693276538,0.50801346638269,0,0,0,0,0,0,0.737432156155431,2.41807084582855,2.47555246179177,1.21818645252989,0
0,0,0.832654768990225,0.76083683404894,1.97794406147825,2.47555246179177,2.43478906967763,2.03570571769588,1.81572296762791,1.59574021755995,1.5549768254458,1.33499407537805,0.756928759524767,0,0,0,0,0.203451320225404,1.02863547415585,1.85381962808673,2.47555246179177,2.47555246179177,0,0
0,0.745320955095825,0.630132803379325,0,0.51325180054265,0.512914165735666,0,0.720103839128334,1.44020767825656,1.98967724587268,2.47555246179177,2.28090467153409,1.74666446477012,1.04279493778246,0,0,0,0,0,0,0.763574801419265,1.71197766037254,2.47555246179177,2.13274713390044
0,1.07762032328514,0.897005955146311,0,0.913584929950274,0.936081997242404,0.602961356872998,1.87658768720496,2.44130360070819,2.47555246179177,1.98037294989194,1.13281672794405,0.637637216043786,0.318818608021893,0,0,0,0,0,0.735065598790391,2.47555246179177,0,0,0
0,1.02103667610171,0.780110947182003,0.179689081793997,0,0,0,1.06227790655668,1.94510232903281,2.46937254315064,2.47555246179177,2.12435038539917,1.41623359026568,0.708116795132839,0,0,0,0,0,0.8251841539305,1.65036830786111,2.47555246179177,0.364153504024297,0
1.36764508413702,1.12818919456552,0,0.177241863736788,0.177203130106436,0,0.996280314120128,1.63904341624304,2.10522141617073,2.21857565198883,2.43512591190968,2.47555246179177,2.16407667533287,1.50115791341736,0.487254638063276,0,0,0,0,0,0.861571271477435,2.47555246179177,0,0
0,0.705371027305989,0.596358050324818,0,1.29055721130238,2.09536862867904,2.41539004395204,2.47555246179177,2.37464715650568,2.43480957434618,2.33390426906009,1.75042820179507,1.16695213453004,0.583476067265022,0,0,0,0,0,0,0.825184153930637,1.65036830786111,2.47555246179177,2.47555246179177
0,0,0,0,0,0,0,0,2.47555246179177,1.85666434634367,1.23777623089556,0.61888811544778,0,0,0,0,0,0,0,0,0.229425266729547,1.45193141218832,2.47555246179177,1.51770288700434
0,0,0,0,0.8148742729356,0.68893808556035,0,2.47555246179177,2.42843960528951,2.21249929708202,1.99655898887454,1.61190199803461,0.890143513375406,0,0,0,0,0,0.825184153930637,1.65036830786111,2.47555246179177,2.47555246179177,2.47555246179177,0
0,0,0.778264705972956,0.837309373175341,0,0,0,0,2.47555246179177,2.06475073082449,1.6539489998571,1.24314726888981,0.832345537922477,0,0,0,0,0,0,0.367170065695696,1.33830181665489,2.30943356761407,2.47555246179177,1.03809159436537
0,0.487827881825396,0,0,0,0,0,0,1.66011865501895,2.34263730555834,2.47555246179177,2.06029525341268,1.23484459107474,0,0,0,0,0,0,0,0.825184153930637,1.65036830786111,2.47555246179177,2.47555246179177
0,0,0,0,0,0,0,0,0,2.47555246179177,1.78382229518967,0.958609147906174,0,0,0,0,0,0,0,0.825184153930663,1.65036830786122,2.47555246179177,2.47555246179177,1.08365086930559
0,0,0.292868734974115,0,0,0,0,0,0,2.47555246179177,1.60574826647927,0.735944071166765,0,0,0,0,0,0,0,0.48311031260484,0.966220625209571,1.65036830786133,2.47555246179177,0
0,0,0,0,0,0,0,0,0,2.47555246179177,1.56069093295903,0.780345466479513,0,0,0,0,0,0,0,0.372395166227294,1.19757932015785,2.0227634740884,2.47555246179177,1.87944550396763
0,0,0,0,0,0,0,0,0,2.47555246179177,1.60633719363091,0.737121925470102,0,0,0,0,0,0,0,0,0.757555469010881,1.71799699278089,2.47555246179177,1.61490949527807
0,0.590091776879537,0,0,0,0,0,0,2.47555246179177,2.31705839394133,1.87794329231183,1.29865571682504,0.71936814133825,0,0,0,0,0,0,0.825184153930637,1.65036830786122,2.47555246179177,2.47555246179177,0.660309715519334
0,0,0.481177494438822,0,0,0,0,0,2.47555246179177,2.45469058897163,2.15460613547366,1.57566502157291,0.857432572864055,0,0,0,0,0,0,0.8251841539305,1.65036830786089,2.47555246179177,2.47555246179177,0
0,0.930626448553461,0.743835870769857,0,0.431175809801592,0.307878197063499,0,2.47555246179177,2.28433009863685,2.25939530356913,2.06817294041312,1.54470436757265,0.855276936326654,0,0,0,0,0,0.612827300929794,1.43801145486035,2.2631956087909,2.47555246179177,1.66928512100937,0
1.33616897510063,1.212848493029,0,0.0979591428539939,0.195918285707988,0.837014883201243,1.29694545722071,0,1.09470309345032,1.38186138870441,2.47555246179177,2.44762385545433,1.46242183716631,0,0,0,0,0,0,0.603654087215261,1.42883824114582,2.25402239507604,2.47555246179177,0
0,0.298917053994588,0.239063071714318,0,0.312999936520529,0.44702559804601,0.402194218766991,0,1.7185155094351,2.31011044674373,2.47555246179177,2.21567570982332,1.39000061570177,0,0,0,0,0,0,0.825184153930637,1.65036830786111,2.47555246179177,2.47555246179177,1.48108941077898
0,0.49684918039477,0.248424590197439,0,0,0,0,0,2.47555246179177,2.0351848839143,1.45796001983451,0.880735155754937,0.440367577877468,0,0,0,0,0,0,0,0,1.0922009170336,2.18440183406731,2.47555246179177
0,0.488756093461336,0,0,0,0,0,0,0,2.47555246179177,1.85664236788712,1.10237672694627,0.483466633041623,0,0,0,0,0,0,0,0.499827057788721,2.47555246179177,1.60673873884748,0.186011475762844
0,0,0,0,0.741550029291194,0.775949310370107,1.97748967296346,2.47555246179177,2.44720568253801,2.24361676178246,1.86489937215205,1.48618198252163,1.10746459289144,0.55373229644572,0,0,0,0,0,0.825184153930637,1.65036830786111,2.47555246179177,0,0
0,0.62731071243861,0.399044831054302,0,1.15781509642336,1.80396410032585,2.10956024263912,2.07504879559578,2.36024417389609,2.47555246179177,2.42108465025005,2.19695162150344,1.80326414919395,1.0707996770247,0,0,0,0,0,0.825184153930637,1.65036830786111,2.47555246179177,0,0
0,0.977531799592333,0.918931670029521,0,1.10351782885881,1.52214330375978,1.42827369957218,1.81788290893986,2.03710609322383,2.2563292775078,2.47555246179177,2.35433689345214,1.72329481169489,1.09225272993807,0.461210648181255,0,0,0,0,0.800277132971921,1.60055426594406,2.21935234051328,2.47555246179177,2.00799399931094
2.33827734091241,2.47555246179177,2.25662248880896,1.85976507836731,1.10740243843908,0,0.270108786369225,0.540217572738885,1.00517163311638,1.66509859773281,2.13005265811032,2.40016144447974,2.47555246179177,2.20351062524244,2.47555246179177,1.77908257967199,0.503020308095915,0,0,0.042432026189219,1.06292938547687,2.47555246179177,0,0
0.897482281519353,0,0,0.522017936033489,0.719907358553558,0.109318765722584,1.48693623150481,2.221749661148,2.47555246179177,2.40920018485403,2.34284790791628,1.79703901574584,1.09161778434045,0.545808892170225,0,0,0,0,0,0.825184153930637,1.65036830786122,2.47555246179177,2.47555246179177,2.47555246179177
0,0,0,0,0,0,0,0,0,2.47555246179177,1.99009119842431,1.50462993505684,0.75231496752842,0,0,0,0,0,0,0.599070802014666,1.42425495594522,2.24943910987599,2.47555246179177,1.30843771041945
0,0.25835963303544,0.129179816517665,0,0,0,0,0,0,2.47555246179177,2.22561258090153,1.70716489836883,0.920557303591312,0,0,0,0,0,0,0.218487429168094,1.16472292749598,2.47555246179177,0,0.621915088025421
2.47555246179177,2.03247130624935,1.23777623089534,0.443081155541982,0,0,0,0.192764312272076,0,0.193898240040676,0.387796480081242,0.29084736006134,0.193898240041329,0.0969491200206647,0,0,0,0.230822291060921,1.05600644499127,1.88119059892215,2.47555246179177,0,2.47555246179177,2.21198206179757
1.79935736484854,1.23777623089589,0.676195096943346,0.2635703999942,0,0,0.94884241033274,1.89768482066548,2.47555246179177,2.31293096200013,1.77466421263854,2.47555246179177,2.25957820057347,1.31226613589457,0,0.825184153930637,1.65036830786127,2.04247323880162,1.65036830786045,1.25826337692082,1.65036830786122,2.47555246179177,0,0
0.960502316128337,0.799532933042884,0,0.643045785259781,1.12691421457343,1.29273598959617,1.88414422569397,2.47555246179177,1.50914712067635,0.860090116173925,0.68782531216589,0.833936267865014,0.980047223564274,0.807782419556787,0,0,0,0,0.825184153930637,1.65036830786089,2.47555246179177,2.47555246179177,2.47555246179177,0.102164781745054
2.13099303165881,2.47555246179177,2.14946242365302,1.48869955264897,0.660762871004157,0,0,0,0.335978329604224,0,0.169465444646556,1.01439292009008,0.167699116209364,0,0.342712497429353,0,0,0,0.114589031052452,0.825184153930663,1.65036830786122,2.47555246179177,2.47555246179177,0
0,0.894148095581402,0.829478126072332,0,0.633662851909073,0.696510934308075,0,0,2.25182656067092,2.47555246179177,2.39243283598741,1.84978698213793,1.00128390191662,0,0,0,0,0,0,0.825184153930663,1.65036830786122,2.47555246179177,2.47555246179177,0
0,0,0,0.53256235832845,0,0,0,0,0,2.47555246179177,1.69332963259847,1.04174090883022,0.520870454415081,0,0,0,0,0,0,0.0723479066465842,0.939782339673905,1.8072167727011,2.47555246179177,0
0,0,0,0,0,0,0,0,0,2.47555246179177,1.88949255252066,1.30343264324966,0.717372733978557,0,0,0,0,0,0,0.463106205745189,1.46932933376843,2.47555246179177,1.85054909279472,0.324210518963649
1.51834134464468,0.936114013231749,0,0.801782097226807,1.07428320230065,0.818532284802887,0.562781367305126,1.08488113673979,1.78295076902778,2.30505053846234,2.47555246179177,2.11951065604445,1.4130071040296,0.706503552014799,0,0,0,0,0.198641087423956,1.02382524135462,1.84900939528539,2.47555246179177,2.47555246179177,0
0.616686528365279,0.493059686962948,0,0.797456726233222,0.857970855763104,0,0,0,2.47555246179177,2.39287941768912,2.31020637358669,1.89748955742879,1.31991126389564,0.742332970362278,0,0,0,0,0,0.825184153930637,1.65036830786111,2.47555246179177,0,0
0.882217634218711,0.786746253844318,0.528699671533034,1.90670982875276,2.47555246179177,2.39895800783674,1.83938796327288,1.11903545656683,0.39868294986089,0,0,0.16130664798822,0,0.000210392336799893,0,0,0,0,0,0.532777995124858,1.44360074303247,1.97637873815732,2.32032118233879,2.47555246179177
2.4617193289819,2.47555246179177,2.30166511020593,1.94018056050386,1.578696010802,1.21721146110015,1.04332410951431,0.869436757928463,0.69554940634338,0.521662054757535,0.34777470317169,0.173887351585845,0,0.0138331328097642,0.00922208853984281,0.00461104426984874,0,0,0,0.259422958860292,1.08423432239956,2.47555246179177,0,0
0.465132450562071,0.406775804949605,0,0.443423608184771,0.712923706575216,0.634919348050833,1.90137515881773,2.47555246179177,2.35926274695364,1.89841661146509,0.921579717875466,0.288624256936815,0,0.05752006703444,0.115040134068916,0,0,0,0.302670734881543,0.990094474337747,1.8700846064271,2.36506858843882,2.47555246179177,0
0,1.47211213718631,2.23804698255066,2.47555246179177,2.36210568884277,1.89740028134737,1.25723633146167,0.792530923966311,0.679084151016728,0.917352151521067,1.33164886858871,1.39400240948931,1.10486935738109,0.64016394988561,0,0,0,0,0.482999277552447,1.32825022362283,2.17350116969322,2.47555246179177,2.23546979707241,1.98804973141119
1.20676965881641,0.425489586221735,0,0.10906809968975,1.25806715767025,1.33829917033603,0,0,1.66719494754431,1.98353269597673,2.29987044440881,2.47555246179177,2.08952157174941,1.14322956749108,0,0,0,0,0,0.065623906892067,0.847019743969056,1.8076511187415,2.40992855489971,2.47555246179177
1.86353042719817,2.47555246179177,2.38335164362005,1.93972304911639,1.14512126587044,0,0.455400284939368,0.721255519833746,0.608387838463701,0.495520157093655,0.76137539198836,0,0,0.572327963288528,0,0,0,0,0.430494123766542,1.25567827769702,1.65036830786133,2.47555246179177,0,0
0,1.15369086301557,1.34122390989139,2.22836506386321,2.47555246179177,2.40338183707091,2.17168656588336,1.78056942553102,1.23013309402195,0.679696762512881,0.288579622160541,0.21640899743957,0.303865895907863,0.231695271187219,0,0,0,0,0,0.825184153930663,1.65036830786122,2.47555246179177,0,0
1.15944515505934,1.26222480131861,2.13177557944615,2.47555246179177,2.29457364091282,1.7643218874394,0.885247545225303,0.00617320301142943,0,0,1.05598109006613,0.173935767410565,0,0.536017656407392,0,0,0,0,0.0342559241632374,0.859440078093808,1.68462423202447,2.47555246179177,2.16713247804521,0
0.949489048787553,0.652317370063859,0,0.472258801240609,0.413010691518914,0,0,0.991284390348171,1.80620352206431,2.26873511748178,2.47555246179177,2.33112202617564,1.83589816539063,1.16544769964659,0.319883887427923,0,0,0,0,0,0.764601234295485,1.71095122749625,2.47555246179177,0
0.96247732421983,0.735326073426386,0,0.673231764631702,0.67264709772284,0,0,1.1123364864877,1.72405509270187,2.43193055702223,2.47555246179177,2.02211122279487,1.23782967364553,0.618914836822763,0,0,0,0,0,0,0.429590729630201,1.25477488356071,2.07995903749138,0
