0.340250780654906,0,0,0,0,0,0,0,0,0,0,0.0549689609560177,0.340250780654906,0.321797250728135,0,0,0,0,0,0.340250780654906,0.340250780654906,0.340250780654906,0.340250780654906,0.340250780654906
0.340250780654906,0.340250780654906,0.340250780654906,0.340250780654906,0.340250780654906,0.245328821252119,0.340250780654906,0,0.0762651126031095,0.208257946628994,0.340250780654906,0.170125390327385,0,0,0,0,0,0,0,0,0.340250780654906,0.147809499125467,0.340250780654906,0
0,0,0,0.0944688095996173,0,0.0944688095995083,0.188937619199017,0,0,0.0411256386864817,0.0822512773728543,0.286081110988379,0.340250780654906,0.244857903206058,0,0,0,0,0,0,0,0.265062085352017,0.340250780654906,0
0,0,0,0,0,0.123143328253991,0.0615716641269412,0,0.142265965436058,0.340250780654906,0.170125390327494,0,0,0,0,0,0,0,0,0.0504173380581352,0.289833442592747,0.340250780654906,0,0
0,0,0,0,0,0,0,0,0,0,0,0,0,0.340250780654906,0,0,0,0,0.340250780654906,0.340250780654906,0.340250780654906,0.340250780654906,0,0
0,0,0,0,0,0,0,0,0,0,0,0.0620801699997679,0.340250780654906,0.259715057572216,0,0,0,0,0,0,0.0761548297989024,0.340250780654906,0,0
0,0,0,0,0,0,0,0,0,0.0701514008309333,0.316621051096234,0.328435915875556,0.340250780654906,0,0,0,0,0,0,0,0,0,0.261153407382905,0.340250780654906
0,0,0.276431367862304,0.340250780654906,0.226833853769992,0.113416926884996,0,0.0813918989930102,0.340250780654906,0.247360090639942,0.340250780654906,0.0824913339268908,0,0,0,0,0,0,0,0,0,0.0781829846018074,0.340250780654906,0
0,0,0,0,0,0,0,0.140668060175688,0.234877261167444,0,0.0942092009917566,0.0238217525944916,0.264174492300912,0.340250780654906,0.0880936379297432,0,0,0,0,0,0,0.170125390327439,0.340250780654906,0
0,0,0,0,0,0,0,0,0,0,0.143552127233185,0.29648381706466,0.340250780654906,0.241392122662581,0,0,0,0,0,0,0,0.170125390327439,0.340250780654906,0
0,0,0,0,0,0,0,0,0,0,0,0,0.332744141016356,0.340250780654906,0,0,0,0,0,0,0,0.340250780654906,0,0
0,0,0.0568663902883072,0.0284331951441536,0,0.340250780654906,0.340250780654906,0,0,0.0920210189243732,0.184042037848746,0,0,0,0,0,0,0,0,0,0.340250780654906,0.296714099018989,0,0
0,0,0,0,0,0,0,0,0,0,0,0.258056697405345,0.340250780654906,0.257942269744756,0,0,0,0,0,0,0,0.0776744987092485,0.340250780654906,0
0,0,0,0,0,0,0,0,0.118163457772196,0.0590817288861525,0,0.217688073045729,0.340250780654906,0.285799860112108,0.0544509205428799,0,0,0,0,0,0,0.340250780654906,0,0
0,0,0,0,0,0,0,0.340250780654906,0.170125390327385,0,0,0,0,0,0,0,0,0,0,0,0,0.340250780654906,0.340250780654906,0
0,0,0,0,0,0,0,0.177051789614377,0.177051789614377,0,0,0.074847229674798,0.149694459349596,0.340250780654906,0,0,0,0,0,0,0,0,0.340250780654906,0
0,0,0,0,0,0,0,0,0,0.132258476895507,0.308757326545795,0.340250780654906,0.226833853769919,0.113416926884941,0,0,0,0,0,0,0,0.340250780654906,0.10323732689422,0
0,0,0,0,0,0,0,0,0,0,0.149688134436522,0.340250780654906,0.170125390327439,0,0,0,0,0,0,0,0,0,0.340250780654906,0
0,0,0,0,0,0,0,0,0,0,0.340250780654906,0.170125390327494,0,0.177660866157819,0,0,0,0,0,0,0,0.0767126933425224,0.340250780654906,0.230262411558957
0,0,0,0,0,0,0,0,0,0,0.154272191260238,0.279471074913651,0.340250780654906,0.247060268731069,0,0,0,0,0,0,0,0.268003615204011,0.340250780654906,0
0,0,0,0,0,0,0,0,0,0.114761849689185,0.298269833716394,0.340250780654906,0.240796822171921,0,0,0,0,0,0,0.051880569231502,0.288370211423377,0.340250780654906,0,0
0,0,0,0,0.154021399193494,0.340250780654906,0,0,0,0.088089571740823,0,0,0.176293833074139,0.0881469165371241,0,0,0,0,0,0,0.0769955193590103,0.340250780654906,0.045092715555137,0
0,0,0,0,0,0,0,0,0,0.32878729222775,0.340250780654906,0.170125390327439,0,0,0,0,0,0,0,0,0,0,0.170125390327439,0.340250780654906
0,0,0,0,0,0,0,0,0,0,0,0.155670319902918,0.340250780654906,0.241011756401796,0,0,0,0,0,0.170125390327439,0.340250780654906,0.330801144420525,0,0
0,0.340250780654906,0.258235360041054,0,0,0.340250780654906,0.326803565735627,0,0,0,0,0.335742372927942,0.340250780654906,0.170125390327439,0,0,0,0,0,0,0,0.311454379202377,0.340250780654906,0
0,0,0,0.124536988586019,0.0622684942929551,0,0,0,0,0,0,0.285342685897564,0.340250780654906,0.0951462578794479,0,0,0,0,0,0,0.170125390327439,0.340250780654906,0.139858049219335,0
0.340250780654906,0.170125390327494,0,0,0.182688963419629,0.0913444817098144,0,0,0,0,0,0,0,0,0,0,0,0,0,0.0511574969177542,0.102314993835508,0.340250780654906,0,0.0600496460135587
0.120099292027117,0,0.135023258739015,0.0900155058259374,0.0450077529129687,0,0.119942134011761,0.0599710670058807,0,0.245753013687752,0.340250780654906,0.255188085491132,0.170125390327494,0.0850626951637469,0,0,0.170125390327439,0.340250780654906,0.151137782442751,0,0,0,0,0
0.3125019439564,0.326376362305639,0.340250780654906,0,0,0,0.340250780654906,0.324529725660962,0,0,0,0,0.159221254411702,0.340250780654906,0.170125390327439,0,0,0,0,0,0,0,0.170125390327439,0.340250780654906
0.153940419244937,0,0.0591552170158364,0.118310434031782,0,0,0,0,0,0,0,0,0.340250780654906,0.312354230778104,0,0,0,0,0,0,0.0796961682144908,0.340250780654906,0.239207323264731,0
0,0,0,0.177113552763195,0.000115147958612664,0.0589613099338412,0.11780747190907,0,0,0,0,0.340250780654906,0.170125390327385,0,0,0,0,0,0,0,0,0,0.340250780654906,0.302161445066715
0,0,0,0,0,0,0,0,0.0491789998039892,0.340250780654906,0.0779580491794634,0,0.245979848020765,0.307384664305485,0,0,0,0,0,0.170125390327439,0.340250780654906,0.132783817110094,0,0
0,0.217726989179232,0.340250780654906,0.285790201761514,0.0544605788933647,0,0,0,0,0.177331027144578,0.177331027144796,0.177331027144687,0.295513156795174,0.23636425930119,0,0,0,0,0,0,0.260971162325529,0.340250780654906,0.237958811992374,0
0,0,0,0,0,0,0,0,0,0,0,0,0.110918778840396,0.340250780654906,0,0,0,0.340250780654906,0.340250780654906,0.340250780654906,0.340250780654906,0.340250780654906,0,0.340250780654906
0.340250780654906,0.340250780654906,0.340250780654906,0,0,0,0,0,0.0895170577966922,0.229853523102026,0.214883919225894,0.199914315349763,0.340250780654906,0.325281176778747,0,0,0,0,0,0.340250780654906,0.340250780654906,0.340250780654906,0,0.340250780654906
0.340250780654906,0.340250780654906,0.340250780654906,0,0,0,0,0,0,0.340250780654906,0.332483302756037,0.174009129276806,0.0155349557976829,0.00776747789884146,0,0,0,0,0,0,0.340250780654906,0.340250780654906,0.340250780654906,0.340250780654906
0.340250780654906,0.340250780654906,0.340250780654906,0,0,0,0,0,0,0,0,0.156492252442797,0.340250780654906,0.240847302600641,0,0,0,0,0,0,0.340250780654906,0.340250780654906,0.340250780654906,0.340250780654906
0.340250780654906,0.340250780654906,0.340250780654906,0.340250780654906,0.340250780654906,0.340250780654906,0.340250780654906,0,0,0.340250780654906,0.322069309796353,0.0181814708585257,0,0.0715423684314907,0,0,0,0,0,0,0,0.170125390327494,0.340250780654906,0
0,0,0,0,0,0,0,0,0,5.67672121095885e-05,0,0.175199385221426,0,0.340250780654906,0,0,0,0,0,0.263764783802436,0.340250780654906,0,0,0
0,0,0,0,0.015801718949483,0.340250780654906,0.300650008815926,0.261049236976864,0.0396007718389526,0,0,0,0,0,0,0,0,0,0,0,0,0.170125390327385,0.340250780654906,0.323712768755838
0,0,0,0,0,0,0,0,0,0,0,0,0.109596229260398,0.340250780654906,0,0,0,0,0,0,0.170125390327439,0.340250780654906,0.145312037985749,0
0,0,0,0,0,0.118106309183954,0.0590531545919771,0,0,0,0.329935702783438,0.340250780654906,0,0,0,0,0,0,0,0,0.170125390327385,0.340250780654906,0,0
0.323943779003089,0.340250780654906,0,0,0.340250780654906,0.340250780654906,0.340250780654906,0.340250780654906,0.340250780654906,0,0,0,0.208969286348446,0.340250780654906,0,0.340250780654906,0,0,0.340250780654906,0.340250780654906,0.340250780654906,0.340250780654906,0.340250780654906,0.340250780654906
0.340250780654906,0.340250780654906,0.340250780654906,0.340250780654906,0.340250780654906,0,0.340250780654906,0,0.340250780654906,0.27056899326682,0.340250780654906,0.27258624510357,0.204921709551825,0,0,0,0,0,0,0,0,0,0,0
0,0,0,0,0,0,0,0,0.340250780654906,0.340250780654906,0.323548892574351,0.170125390327712,0.0167018880807452,0,0,0.340250780654906,0.340250780654906,0,0,0,0,0,0,0
0,0,0,0,0,0,0,0,0,0,0,0,0,0,0,0,0,0,0,0,0,0,0,0
0,0,0,0,0,0,0,0,0,0,0,0,0,0,0,0.340250780654906,0,0,0.340250780654906,0.340250780654906,0.340250780654906,0.340250780654906,0.340250780654906,0.340250780654906
0.340250780654906,0.340250780654906,0.340250780654906,0.340250780654906,0.340250780654906,0.340250780654906,0.340250780654906,0.340250780654906,0.340250780654906,0.340250780654906,0.340250780654906,0.340250780654906,0.340250780654906,0.340250780654906,0.340250780654906,0.340250780654906,0.340250780654906,0.340250780654906,0.340250780654906,0.340250780654906,0.340250780654906,0.340250780654906,0.340250780654906,0.340250780654906
0.340250780654906,0.340250780654906,0.340250780654906,0.340250780654906,0.340250780654906,0.340250780654906,0.340250780654906,0.340250780654906,0,0,0,0,0,0,0,0,0,0,0,0,0,0,0,0
0,0,0,0,0,0.170125390327739,0.340250780654906,0.155788213869956,0,0,0,0,0.340250780654906,0.314174418849746,0,0,0,0.340250780654906,0.340250780654906,0.340250780654906,0.340250780654906,0.340250780654906,0.340250780654906,0.340250780654906
0.340250780654906,0.340250780654906,0,0.340250780654906,0.340250780654906,0,0,0,0,0.16810807206914,0.340250780654906,0.226833853769955,0.113416926884996,0,0,0,0,0.340250780654906,0,0,0.340250780654906,0.340250780654906,0.340250780654906,0.340250780654906
0.340250780654906,0.340250780654906,0.340250780654906,0.340250780654906,0.340250780654906,0.340250780654906,0.340250780654906,0,0,0,0,0.241139812014065,0.340250780654906,0.170125390327467,0,0,0,0.340250780654906,0.340250780654906,0.340250780654906,0.340250780654906,0.340250780654906,0.340250780654906,0.340250780654906
0.340250780654906,0.340250780654906,0.340250780654906,0.340250780654906,0.340250780654906,0,0,0.340250780654906,0,0.340250780654906,0.289717274774521,0.239183768894245,0.188650263013819,0,0,0,0,0.340250780654906,0.340250780654906,0.340250780654906,0.340250780654906,0.340250780654906,0.340250780654906,0.340250780654906
0,0,0.340250780654906,0.340250780654906,0.340250780654906,0.340250780654906,0.340250780654906,0,0,0,0,0.224236155227552,0.340250780654906,0.170125390327467,0,0,0,0.340250780654906,0.340250780654906,0.340250780654906,0.340250780654906,0.340250780654906,0.340250780654906,0.340250780654906
0,0,0.340250780654906,0.340250780654906,0.340250780654906,0.340250780654906,0.340250780654906,0,0,0,0.151310524320393,0.340250780654906,0.241882555522435,0,0,0,0,0.340250780654906,0,0,0.340250780654906,0.340250780654906,0.340250780654906,0.340250780654906
0.340250780654906,0.340250780654906,0.340250780654906,0.340250780654906,0.340250780654906,0.340250780654906,0.340250780654906,0,0,0,0.122004171602613,0.340250780654906,0.27417509319139,0.0660756874633799,0,0,0,0,0,0.340250780654906,0.340250780654906,0.340250780654906,0.340250780654906,0.340250780654906
0.340250780654906,0.340250780654906,0.340250780654906,0.340250780654906,0.340250780654906,0.340250780654906,0.340250780654906,0,0,0.1792062011709,0.215205461064112,0.340250780654906,0.322181751325719,0.161090875662805,0,0,0,0.340250780654906,0.340250780654906,0.340250780654906,0.340250780654906,0.340250780654906,0.340250780654906,0.340250780654906
0.340250780654906,0.340250780654906,0.340250780654906,0.340250780654906,0.340250780654906,0,0.340250780654906,0,0,0.12057667788138,0.340250780654906,0.274378864569586,0.0658719160851291,0,0,0,0,0.340250780654906,0,0,0.340250780654906,0.340250780654906,0.340250780654906,0.340250780654906
0.340250780654906,0.340250780654906,0.340250780654906,0.340250780654906,0.340250780654906,0.340250780654906,0.340250780654906,0,0,0,0.312112699533413,0.340250780654906,0.241004976106493,0,0,0,0,0,0,0.340250780654906,0.340250780654906,0.340250780654906,0.340250780654906,0.340250780654906
0.340250780654906,0.340250780654906,0.340250780654906,0.340250780654906,0.340250780654906,0.340250780654906,0.340250780654906,0,0,0,0,0.340250780654906,0.274433273922516,0.0658175067329621,0,0,0,0.340250780654906,0,0,0.340250780654906,0.340250780654906,0.340250780654906,0.340250780654906
0.340250780654906,0.340250780654906,0.340250780654906,0.340250780654906,0.340250780654906,0.340250780654906,0.340250780654906,0,0,0.202543340048416,0.258488040807409,0.340250780654906,0.275605035806701,0.210959290958524,0,0,0,0,0,0.170125390327439,0.340250780654906,0,0,0
0,0.0404471921737401,0.111266565485827,0,0.0708193733120872,0.141638746624174,0.030372181138347,0.340250780654906,0.105992989765266,0.0529964948826332,0,0,0,0,0,0,0,0,0,0,0.170125390327385,0.340250780654906,0,0
0,0,0,0,0,0,0,0,0.279208686459214,0.233958883151262,0.0452498033079517,0,0.241948190683699,0.340250780654906,0,0,0,0.340250780654906,0.340250780654906,0.340250780654906,0.340250780654906,0.340250780654906,0.340250780654906,0.340250780654906
0,0,0.340250780654906,0.340250780654906,0.340250780654906,0.340250780654906,0,0,0,0,0,0,0.340250780654906,0.253043474420812,0,0,0,0,0,0,0.26693258754257,0.340250780654906,0,0
0,0.326421870243847,0.340250780654906,0,0,0,0.340250780654906,0,0,0.277744321462567,0.340250780654906,0.255188085491132,0.170125390327494,0.0850626951637469,0,0,0,0,0,0,0,0.0754944369552079,0.340250780654906,0
0,0,0,0,0,0,0,0,0,0,0,0.340250780654906,0.259767604835483,0,0,0,0,0,0,0,0,0.170125390327494,0.340250780654906,0.323470498849732
0,0,0,0,0,0,0,0,0,0,0,0.149133103051866,0.340250780654906,0.0979328435822099,0,0,0,0,0,0,0.340250780654906,0.340250780654906,0.340250780654906,0
0,0,0,0,0,0.0930709998884788,0,0.279333508092337,0,0,0,0.279179703096844,0.340250780654906,0.247157621719932,0,0,0,0,0.0803742589925581,0.340250780654906,0.0619725626211206,0,0,0
0,0.177176207680606,0,0,0,0,0.293992786095044,0.058867178586087,0,0.293992786094935,0.235125607508739,0.334687737159404,0.340250780654906,0.170125390327385,0,0,0,0,0,0,0,0.340250780654906,0.340250780654906,0
0,0,0,0.0933836781707349,0,0,0,0,0,0,0.149995644048027,0.333578760538425,0.340250780654906,0.170125390327385,0,0,0,0,0,0,0,0,0.170125390327439,0.340250780654906
0.329533551312156,0,0,0,0,0,0,0,0,0.106379064626128,0.340250780654906,0.226833853769919,0.113416926884996,0,0,0,0,0,0,0,0,0,0.170125390327453,0.340250780654906
0,0,0,0,0.176490777071291,0,0,0.17643364696208,0.146457413368713,0,0,0,0.291163582024932,0.340250780654906,0.0970860409485754,0,0,0,0,0,0,0.340250780654906,0.340250780654906,0.340250780654906
0,0,0,0,0,0,0,0,0,0,0.276276246773681,0.340250780654906,0.248125282402784,0,0,0,0,0,0,0,0.261447522696666,0.340250780654906,0,0
0,0.321589828070237,0.330920304362558,0.340250780654906,0.170125390327439,0,0.0535205368032926,0.286730243851586,0.340250780654906,0,0,0,0.340250780654906,0,0,0,0,0.340250780654906,0,0,0.340250780654906,0.340250780654906,0.340250780654906,0.340250780654906
0.340250780654906,0.340250780654906,0,0,0,0,0,0,0.340250780654906,0.0976698442625353,0,0,0,0,0,0,0,0,0.340250780654906,0,0,0.340250780654906,0.340250780654906,0.340250780654906
0.340250780654906,0.340250780654906,0,0.0936825215000477,0,0,0.18724389963264,0.182852165061601,0.0087834691418593,0.00439173457092965,0,0.2549638710019,0.340250780654906,0.170125390327494,0,0,0,0,0,0.0752465560057306,0.340250780654906,0,0,0
0,0,0,0,0,0,0,0.340250780654906,0,0,0.0874924843426598,0.17498496868532,0.0874924843426598,0,0,0,0,0,0,0,0.170125390327494,0.340250780654906,0.148425490918349,0
0,0,0.311650381531219,0.198233454646223,0.0848165277612273,0.14867509098464,0.212533654208053,0.276392217431466,0.340250780654906,0.226833853769992,0.113416926884996,0,0,0,0,0,0,0,0.0789712622826027,0.340250780654906,0.237034230539857,0,0,0
0,0,0,0,0,0,0,0,0,0,0.1436561568451,0.340250780654906,0.243412641416149,0,0,0,0,0,0.340250780654906,0.340250780654906,0.340250780654906,0.340250780654906,0.340250780654906,0.340250780654906
0.340250780654906,0.340250780654906,0.340250780654906,0.340250780654906,0.340250780654906,0.340250780654906,0.340250780654906,0,0,0,0,0.340250780654906,0.313461011785779,0,0,0,0,0,0,0,0.340250780654906,0.340250780654906,0.340250780654906,0.340250780654906
0.340250780654906,0.340250780654906,0.340250780654906,0.340250780654906,0.340250780654906,0.340250780654906,0.340250780654906,0,0,0,0.0749042199772831,0.340250780654906,0.315158079800953,0,0,0,0,0,0,0,0,0.340250780654906,0.340250780654906,0.340250780654906
0.340250780654906,0.340250780654906,0.340250780654906,0.340250780654906,0.340250780654906,0.340250780654906,0.340250780654906,0.340250780654906,0,0,0,0.314595022861135,0.340250780654906,0.0980076529436855,0,0,0,0,0,0.340250780654906,0.340250780654906,0.340250780654906,0.340250780654906,0.340250780654906
0.340250780654906,0.340250780654906,0.340250780654906,0.340250780654906,0.340250780654906,0.340250780654906,0.340250780654906,0,0,0.162587979611423,0.340250780654906,0.226833853769992,0.113416926884996,0,0,0,0,0,0,0.170125390327439,0.340250780654906,0.32041017335388,0,0
0,0,0,0,0,0.046456347247449,0.0232281736237245,0,0.340250780654906,0.340250780654906,0.0794616107515027,0,0,0,0,0,0,0,0,0.0773092720245551,0.340250780654906,0.232049451291717,0,0
0,0,0,0,0,0,0,0,0,0.218759529634326,0.291143233285543,0.340250780654906,0.243171570583004,0,0,0,0,0,0.340250780654906,0.340250780654906,0.340250780654906,0.340250780654906,0.340250780654906,0.340250780654906
0.340250780654906,0.340250780654906,0.340250780654906,0.340250780654906,0.340250780654906,0.340250780654906,0.340250780654906,0,0,0,0,0.248586669414588,0.340250780654906,0,0,0,0,0.340250780654906,0.340250780654906,0.340250780654906,0.340250780654906,0.340250780654906,0,0
0.340250780654906,0.340250780654906,0.340250780654906,0.340250780654906,0.340250780654906,0.340250780654906,0.340250780654906,0,0,0,0,0.340250780654906,0.315324722037889,0,0,0,0,0.340250780654906,0.340250780654906,0.340250780654906,0.340250780654906,0.340250780654906,0.340250780654906,0.340250780654906
0.340250780654906,0.340250780654906,0.340250780654906,0.340250780654906,0.340250780654906,0.340250780654906,0.340250780654906,0,0,0.0340314407988159,0.0680628815976318,0.340250780654906,0.317435250243527,0,0,0,0,0,0.340250780654906,0.340250780654906,0.340250780654906,0.340250780654906,0.340250780654906,0.340250780654906
0.340250780654906,0.340250780654906,0.340250780654906,0.340250780654906,0.340250780654906,0.340250780654906,0.340250780654906,0,0.340250780654906,0.214219698371661,0.233140931468939,0.252062164566216,0.126031082283108,0,0,0,0,0.340250780654906,0,0.340250780654906,0.340250780654906,0.340250780654906,0.340250780654906,0.340250780654906
0.340250780654906,0.340250780654906,0.340250780654906,0.340250780654906,0.340250780654906,0.340250780654906,0.340250780654906,0,0.0318280964908792,0.259072419533214,0.340250780654906,0.275458795359299,0.21066681006372,0,0,0,0,0.340250780654906,0.340250780654906,0.340250780654906,0.340250780654906,0.340250780654906,0.340250780654906,0.340250780654906
0.340250780654906,0.340250780654906,0.340250780654906,0.340250780654906,0.340250780654906,0.340250780654906,0,0.340250780654906,0.244945567806907,0,0,0.149837588962339,0.299527228066511,0,0,0,0,0.340250780654906,0.340250780654906,0.340250780654906,0.340250780654906,0.340250780654906,0.340250780654906,0.340250780654906
0.340250780654906,0.340250780654906,0.340250780654906,0.340250780654906,0.340250780654906,0.340250780654906,0,0,0,0,0.19182819052917,0.23479676996276,0.340250780654906,0,0,0,0,0.340250780654906,0.340250780654906,0.340250780654906,0.340250780654906,0.340250780654906,0.340250780654906,0.340250780654906
0.340250780654906,0.340250780654906,0.340250780654906,0.340250780654906,0.340250780654906,0.340250780654906,0.340250780654906,0,0,0,0.223831397373755,0.340250780654906,0.170125390327467,0,0,0,0,0.340250780654906,0.340250780654906,0.340250780654906,0.340250780654906,0.340250780654906,0.340250780654906,0.340250780654906
0.340250780654906,0.340250780654906,0.340250780654906,0.340250780654906,0,0.340250780654906,0,0,0,0,0,0.340250780654906,0.315638456052579,0,0,0,0,0.340250780654906,0.340250780654906,0.340250780654906,0.340250780654906,0.340250780654906,0.340250780654906,0.340250780654906
0.340250780654906,0.340250780654906,0.340250780654906,0.340250780654906,0.340250780654906,0,0.340250780654906,0,0,0,0.218716587168843,0.340250780654906,0.31588436306116,0,0,0,0,0.340250780654906,0.340250780654906,0.340250780654906,0.340250780654906,0.340250780654906,0.340250780654906,0.340250780654906
0.340250780654906,0.340250780654906,0.340250780654906,0.340250780654906,0,0.340250780654906,0.340250780654906,0,0,0,0.340250780654906,0.178689577129112,0.16156120352573,0,0,0,0,0.340250780654906,0.340250780654906,0.340250780654906,0.340250780654906,0.340250780654906,0.340250780654906,0.340250780654906
0.340250780654906,0.340250780654906,0.340250780654906,0.340250780654906,0.340250780654906,0,0.340250780654906,0,0,0.157921131577695,0.0244085174994878,0.182329649077183,0.340250780654906,0,0,0,0,0.340250780654906,0.340250780654906,0.340250780654906,0.340250780654906,0.340250780654906,0.340250780654906,0.340250780654906
0.340250780654906,0.340250780654906,0.340250780654906,0.340250780654906,0.340250780654906,0.340250780654906,0.340250780654906,0,0,0,0,0,0.340250780654906,0,0,0,0,0.309762059612228,0.340250780654906,0.340250780654906,0.340250780654906,0.340250780654906,0.340250780654906,0.340250780654906
0.340250780654906,0.340250780654906,0.340250780654906,0.340250780654906,0.340250780654906,0.340250780654906,0.340250780654906,0,0.157603796016701,0.340250780654906,0.226833853769992,0.113416926884996,0,0,0,0,0,0,0,0.340250780654906,0.340250780654906,0.340250780654906,0.340250780654906,0.340250780654906
0.340250780654906,0.340250780654906,0.340250780654906,0.340250780654906,0.340250780654906,0.340250780654906,0,0,0,0,0,0.340250780654906,0.317505242685182,0,0,0,0,0.340250780654906,0,0,0.340250780654906,0.340250780654906,0.340250780654906,0.340250780654906
0.340250780654906,0.340250780654906,0.340250780654906,0.340250780654906,0.340250780654906,0.209591800759665,0,0,0,0,0,0.340250780654906,0.322235306686855,0,0,0,0,0.340250780654906,0.340250780654906,0.340250780654906,0.340250780654906,0.340250780654906,0.340250780654906,0.340250780654906
0.340250780654906,0.340250780654906,0.340250780654906,0.340250780654906,0.340250780654906,0.340250780654906,0,0,0,0,0,0.0857996284088406,0.340250780654906,0,0,0,0,0.340250780654906,0.340250780654906,0.340250780654906,0.340250780654906,0.340250780654906,0.340250780654906,0
0,0.340250780654906,0.340250780654906,0.340250780654906,0.340250780654906,0.340250780654906,0.340250780654906,0,0,0,0.314830335764753,0.340250780654906,0.242360517386247,0,0,0,0,0.340250780654906,0,0,0.340250780654906,0.340250780654906,0.340250780654906,0.340250780654906
0.340250780654906,0.340250780654906,0.340250780654906,0.340250780654906,0.340250780654906,0.340250780654906,0.340250780654906,0,0,0.214691442231072,0.340250780654906,0.322387243105892,0.161193621552946,0,0,0,0,0.340250780654906,0,0,0.340250780654906,0.340250780654906,0.340250780654906,0.340250780654906
0.340250780654906,0.340250780654906,0.340250780654906,0.340250780654906,0.340250780654906,0.340250780654906,0.340250780654906,0,0,0,0.0727628513132359,0.340250780654906,0.170125390327385,0,0,0,0,0,0.340250780654906,0.340250780654906,0.340250780654906,0.340250780654906,0.340250780654906,0.340250780654906
0.340250780654906,0.340250780654906,0.340250780654906,0.340250780654906,0.340250780654906,0.340250780654906,0.340250780654906,0,0,0,0.205900592458746,0.340250780654906,0.170125390327439,0,0,0,0,0,0,0.340250780654906,0.340250780654906,0.340250780654906,0.340250780654906,0.340250780654906
0.340250780654906,0.340250780654906,0.340250780654906,0.340250780654906,0.340250780654906,0.340250780654906,0,0,0,0,0.0714671276504892,0.340250780654906,0.316302224829015,0,0,0,0,0.340250780654906,0.340250780654906,0.340250780654906,0.340250780654906,0.340250780654906,0.340250780654906,0.340250780654906
0.340250780654906,0.340250780654906,0.340250780654906,0.340250780654906,0.340250780654906,0.340250780654906,0,0,0,0.213001009763386,0.340250780654906,0.323062824098806,0.161531412049476,0,0,0,0,0.340250780654906,0.340250780654906,0.340250780654906,0.340250780654906,0.340250780654906,0.340250780654906,0.340250780654906
0,0.340250780654906,0.340250780654906,0.340250780654906,0.340250780654906,0,0,0,0,0,0,0.340250780654906,0.248471999875549,0,0,0,0,0.340250780654906,0.340250780654906,0.340250780654906,0.340250780654906,0.340250780654906,0.340250780654906,0
0.340250780654906,0.340250780654906,0,0,0,0,0,0,0,0,0.2880553684575,0.340250780654906,0.244200281147417,0,0,0,0,0.340250780654906,0.340250780654906,0.340250780654906,0.340250780654906,0.340250780654906,0.340250780654906,0.340250780654906
0.340250780654906,0.340250780654906,0.340250780654906,0.340250780654906,0.340250780654906,0,0.340250780654906,0,0.340250780654906,0.272200624523914,0.204150468392949,0.136100312262039,0.0680501561310193,0,0,0,0,0.340250780654906,0.340250780654906,0.340250780654906,0.340250780654906,0.340250780654906,0.340250780654906,0.340250780654906
0.340250780654906,0.340250780654906,0.340250780654906,0.340250780654906,0.340250780654906,0,0.340250780654906,0,0,0.0587486038060355,0.340250780654906,0.325491681526138,0.162745840763033,0,0,0,0,0,0.340250780654906,0.340250780654906,0.340250780654906,0.340250780654906,0.340250780654906,0.340250780654906
0.340250780654906,0.340250780654906,0.340250780654906,0.340250780654906,0.340250780654906,0.340250780654906,0.340250780654906,0,0,0,0.284291619805112,0.340250780654906,0.0947963327794227,0,0,0,0,0,0.340250780654906,0.340250780654906,0.340250780654906,0.340250780654906,0.340250780654906,0.340250780654906
0.340250780654906,0.340250780654906,0.340250780654906,0.340250780654906,0,0.340250780654906,0,0,0.0882877949062839,0.340250780654906,0.292603013432291,0.244955246209594,0.197307478986897,0,0,0,0,0,0.340250780654906,0.340250780654906,0.340250780654906,0.340250780654906,0.340250780654906,0.340250780654906
0.340250780654906,0.340250780654906,0,0.340250780654906,0.340250780654906,0.340250780654906,0.340250780654906,0,0.340250780654906,0.21036297027389,0.235069295518152,0.259775620762196,0.129887810381207,0,0,0,0,0.052341575085863,0.287909205569016,0.340250780654906,0.261618221636743,0,0,0.340250780654906
0,0,0,0,0,0,0.119701650775667,0.0598508253878334,0,0,0.126597049358242,0.322909076253231,0.340250780654906,0,0,0,0,0,0.340250780654906,0,0,0.340250780654906,0.340250780654906,0.340250780654906
0.340250780654906,0,0,0,0,0,0,0,0,0,0.340250780654906,0.325487588434666,0.162743794217333,0,0,0,0,0,0.340250780654906,0,0,0.340250780654906,0.340250780654906,0.340250780654906
0.340250780654906,0.340250780654906,0.340250780654906,0.340250780654906,0.340250780654906,0.340250780654906,0,0,0,0,0.340250780654906,0.327439690717348,0.0128110899374944,0,0,0,0,0.340250780654906,0,0,0.340250780654906,0.340250780654906,0.340250780654906,0.340250780654906
0.340250780654906,0.340250780654906,0.340250780654906,0,0,0,0,0,0,0.276086575996858,0.340250780654906,0.248187810631797,0,0,0,0,0,0.340250780654906,0.340250780654906,0.340250780654906,0.340250780654906,0.340250780654906,0.340250780654906,0.340250780654906
0.340250780654906,0,0,0,0,0,0.276486750942914,0.340250780654906,0.226833853769992,0.113416926884996,0,-1.08990611301528e-13,0,0,0,0,0,0,0,0.170125390327453,0.340250780654906,0.319950963098042,0,0
0,0,0,0,0,0,0,0,0.272455092384309,0.340250780654906,0.255188085490914,0.170125390327276,0.0850626951636379,0,0,0,0,0,0,0,0.340250780654906,0.340250780654906,0.340250780654906,0.340250780654906
0.340250780654906,0.340250780654906,0.340250780654906,0.340250780654906,0.340250780654906,0.340250780654906,0,0.121617274008901,0.340250780654906,0.255188085491459,0.170125390327494,0.0850626951637469,0,0,0,0,0,0.340250780654906,0.340250780654906,0.340250780654906,0.340250780654906,0.340250780654906,0.340250780654906,0.340250780654906
0.340250780654906,0.340250780654906,0.340250780654906,0.340250780654906,0.340250780654906,0.340250780654906,0,0,0,0,0.340250780654906,0.322681042811615,0,0,0,0,0,0,0,0,0.0481832134685028,0.292067567186231,0.340250780654906,0
0,0,0,0,0,0.170013180693201,0.340250780654906,0.34025078065477,0.340250780655097,0.340250780654988,0.340250780654906,0.170125390327494,0,0,0,0,0,0,0.340250780654906,0.340250780654906,0.340250780654906,0.340250780654906,0.340250780654906,0.340250780654906
0.340250780654906,0,0,0,0,0,0,0,0,0.135676065609681,0.340250780654906,0.24500624195587,0,0,0,0,0.340250780654906,0.340250780654906,0.340250780654906,0.340250780654906,0.340250780654906,0.340250780654906,0.340250780654906,0
0,0.340250780654906,0.340250780654906,0,0,0,0,0,0,0,0.0366252780092902,0.340250780654906,0.170125390327439,0,0,0,0,0.340250780654906,0.340250780654906,0.340250780654906,0.340250780654906,0.340250780654906,0.340250780654906,0
0,0,0,0,0,0,0,0,0,0,0.284236388978173,0.340250780654906,0.0947781947735497,0,0,0,0,0.340250780654906,0.340250780654906,0.340250780654906,0.340250780654906,0.340250780654906,0.340250780654906,0.340250780654906
0.340250780654906,0.340250780654906,0.340250780654906,0.340250780654906,0.340250780654906,0.340250780654906,0,0,0,0.211787280248088,0.340250780654906,0.31934688524512,0,0,0,0,0,0.340250780654906,0.340250780654906,0.340250780654906,0.340250780654906,0.340250780654906,0.340250780654906,0.340250780654906
0.340250780654906,0.340250780654906,0.340250780654906,0.340250780654906,0.340250780654906,0.340250780654906,0,0,0,0.0466602046415807,0.340250780654906,0.328485358647273,0.0117654220076787,0,0,0,0,0.340250780654906,0.340250780654906,0,0.340250780654906,0.340250780654906,0.340250780654906,0.340250780654906
0.340250780654906,0.340250780654906,0.340250780654906,0.340250780654906,0.340250780654906,0,0,0,0,0.0945404961196189,0.340250780654906,0.278094724888489,0.0621560557664988,0,0,0,0,0.340250780654906,0.340250780654906,0.340250780654906,0.340250780654906,0.340250780654906,0.340250780654906,0.340250780654906
0.340250780654906,0.340250780654906,0.340250780654906,0.340250780654906,0.340250780654906,0.340250780654906,0,0,0,0.29320440005389,0.340250780654906,0.242484454494919,0,0,0,0,0,0.340250780654906,0.340250780654906,0.340250780654906,0.340250780654906,0.340250780654906,0.340250780654906,0.340250780654906
0.340250780654906,0.340250780654906,0.340250780654906,0.340250780654906,0.340250780654906,0,0,0,0,0.12723037542982,0.340250780654906,0.246694559447065,0,0,0,0,0,0.340250780654906,0.340250780654906,0.340250780654906,0.340250780654906,0.340250780654906,0.340250780654906,0.340250780654906
0.340250780654906,0.340250780654906,0.340250780654906,0.340250780654906,0.340250780654906,0.340250780654906,0,0.277977212514584,0.340250780654906,0.255188085491241,0.170125390327276,0.0850626951636379,0,0,0,0,0,0,0.340250780654906,0.340250780654906,0.340250780654906,0.340250780654906,0.340250780654906,0.340250780654906
0.340250780654906,0.340250780654906,0.340250780654906,0.340250780654906,0.340250780654906,0.340250780654906,0,0,0,0,0.283149896550722,0.340250780654906,0.094416177184056,0,0,0,0,0,0.340250780654906,0.340250780654906,0.340250780654906,0.340250780654906,0.340250780654906,0.340250780654906
0.340250780654906,0.340250780654906,0.340250780654906,0.340250780654906,0.340250780654906,0.340250780654906,0,0,0,0.0912163916824249,0.215733586168652,0.340250780654906,0.170125390327439,0,0,0,0,0.340250780654906,0.340250780654906,0.340250780654906,0.340250780654906,0.340250780654906,0.340250780654906,0.340250780654906
0.340250780654906,0.340250780654906,0.340250780654906,0.340250780654906,0.340250780654906,0.340250780654906,0,0,0.0213500186917314,0.255262857889014,0.340250780654906,0.276410829308281,0.0638399513467431,0,0,0,0,0.340250780654906,0.340250780654906,0.340250780654906,0.340250780654906,0.340250780654906,0.340250780654906,0.340250780654906
0.340250780654906,0.340250780654906,0.340250780654906,0.340250780654906,0,0.340250780654906,0.340250780654906,0,0.243658872612017,0.340250780654906,0.29150001502051,0.242749249386033,0.0487507656346409,0,0,0,0,0.340250780654906,0.340250780654906,0.340250780654906,0.340250780654906,0.340250780654906,0.340250780654906,0.340250780654906
0.340250780654906,0.340250780654906,0.340250780654906,0.340250780654906,0.340250780654906,0.340250780654906,0,0,0,0,0.236169983552349,0.340250780654906,0,0,0,0,0,0.340250780654906,0.340250780654906,0.340250780654906,0.340250780654906,0.340250780654906,0.340250780654906,0.340250780654906
0.340250780654906,0.340250780654906,0.340250780654906,0.340250780654906,0.340250780654906,0.340250780654906,0,0.148934599802332,0,0,0.340250780654906,0.244059098324701,0,0,0,0,0,0.340250780654906,0.340250780654906,0.340250780654906,0.340250780654906,0.340250780654906,0.340250780654906,0.340250780654906
0.340250780654906,0.340250780654906,0.340250780654906,0,0,0.340250780654906,0.340250780654906,0,0,0.0692553863831912,0.340250780654906,0.322843487289744,0.0174072933651165,0,0,0,0,0,0.340250780654906,0.340250780654906,0.340250780654906,0.340250780654906,0.340250780654906,0.340250780654906
0.340250780654906,0.340250780654906,0.340250780654906,0.340250780654906,0.340250780654906,0.340250780654906,0,0.241271013355645,0.340250780654906,0.144819862634846,0.0965465750898971,0.0482732875449486,0,0,0,0,0,0.340250780654906,0.340250780654906,0.340250780654906,0.340250780654906,0.340250780654906,0.340250780654906,0.340250780654906
0.340250780654906,0.340250780654906,0.340250780654906,0.340250780654906,0.340250780654906,0.340250780654906,0,0,0,0.214025661940263,0.340250780654906,0.170125390327439,0,0,0,0,0,0.340250780654906,0.340250780654906,0.340250780654906,0.340250780654906,0.340250780654906,0.340250780654906,0.340250780654906
0.340250780654906,0.340250780654906,0.340250780654906,0.340250780654906,0,0.340250780654906,0,0,0,0.284471030801857,0.340250780654906,0.24539450146013,0,0,0,0,0,0.340250780654906,0.340250780654906,0.340250780654906,0.340250780654906,0.340250780654906,0.340250780654906,0.340250780654906
0.340250780654906,0.340250780654906,0.340250780654906,0.340250780654906,0.340250780654906,0.340250780654906,0,0,0.0691841345930055,0.281182014545283,0.340250780654906,0.246490214491281,0,0,0,0,0,0.340250780654906,0.340250780654906,0.340250780654906,0.340250780654906,0.340250780654906,0.340250780654906,0.340250780654906
0.340250780654906,0.340250780654906,0.340250780654906,0.340250780654906,0.340250780654906,0,0,0,0,0,0.23285378718247,0.340250780654906,0,0,0,0,0,0,0,0.340250780654906,0.340250780654906,0.340250780654906,0.340250780654906,0
0,0,0,0,0,0,0,0,0,0,0.340250780654906,0.258117635891362,0,0,0,0,0,0,0.340250780654906,0,0,0.340250780654906,0.340250780654906,0.340250780654906
0,0,0,0,0,0,0,0,0,0.0353618423383076,0.340250780654906,0.331308237075745,0.00894254357924245,0,0,0,0,0.340250780654906,0.340250780654906,0.340250780654906,0.340250780654906,0.340250780654906,0.340250780654906,0.340250780654906
0,0.340250780654906,0.340250780654906,0.340250780654906,0,0,0,0,0,0.0675682916317783,0.340250780654906,0.317599258466595,0,0,0,0,0,0,0,0,0,0,0,0
0,0,0,0,0,0.340250780654906,0,0,0,0,0.340250780654906,0.326033439015924,0.0142173416391002,0,0,0,0,0.340250780654906,0.340250780654906,0.340250780654906,0.340250780654906,0.340250780654906,0.340250780654906,0.340250780654906
0.340250780654906,0.340250780654906,0.340250780654906,0.340250780654906,0.340250780654906,0,0,0,0.0487100078498309,0.340250780654906,0.327999117323263,0.163999558661631,0,0,0,0,0,0.340250780654906,0.340250780654906,0.340250780654906,0.340250780654906,0.340250780654906,0.340250780654906,0.340250780654906
0.340250780654906,0,0.340250780654906,0.340250780654906,0.340250780654906,0,0,0,0,0.208537449188941,0.340250780654906,0.32097062040719,0,0,0,0,0,0.340250780654906,0.340250780654906,0.340250780654906,0.340250780654906,0,0,0
0,0,0,0,0,0,0,0,0,0.0674629426520563,0.340250780654906,0.258638506643265,0,0,0.340250780654906,0.340250780654906,0.340250780654906,0.340250780654906,0.340250780654906,0.340250780654906,0.340250780654906,0.340250780654906,0.340250780654906,0
0,0,0,0,0,0,0,0,0.182457376425453,0.340250780654906,0.334004198810041,0,0,0,0,0.340250780654906,0.340250780654906,0.340250780654906,0.340250780654906,0.340250780654906,0.340250780654906,0.340250780654906,0.340250780654906,0
0,0,0,0,0,0,0,0,0,0,0.179507914500962,0.340250780654906,0.00477260239100424,0,0,0,0.340250780654906,0.340250780654906,0.340250780654906,0.340250780654906,0.340250780654906,0.340250780654906,0.340250780654906,0.340250780654906
0.340250780654906,0,0,0,0,0,0,0,0.241406708665386,0.340250780654906,0.279873063690978,0.219495346727005,0,0,0,0,0.340250780654906,0.340250780654906,0.340250780654906,0.340250780654906,0.340250780654906,0.340250780654906,0.340250780654906,0.340250780654906
0,0,0,0,0,0,0,0,0,0,0.235888865171713,0.340250780654906,0,0,0,0,0.340250780654906,0.340250780654906,0.340250780654906,0.340250780654906,0.340250780654906,0.340250780654906,0.340250780654906,0.340250780654906
0.340250780654906,0.340250780654906,0.340250780654906,0.340250780654906,0.340250780654906,0,0,0,0,0.214136082534651,0.340250780654906,0.170125390327494,0,0,0,0,0,0,0,0,0.340250780654906,0.340250780654906,0.340250780654906,0
0,0,0,0,0,0,0,0,0,0.244542962318449,0.340250780654906,0.0815528857500138,0,0,0,0,0,0,0,0,0.0725089788845178,0.340250780654906,0.217657427762529,0
0,0,0,0,0,0,0,0.102229906475929,0.0511149532378553,0,0.221965720278818,0.340250780654906,0,0,0,0,0,0,0,0.340250780654906,0.340250780654906,0.340250780654906,0.340250780654906,0.340250780654906
0.340250780654906,0.340250780654906,0.340250780654906,0.340250780654906,0.340250780654906,0.340250780654906,0,0,0,0,0.327761751186172,0.340250780654906,0,0,0,0,0,0,0,0.170125390327453,0.340250780654906,0.141492976469189,0,0
0,0,0,0,0,0,0,0,0,0,0.228612892446282,0.340250780654906,0,0,0,0,0,0.340250780654906,0,0.340250780654906,0.340250780654906,0.340250780654906,0.340250780654906,0.340250780654906
0.340250780654906,0.340250780654906,0.340250780654906,0,0,0,0,0,0,0,0.193390925844054,0.340250780654906,0,0,0,0,0,0.340250780654906,0.340250780654906,0.340250780654906,0.340250780654906,0.340250780654906,0.340250780654906,0.340250780654906
0.340250780654906,0.340250780654906,0.340250780654906,0.340250780654906,0,0,0,0,0,0.138951029537259,0.340250780654906,0.244351708380791,0,0,0,0,0,0.340250780654906,0.340250780654906,0.340250780654906,0.340250780654906,0.340250780654906,0.340250780654906,0.340250780654906
0.340250780654906,0,0,0.340250780654906,0,0,0,0,0,0,0.21984592278926,0.340250780654906,0,0,0,0,0,0,0,0.0767319848685136,0.340250780654906,0,0,0
0,0,0,0,0,0,0,0,0,0.326283802941679,0.340250780654906,0,0,0.340250780654906,0.340250780654906,0.340250780654906,0.340250780654906,0.340250780654906,0.340250780654906,0.340250780654906,0.340250780654906,0.340250780654906,0,0
0,0,0,0,0,0,0,0,0,0.00210373340041516,0.340250780654906,0.339400523654935,0,0,0,0,0.340250780654906,0.340250780654906,0.340250780654906,0.340250780654906,0.340250780654906,0,0.340250780654906,0
0,0,0,0,0,0,0,0,0,0.340250780654906,0,0,0.340250780654906,0.340250780654906,0.340250780654906,0.340250780654906,0.340250780654906,0.340250780654906,0.340250780654906,0.340250780654906,0,0.340250780654906,0,0
0,0,0,0,0,0,0,0.340250780654906,0,0,0,0.340250780654906,0.340250780654906,0.340250780654906,0.340250780654906,0.340250780654906,0.340250780654906,0.340250780654906,0.340250780654906,0.340250780654906,0.340250780654906,0.340250780654906,0.340250780654906,0
0,0,0,0,0,0,0,0,0.340250780654906,0.332640500516128,0,0,0.340250780654906,0.340250780654906,0.340250780654906,0.340250780654906,0.340250780654906,0.340250780654906,0.340250780654906,0.340250780654906,0.340250780654906,0.340250780654906,0.340250780654906,0
0,0,0,0,0,0,0,0,0,0.189475908490858,0.340250780654906,0,0,0.340250780654906,0.340250780654906,0.340250780654906,0.340250780654906,0.340250780654906,0.340250780654906,0.340250780654906,0.340250780654906,0,0.340250780654906,0
0,0,0,0,0,0,0,0,0,0.340250780654906,0.246583188329589,0,0,0,0,0,0.340250780654906,0.340250780654906,0.340250780654906,0.340250780654906,0.340250780654906,0.340250780654906,0,0
0,0,0,0,0,0,0,0,0.00388085463910377,0.340250780654906,0.338809110391647,0,0,0.340250780654906,0.340250780654906,0.340250780654906,0.340250780654906,0.340250780654906,0.340250780654906,0.340250780654906,0.340250780654906,0.340250780654906,0.340250780654906,0
0,0,0,0,0,0,0.207021292583114,0.340250780654906,0.298823520389929,0.0828545205301175,0.0414272602650587,0,0,0,0,0,0.340250780654906,0.340250780654906,0.340250780654906,0.340250780654906,0.340250780654906,0.340250780654906,0,0
0,0,0,0,0,0,0,0.0542293341116157,0.282753480271345,0.340250780654906,0.226833853769992,0.113416926884996,0,0,0,0,0.340250780654906,0.340250780654906,0.340250780654906,0.340250780654906,0.340250780654906,0.340250780654906,0,0
0,0,0,0,0,0,0,0,0.234885997571035,0.340250780654906,0.281502246946264,0.22275371323754,0,0,0,0,0,0,0,0,0.340250780654906,0.308499668060403,0,0
0,0,0,0,0,0,0,0,0,0.0669052125481485,0.340250780654906,0.258749667864007,0,0,0,0,0.340250780654906,0.340250780654906,0.340250780654906,0.340250780654906,0.340250780654906,0.340250780654906,0,0
0,0,0,0,0,0,0,0.168942651455417,0.340250780654906,0.340250780654906,0.170125390327439,0,0,0,0,0.340250780654906,0.340250780654906,0.340250780654906,0.340250780654906,0.340250780654906,0.340250780654906,0.340250780654906,0.340250780654906,0.340250780654906
0,0,0,0,0,0,0,0,0,0,0.340250780654906,0.333228077232025,0,0,0,0.340250780654906,0.340250780654906,0.340250780654906,0.340250780654906,0.340250780654906,0.340250780654906,0.340250780654906,0,0
0,0,0,0,0,0,0,0,0.340250780654906,0,0,0.340250780654906,0.340250780654906,0.340250780654906,0.340250780654906,0.340250780654906,0.340250780654906,0.340250780654906,0.340250780654906,0.340250780654906,0.340250780654906,0.340250780654906,0,0
0,0,0,0,0,0.198525150325798,0.340250780654906,0,0,0,0.340250780654906,0.340250780654906,0.340250780654906,0.340250780654906,0.340250780654906,0.340250780654906,0.340250780654906,0.340250780654906,0.340250780654906,0.340250780654906,0,0.340250780654906,0,0
0,0,0,0,0,0,0,0,0,0.00658837005072398,0.340250780654906,0.338493035083914,0.00175774557085558,0,0,0.340250780654906,0.340250780654906,0.340250780654906,0.340250780654906,0.340250780654906,0.340250780654906,0.340250780654906,0.340250780654906,0
0,0,0,0,0,0,0,0,0,0.175705205698994,0.340250780654906,0.170125390327439,0,0,0,0,0.340250780654906,0.340250780654906,0.340250780654906,0.340250780654906,0.340250780654906,0.340250780654906,0.340250780654906,0.340250780654906
0.340250780654906,0,0,0,0,0,0,0,0,0.021001070699403,0.340250780654906,0.33310751704423,0,0,0,0,0.340250780654906,0.340250780654906,0.340250780654906,0.340250780654906,0.340250780654906,0.340250780654906,0.340250780654906,0.340250780654906
0.340250780654906,0,0,0,0,0,0,0,0,0.165965542811375,0.338654194591255,0.340250780654906,0,0,0,0,0,0,0,0,0.340250780654906,0.340250780654906,0,0
0,0,0,0,0,0,0,0,0,0.261648593847399,0.340250780654906,0.252998357385497,0,0,0,0,0,0,0,0,0.340250780654906,0.340250780654906,0.340250780654906,0.340250780654906
0,0,0,0,0,0,0,0,0.134027688821608,0.340250780654906,0.226833853769846,0.113416926884778,0,0,0,0,0,0,0,0,0.340250780654906,0.308972754524365,0,0
0,0,0,0,0,0,0,0,0.147837138480523,0.332860173873665,0.340250780654906,0.170125390327439,0,0.340250780654906,0.340250780654906,0.340250780654906,0.340250780654906,0.340250780654906,0.340250780654906,0.340250780654906,0.340250780654906,0.340250780654906,0,0
0,0,0,0,0,0,0,0,0,0,0.340250780654906,0.253782608903015,0,0,0,0.340250780654906,0.340250780654906,0.340250780654906,0.340250780654906,0.340250780654906,0.340250780654906,0.340250780654906,0,0
0,0,0,0,0,0,0,0,0,0.340250780654906,0.340250780654906,0,0,0.340250780654906,0.340250780654906,0.340250780654906,0.340250780654906,0.340250780654906,0.340250780654906,0.340250780654906,0,0.340250780654906,0,0
0,0,0,0,0,0.286312412930363,0.340250780654906,0.226833853769556,0.113416926884778,0,0,0.340250780654906,0.340250780654906,0.340250780654906,0.340250780654906,0.340250780654906,0.340250780654906,0.340250780654906,0.340250780654906,0.340250780654906,0.340250780654906,0,0.340250780654906,0
0,0,0,0,0,0.0808492331108022,0.340250780654906,0.280047967071205,0.219845153487313,0,0,0,0.340250780654906,0.340250780654906,0.340250780654906,0.340250780654906,0.340250780654906,0.340250780654906,0.340250780654906,0.340250780654906,0.340250780654906,0.340250780654906,0.340250780654906,0.340250780654906
0.340250780654906,0,0,0,0,0,0,0,0,0.340250780654906,0,0,0,0.340250780654906,0.340250780654906,0.340250780654906,0.340250780654906,0.340250780654906,0.340250780654906,0.340250780654906,0.340250780654906,0,0.340250780654906,0
0,0,0,0,0,0,0,0,0.0296330977200431,0.340250780654906,0,0,0.340250780654906,0.340250780654906,0.340250780654906,0.340250780654906,0.340250780654906,0.340250780654906,0.340250780654906,0.340250780654906,0.340250780654906,0.340250780654906,0.340250780654906,0
0,0,0,0,0,0,0,0,0,0.178406371794543,0.340250780654906,0,0,0.340250780654906,0.340250780654906,0.340250780654906,0.340250780654906,0.340250780654906,0.340250780654906,0.340250780654906,0.340250780654906,0,0.340250780654906,0
0,0,0,0,0,0,0,0,0,0.177219071412307,0.340250780654906,0.170125390327439,0,0,0.340250780654906,0.340250780654906,0.340250780654906,0.340250780654906,0.340250780654906,0.340250780654906,0.340250780654906,0.340250780654906,0,0
0,0,0,0,0,0,0,0,0,0,0.340250780654906,0.339956919095893,0.000293861558440814,0,0,0,0.340250780654906,0.340250780654906,0.340250780654906,0.340250780654906,0.340250780654906,0.340250780654906,0,0
0,0,0,0,0,0,0,0,0,0,0.340250780654906,0.337622794483728,0,0,0,0.340250780654906,0.340250780654906,0.340250780654906,0.340250780654906,0.340250780654906,0.340250780654906,0.340250780654906,0.340250780654906,0
0,0,0,0,0,0,0,0,0,0.106744715130677,0.340250780654906,0.25078796442116,0,0,0,0.340250780654906,0.340250780654906,0.340250780654906,0.340250780654906,0.340250780654906,0.340250780654906,0.340250780654906,0,0
0,0,0,0,0,0,0,0,0.00256211041387453,0.256204960055643,0.340250780654906,0.254811766352858,0,0,0,0.340250780654906,0.340250780654906,0.340250780654906,0.340250780654906,0.340250780654906,0.340250780654906,0.340250780654906,0,0
0,0,0,0,0,0,0.159548973232706,0.340250780654906,0.170125390325859,0,0,0,0,0.340250780654906,0.340250780654906,0.340250780654906,0.340250780654906,0.340250780654906,0.340250780654906,0.340250780654906,0.340250780654906,0.340250780654906,0,0
0,0,0,0,0,0,0,0,0,0.197629720513286,0.340250780654906,0,0,0.340250780654906,0.340250780654906,0.340250780654906,0.340250780654906,0.340250780654906,0.340250780654906,0.340250780654906,0.340250780654906,0.340250780654906,0.340250780654906,0
0,0,0,0,0,0,0,0,0,0,0.163445391045553,0.340250780654906,0,0,0.340250780654906,0.340250780654906,0.340250780654906,0.340250780654906,0.340250780654906,0.340250780654906,0.340250780654906,0.340250780654906,0,0
0,0,0,0,0,0,0,0,0,0,0.195392731144454,0.340250780654906,0,0,0,0.340250780654906,0.340250780654906,0.340250780654906,0.340250780654906,0.340250780654906,0.340250780654906,0,0.340250780654906,0
0,0,0,0,0,0,0,0,0,0.172804582080947,0.340250780654906,0,0,0.340250780654906,0.340250780654906,0.340250780654906,0.340250780654906,0.340250780654906,0.340250780654906,0.340250780654906,0.340250780654906,0,0.340250780654906,0
0,0,0,0,0,0,0,0,0,0.0107557976792284,0.340250780654906,0.336519424263611,0,0,0,0.340250780654906,0.340250780654906,0.340250780654906,0.340250780654906,0.340250780654906,0.340250780654906,0.340250780654906,0,0
0,0,0,0,0,0,0,0,0,0.0280198989935515,0.265749364480901,0.340250780654906,0.0886189727847712,0,0,0,0.340250780654906,0.340250780654906,0.340250780654906,0.340250780654906,0.340250780654906,0.340250780654906,0,0
0,0,0,0,0,0,0,0.24780190163045,0.340250780654906,0.257611512319459,0,0,0.340250780654906,0.340250780654906,0.340250780654906,0.340250780654906,0.340250780654906,0.340250780654906,0.340250780654906,0.340250780654906,0.340250780654906,0.340250780654906,0.340250780654906,0
0,0,0,0,0.054106229919685,0.108212459839152,0,0,0,0,0.340250780654906,0,0,0,0.340250780654906,0.340250780654906,0.340250780654906,0.340250780654906,0.340250780654906,0.340250780654906,0.340250780654906,0.340250780654906,0,0
0,0,0,0,0,0,0,0.0101790556543886,0.340250780654906,0.33671068045307,0,0.340250780654906,0,0,0.340250780654906,0.340250780654906,0.340250780654906,0.340250780654906,0.340250780654906,0.340250780654906,0.340250780654906,0.340250780654906,0.340250780654906,0.340250780654906
0.340250780654906,0.340250780654906,0.340250780654906,0.340250780654906,0.340250780654906,0.340250780654906,0.340250780654906,0.340250780654906,0.340250780654906,0.340250780654906,0.340250780654906,0.340250780654906,0.340250780654906,0.340250780654906,0.340250780654906,0.340250780654906,0.340250780654906,0.340250780654906,0.340250780654906,0.340250780654906,0.340250780654906,0.340250780654906,0.340250780654906,0.340250780654906
0.340250780654906,0.340250780654906,0.340250780654906,0.340250780654906,0.340250780654906,0.340250780654906,0.340250780654906,0.340250780654906,0.340250780654906,0.340250780654906,0.340250780654906,0.340250780654906,0.340250780654906,0.340250780654906,0.340250780654906,0.340250780654906,0.340250780654906,0.340250780654906,0.340250780654906,0.340250780654906,0.340250780654906,0.340250780654906,0,0
0.340250780654906,0.340250780654906,0,0,0,0,0,0,0,0.184114422155851,0.340250780654906,0,0,0.340250780654906,0.340250780654906,0.340250780654906,0.340250780654906,0.340250780654906,0.340250780654906,0.340250780654906,0.340250780654906,0.340250780654906,0,0
0,0,0,0,0,0,0,0,0.0314028870312646,0.267017812154899,0.340250780654906,0.251209107172187,0,0,0,0,0.340250780654906,0.340250780654906,0.340250780654906,0.340250780654906,0.340250780654906,0.340250780654906,0,0
0,0,0,0,0,0,0,0,0.0823658809307749,0.340250780654906,0.255659682251092,0,0,0.340250780654906,0.340250780654906,0.340250780654906,0.340250780654906,0.340250780654906,0.340250780654906,0.340250780654906,0.340250780654906,0.340250780654906,0,0
0,0,0,0,0,0,0,0.262947782292143,0.340250780654906,0.252565150077115,0,0,0.340250780654906,0.340250780654906,0.340250780654906,0.340250780654906,0.340250780654906,0.340250780654906,0.340250780654906,0.340250780654906,0,0.340250780654906,0,0
0,0,0,0,0,0,0,0.0857702646472757,0.340250780654906,0.25497912203487,0,0,0,0.340250780654906,0.340250780654906,0.340250780654906,0.340250780654906,0.340250780654906,0.340250780654906,0.340250780654906,0.340250780654906,0.340250780654906,0,0
0,0,0,0,0,0,0,0,0,0.178867334701808,0.340250780654906,0,0,0.340250780654906,0.340250780654906,0.340250780654906,0.340250780654906,0.340250780654906,0.340250780654906,0,0.340250780654906,0,0,0
0,0,0,0,0,0,0,0,0,0.340250780654906,0.335470442258566,0,0,0.340250780654906,0.340250780654906,0.340250780654906,0.340250780654906,0.340250780654906,0.340250780654906,0.340250780654906,0.340250780654906,0.340250780654906,0,0
0,0,0,0,0,0,0,0,0,0,0.0305789410679877,0.340250780654906,0,0,0,0.340250780654906,0.340250780654906,0.340250780654906,0.340250780654906,0.340250780654906,0.340250780654906,0.340250780654906,0.340250780654906,0
0,0.340250780654906,0.340250780654906,0,0,0,0,0,0,0.194429320056326,0.340250780654906,0.330467690354028,0.00978309030132327,0,0,0,0,0,0,0,0.263343739747421,0.340250780654906,0,0
0,0,0,0,0,0,0,0,0,0.0663721337107347,0.340250780654906,0.258856015183124,0,0,0.340250780654906,0.340250780654906,0.340250780654906,0.340250780654906,0.340250780654906,0.340250780654906,0.340250780654906,0,0,0
0,0,0,0,0,0,0.115909838004891,0.228080309329885,0.340250780654906,0.28320277282373,0.0570480078313671,0,0,0.340250780654906,0.340250780654906,0.340250780654906,0.340250780654906,0.340250780654906,0.340250780654906,0.340250780654906,0,0.340250780654906,0,0
0,0,0,0,0,0,0,0.340250780654906,0.254434250239746,0,0,0.340250780654906,0.340250780654906,0.340250780654906,0.340250780654906,0.340250780654906,0.340250780654906,0.340250780654906,0.340250780654906,0.340250780654906,0.340250780654906,0.340250780654906,0,0
0,0,0,0,0,0,0.0266929612984103,0.340250780654906,0.331210429059745,0,0,0.340250780654906,0.340250780654906,0.340250780654906,0.340250780654906,0.340250780654906,0.340250780654906,0.340250780654906,0.340250780654906,0.340250780654906,0.340250780654906,0.340250780654906,0,0
0,0,0,0,0,0,0,0,0,0.340250780654906,0,0,0,0.340250780654906,0.340250780654906,0.340250780654906,0.340250780654906,0.340250780654906,0.340250780654906,0.340250780654906,0.340250780654906,0.340250780654906,0,0
0,0,0,0,0,0,0,0,0,0.0417097087866244,0.340250780654906,0.326209551654331,0,0,0,0.340250780654906,0.340250780654906,0.340250780654906,0.340250780654906,0.340250780654906,0.340250780654906,0.340250780654906,0.340250780654906,0.340250780654906
0.340250780654906,0,0,0,0,0,0,0,0.194012446853807,0.340250780654906,0.328228653431841,0,0,0,0,0.340250780654906,0.340250780654906,0.340250780654906,0.340250780654906,0.340250780654906,0.340250780654906,0,0,0
0,0,0,0,0,0.114300841000087,0.0571504205001525,0,0,0.340250780654906,0,0,0,0.340250780654906,0.340250780654906,0.340250780654906,0.340250780654906,0.340250780654906,0.340250780654906,0.340250780654906,0,0.340250780654906,0,0
0,0,0,0,0,0,0,0,0,0,0.161274280981859,0.340250780654906,0.170125390327439,0,0,0,0.340250780654906,0.340250780654906,0.340250780654906,0.340250780654906,0.340250780654906,0.340250780654906,0.340250780654906,0
0,0,0,0,0,0,0,0.230035365972712,0.340250780654906,0.272200624524218,0.204150468392958,0.136100312261972,0.0680501561310544,0,0,0,0,0,0,0,0,0.340250780654906,0.30872026538563,0
0,0,0,0,0,0,0,0.246736171246884,0.340250780654906,0.255188085491241,0.170125390327494,0.0850626951637469,0,0,0,0,0,0,0,0,0,0.264196892824853,0.340250780654906,0
0,0,0,0,0,0,0,0.0892109994769201,0,0.146179314313348,0.332308034330795,0.340250780654906,0.170125390327439,0,0,0,0,0,0,0,0.0760085206681238,0.340250780654906,0,0
0,0,0,0,0,0,0,0,0.0443169084289305,0.340250780654906,0.331326936874923,0.322403093095076,0.161201546547538,0,0,0,0,0,0,0,0,0.340250780654906,0.143595377592459,0
0,0,0,0,0,0,0,0.183093841561894,0.261672311108386,0.340250780654906,0.255188085491241,0.170125390327276,0.0850626951636379,0,0,0,0,0,0,0,0.0770556678804228,0.340250780654906,0.231292422795963,0
0,0,0,0,0,0,0,0,0,0,0.331779389482236,0.340250780654906,0.170125390327439,0,0,0,0,0,0,0,0.0766149196059218,0.340250780654906,0,0
0,0,0,0,0,0,0,0,0.246536150930655,0.340250780654906,0.255188085491241,0.170125390327494,0.0850626951637469,0,0,0,0,0,0,0,0.263639323517519,0.340250780654906,0,0
0,0,0,0,0,0,0,0,0,0.145642142455269,0.332128925696676,0.340250780654906,0.170125390327439,0,0,0,0,0,0,0,0.340250780654906,0,0,0
0,0,0,0,0,0,0,0,0.153324610907014,0.340250780654906,0.170125390327385,0,0,0,0,0.340250780654906,0.340250780654906,0.340250780654906,0.340250780654906,0.340250780654906,0.340250780654906,0.340250780654906,0,0
0,0,0,0,0,0,0.340250780654906,0.170125390327439,0,0,0,0,0,0.340250780654906,0.340250780654906,0.340250780654906,0.340250780654906,0.340250780654906,0.340250780654906,0.340250780654906,0.340250780654906,0.340250780654906,0,0
0,0,0,0,0,0,0,0.163378216536316,0,0.340250780654906,0.251459681408715,0,0,0.340250780654906,0.340250780654906,0.340250780654906,0.340250780654906,0.340250780654906,0.340250780654906,0.340250780654906,0.340250780654906,0.340250780654906,0.340250780654906,0
0,0,0,0,0,0,0,0,0.122082802260397,0.340250780654906,0.226833853769992,0.113416926884996,0,0,0,0.340250780654906,0.340250780654906,0.340250780654906,0.340250780654906,0.340250780654906,0.340250780654906,0.340250780654906,0.340250780654906,0
0,0,0,0,0,0,0,0.168131260460271,0.340250780654906,0.340250780654906,0.170125390326949,0,0,0.340250780654906,0.340250780654906,0.340250780654906,0.340250780654906,0.340250780654906,0.340250780654906,0.340250780654906,0.340250780654906,0.340250780654906,0.340250780654906,0
0,0,0,0,0,0,0,0,0,0,0.085073545945415,0.340250780654906,0.255118377451212,0,0,0.340250780654906,0.340250780654906,0.340250780654906,0.340250780654906,0.340250780654906,0.340250780654906,0.340250780654906,0,0
0,0,0,0,0,0,0,0.0551638362339832,0.110327672467748,0,0.0982288973481609,0.340250780654906,0.252489612047109,0,0,0,0,0,0,0,0.170125390327385,0.340250780654906,0,0
0,0,0,0,0,0,0,0,0,0,0.0666639341863079,0.340250780654906,0.258797839517442,0,0,0,0,0,0,0,0.340250780654906,0.298630578124214,0,0
0,0,0,0,0,0,0,0,0.0182082693781535,0.270749055668514,0.340250780654906,0.226833853769774,0.113416926884669,0,0,0,0.340250780654906,0.340250780654906,0.340250780654906,0.340250780654906,0.340250780654906,0.340250780654906,0.340250780654906,0
0,0,0,0,0,0,0,0.120450000004633,0.340250780654906,0.255188085491241,0.170125390327494,0.0850626951637469,0,0,0,0,0.340250780654906,0.340250780654906,0.340250780654906,0.340250780654906,0.340250780654906,0.340250780654906,0.340250780654906,0.340250780654906
0.340250780654906,0,0,0,0,0.198900118212641,0.26957544943376,0.340250780654906,0.255188085491241,0.170125390327494,0.0850626951638559,0,0,0,0,0.340250780654906,0.340250780654906,0.340250780654906,0.340250780654906,0.340250780654906,0.340250780654906,0.340250780654906,0,0
0,0,0,0,0.0274400175448338,0.0548800350896675,0.0823200526345013,0.21128541664469,0.340250780654906,0.297970820981557,0.0845599193462072,0.0422799596731036,0,0,0.340250780654906,0.340250780654906,0.340250780654906,0.340250780654906,0.340250780654906,0,0.340250780654906,0,0,0
0,0,0,0,0,0,0,0,0,0,0.340250780654906,0,0.340250780654906,0.340250780654906,0,0.340250780654906,0.340250780654906,0.340250780654906,0.340250780654906,0.340250780654906,0.340250780654906,0.340250780654906,0.340250780654906,0.340250780654906
0.340250780654906,0.340250780654906,0.340250780654906,0.340250780654906,0.340250780654906,0.340250780654906,0.340250780654906,0.340250780654906,0.340250780654906,0.340250780654906,0.340250780654906,0.340250780654906,0.340250780654906,0.340250780654906,0.340250780654906,0.340250780654906,0.340250780654906,0.340250780654906,0.340250780654906,0.340250780654906,0.340250780654906,0.340250780654906,0.340250780654906,0.340250780654906
0.340250780654906,0.340250780654906,0.340250780654906,0.340250780654906,0.340250780654906,0.340250780654906,0.340250780654906,0.340250780654906,0.340250780654906,0.340250780654906,0.340250780654906,0.340250780654906,0.340250780654906,0.340250780654906,0.340250780654906,0.340250780654906,0.340250780654906,0.340250780654906,0.340250780654906,0.340250780654906,0.340250780654906,0.340250780654906,0.340250780654906,0.340250780654906
0.340250780654906,0.340250780654906,0.340250780654906,0.340250780654906,0.340250780654906,0.340250780654906,0.340250780654906,0.340250780654906,0.340250780654906,0.340250780654906,0.340250780654906,0.340250780654906,0.340250780654906,0.340250780654906,0.340250780654906,0.340250780654906,0.340250780654906,0.340250780654906,0.340250780654906,0.340250780654906,0.340250780654906,0.340250780654906,0,0.340250780654906
0.340250780654906,0,0,0,0,0,0,0,0,0,0.00496932909766101,0.340250780654906,0.338445527157417,0,0,0.340250780654906,0.340250780654906,0.340250780654906,0.340250780654906,0.340250780654906,0.340250780654906,0.340250780654906,0.340250780654906,0
0,0,0,0,0,0,0,0,0.0797663643342038,0.340250780654906,0.293548429310666,0.246846077966561,0.200143726622566,0,0,0,0.340250780654906,0.340250780654906,0.340250780654906,0.340250780654906,0.340250780654906,0,0,0
0,0,0,0.21639509535108,0.340250780654906,0.286122404751923,0.0541283759030074,0,0.259176684200562,0.340250780654906,0.259058216800419,0,0,0,0.340250780654906,0.340250780654906,0.340250780654906,0.340250780654906,0.340250780654906,0.340250780654906,0.340250780654906,0.340250780654906,0,0
0,0,0,0,0,0,0,0,0,0.00639658123341172,0.340250780654906,0.337970637743515,0,0,0.340250780654906,0.340250780654906,0.340250780654906,0.340250780654906,0.340250780654906,0.340250780654906,0.340250780654906,0.340250780654906,0.340250780654906,0
0,0,0,0,0,0,0,0,0,0.0397969689157064,0.270164655213905,0.340250780654906,0.250160783999148,0,0,0,0.340250780654906,0.340250780654906,0.340250780654906,0.340250780654906,0.340250780654906,0.340250780654906,0,0
0,0,0,0,0,0,0,0,0,0,0.140215150402351,0.340250780654906,0.244099314328789,0,0,0,0.340250780654906,0.340250780654906,0.340250780654906,0.340250780654906,0.340250780654906,0.340250780654906,0.340250780654906,0
0.340250780654906,0.340250780654906,0.340250780654906,0.340250780654906,0.340250780654906,0.340250780654906,0,0,0.039606395659238,0.0792127913185031,0.118819186977755,0.340250780654906,0.248375097850544,0,0,0,0.340250780654906,0.340250780654906,0.340250780654906,0.340250780654906,0.340250780654906,0.340250780654906,0.340250780654906,0.340250780654906
0.340250780654906,0,0,0,0,0,0,0,0,0,0.145670281551459,0.340250780654906,0.243009109289622,0,0,0,0.340250780654906,0.340250780654906,0.340250780654906,0.340250780654906,0.340250780654906,0.340250780654906,0.340250780654906,0.340250780654906
0.340250780654906,0,0,0.340250780654906,0.340250780654906,0.340250780654906,0,0,0.22023755419884,0.340250780654906,0.32016896628694,0.16008448314347,0,0,0,0,0,0,0,0,0,0.264727850888838,0.340250780654906,0
0,0,0,0,0,0,0,0,0,0,0.340250780654906,0.257445837944764,0,0,0.340250780654906,0.340250780654906,0.340250780654906,0.340250780654906,0.340250780654906,0.340250780654906,0.340250780654906,0,0.340250780654906,0
0,0,0,0,0.115843766715951,0.0579218833580301,0,0,0,0.166125567468907,0.340250780654906,0,0,0.340250780654906,0.340250780654906,0.340250780654906,0.340250780654906,0.340250780654906,0.340250780654906,0.340250780654906,0.340250780654906,0,0.340250780654906,0
0,0,0,0,0,0,0,0.246470218180554,0.340250780654906,0.278607350382338,0.0616434302722136,0,0,0,0.340250780654906,0.340250780654906,0.340250780654906,0.340250780654906,0.340250780654906,0.340250780654906,0.340250780654906,0.340250780654906,0.340250780654906,0
0,0,0,0,0,0,0,0,0,0.0930933411138435,0.340250780654906,0.253515779531408,0,0,0,0.340250780654906,0.340250780654906,0.340250780654906,0.340250780654906,0.340250780654906,0.340250780654906,0.340250780654906,0.340250780654906,0
0,0,0,0,0,0,0,0,0,0,0.222001272997805,0.340250780654906,0,0,0,0.340250780654906,0.340250780654906,0.340250780654906,0.340250780654906,0.340250780654906,0.340250780654906,0.340250780654906,0.340250780654906,0.340250780654906
0,0,0.340250780654906,0.293349957055146,0.340250780654906,0.340250780654906,0,0.304545429644349,0.340250780654906,0.226833853769992,0.113416926884996,0,0,0,0,0,0.340250780654906,0.340250780654906,0.340250780654906,0.340250780654906,0.340250780654906,0.340250780654906,0.340250780654906,0.340250780654906
0.340250780654906,0.340250780654906,0.340250780654906,0.340250780654906,0.340250780654879,0.340250780654906,0,0,0,0.158544310635569,0.340250780654906,0.240436130901846,0,0,0,0,0.340250780654906,0,0.340250780654906,0.340250780654906,0.340250780654906,0.340250780654906,0.340250780654906,0.340250780654906
0.340250780654906,0.340250780654906,0.340250780654906,0,0,0,0,0,0,0,0.282519267094003,0.340250780654906,0.246044363984253,0,0,0,0.340250780654906,0.340250780654906,0.340250780654906,0.340250780654906,0.340250780654906,0.340250780654906,0.340250780654906,0
0,0.340250780654906,0.340250780654906,0.340250780654906,0.340250780654906,0.340250780654906,0.340250780654906,0,0,0,0,0.108914564378772,0.340250780654906,0,0,0,0,0,0,0,0.340250780654906,0.340250780654906,0.340250780654906,0.340250780654906
0.340250780654906,0.340250780654906,0.340250780654906,0.340250780654906,0,0,0,0,0,0,0.0431637779285544,0.340250780654906,0.325726955642554,0,0,0,0.340250780654906,0.340250780654906,0.340250780654906,0.340250780654906,0.340250780654906,0.340250780654906,0.340250780654906,0.340250780654906
0.340250780654906,0,0,0,0,0,0,0,0,0.152782285038838,0.340250780654906,0.241587531648709,0,0,0,0,0.340250780654906,0.340250780654906,0.340250780654906,0.340250780654906,0.340250780654906,0,0.340250780654906,0
0,0,0,0.0873104759040095,0,0.0873104759039005,0.174620951808019,0.0873104759040095,0,0.162003870911765,0.149502883650999,0.332071272289208,0.340250780654906,0,0,0.340250780654906,0.340250780654906,0.340250780654906,0.340250780654906,0.340250780654906,0.340250780654906,0.340250780654906,0.340250780654906,0.340250780654906
0,0,0,0,0,0,0,0,0,0.0664635989653592,0.340250780654906,0.317965543388816,0,0,0,0,0.340250780654906,0.340250780654906,0.340250780654906,0.340250780654906,0.340250780654906,0.340250780654906,0.340250780654906,0.340250780654906
0.340250780654906,0.340250780654906,0.243214379378205,0.340250780654906,0.243214379378205,0.340250780654906,0,0.112629934707549,0.297471507349204,0.340250780654906,0.241062170833676,0,0,0,0,0,0.340250780654906,0.340250780654906,0.340250780654906,0.340250780654906,0.340250780654906,0.340250780654906,0,0
0,0,0.0742987250876143,0.340250780654906,0.257270936402028,0,0,0,0.170125390327494,0.340250780654906,0.335618245256842,0.340250780654906,0,0,0.340250780654906,0.340250780654906,0.340250780654906,0.340250780654906,0.340250780654906,0.340250780654906,0.340250780654906,0.340250780654906,0.340250780654906,0.340250780654906
0,0,0,0,0,0,0,0,0,0,0.291225017255605,0.340250780654906,0.243143614777741,0,0,0,0.340250780654906,0.340250780654906,0.340250780654906,0.340250780654906,0.340250780654906,0.340250780654906,0.340250780654906,0
0,0,0.340250780654906,0.170125390327494,0,0.175273785483944,0.00514839515655953,0.0609035746602242,0.11665875416378,0,0.168519498564279,0.340250780654906,0.34025078065477,0.340250780654906,0,0,0.340250780654906,0.340250780654906,0.340250780654906,0.340250780654906,0.340250780654906,0.340250780654906,0,0
0,0,0,0,0,0,0,0,0,0.0636818129613833,0.340250780654906,0.0808571963981561,0,0.0893270725682772,0,0,0.340250780654906,0.340250780654906,0.340250780654906,0.340250780654906,0.340250780654906,0.340250780654906,0,0
0,0,0,0,0,0,0,0,0.168742400548624,0.168742400548515,0,0,0.175271978977968,0.340250780654906,0,0,0,0,0,0,0,0.266418919001432,0.340250780654906,0
0,0,0,0,0,0,0,0,0,0.120143177270162,0.300287527564514,0.340250780654906,0.240124460136403,0,0,0,0,0,0.340250780654906,0.340250780654906,0.340250780654906,0.340250780654906,0.340250780654906,0.340250780654906
0.340250780654906,0.340250780654906,0.340250780654906,0.340250780654906,0.340250780654906,0.340250780654906,0.340250780654906,0,0,0,0.0889769939469652,0.340250780654906,0.310468887700911,0,0,0,0,0,0.340250780654906,0.340250780654906,0.340250780654906,0.340250780654906,0.340250780654906,0.340250780654906
0.340250780654906,0.340250780654906,0.340250780654906,0.340250780654906,0.340250780654906,0.340250780654906,0.340250780654906,0,0,0,0.0921098786027414,0.340250780654906,0.170125390327467,0,0,0,0,0,0.340250780654906,0.340250780654906,0.340250780654906,0.340250780654906,0.340250780654906,0.340250780654906
0.340250780654906,0.340250780654906,0.340250780654906,0.340250780654906,0.340250780654906,0.340250780654906,0.340250780654906,0,0,0,0,0.26419964284435,0.340250780654906,0,0,0,0.340250780654906,0.340250780654906,0.340250780654906,0.340250780654906,0.340250780654906,0.340250780654906,0,0
0.340250780654906,0.340250780654906,0.340250780654906,0.340250780654906,0.340250780654906,0.340250780654906,0.340250780654906,0,0,0.119222164588566,0.340250780654906,0.274571767766744,0.0656790128881345,0,0,0,0,0,0.340250780654906,0.340250780654906,0.340250780654906,0.340250780654906,0.340250780654906,0.340250780654906
0.340250780654906,0.340250780654906,0.340250780654906,0.340250780654906,0,0,0.340250780654906,0,0,0,0.0914304200151178,0.340250780654906,0.309652194065443,0,0,0,0.340250780654906,0.340250780654906,0.340250780654906,0.340250780654906,0.340250780654906,0.340250780654906,0,0
0.340250780654906,0.340250780654906,0.340250780654906,0.340250780654906,0.340250780654906,0.340250780654906,0.340250780654906,0,0.0778765346628562,0.340250780654906,0.320712056667525,0.160356028333763,0,0,0,0,0.340250780654906,0.340250780654906,0.340250780654906,0.340250780654906,0.340250780654906,0.340250780654906,0.340250780654906,0.340250780654906
0.340250780654906,0.340250780654906,0.340250780654906,0.340250780654906,0,0.340250780654906,0,0,0,0.0246957216130285,0.340250780654906,0.239429768461659,0,0,0,0,0,0,0,0,0,0,0,0
0,0,0,0,0,0.290079361055334,0.340250780654906,0,0,0,0.0245935938181809,0.340250780654906,0.23944493371711,0,0,0,0.340250780654906,0.340250780654906,0.340250780654906,0.340250780654906,0.340250780654906,0.340250780654906,0.340250780654906,0.340250780654906
0.340250780654906,0.340250780654906,0.340250780654906,0.340250780654906,0,0,0.340250780654906,0,0,0,0,0.124997083833959,0.340250780654906,0,0,0,0.340250780654906,0,0.340250780654906,0.340250780654906,0.340250780654906,0.340250780654906,0,0.340250780654906
0.340250780654906,0.340250780654906,0.340250780654906,0.340250780654906,0.340250780654906,0.340250780654906,0.340250780654906,0,0,0.267893030617771,0.340250780654906,0.27325480681142,0.206258832967979,0,0,0,0.340250780654906,0.340250780654906,0.340250780654906,0.340250780654906,0.340250780654906,0.340250780654906,0.340250780654906,0.340250780654906
0.340250780654906,0.340250780654906,0.340250780654906,0,0,0,0.340250780654906,0,0.340250780654906,0.216012539688993,0.0917742987228899,0.108006269844415,0.12423824096594,0,0,0,0.340250780654906,0.340250780654906,0.340250780654906,0.340250780654906,0.340250780654906,0.340250780654906,0.340250780654906,0
0,0.340250780654906,0.340250780654906,0.340250780654906,0.340250780654906,0.340250780654906,0.340250780654906,0,0.213383840912104,0.340250780654906,0.325800268465622,0.311349756276037,0.155674878138019,0,0,0,0.340250780654906,0,0.340250780654906,0.340250780654906,0.340250780654906,0.340250780654906,0.340250780654906,0
0,0.340250780654906,0.340250780654906,0.340250780654906,0.340250780654906,0.340250780654906,0.340250780654906,0,0,0,0.295690293443307,0.340250780654906,0.2416559483367,0,0,0,0,0.340250780654906,0.340250780654906,0.340250780654906,0.340250780654906,0.340250780654906,0.340250780654906,0.340250780654906
0,0,0.340250780654906,0.340250780654906,0.340250780654906,0.340250780654906,0.340250780654906,0,0,0.0837244105687594,0.340250780654906,0.319251596477091,0.159625798238509,0,0,0,0.340250780654906,0.340250780654906,0,0.340250780654906,0.340250780654906,0.340250780654906,0.340250780654906,0.340250780654906
0.340250780654906,0.340250780654906,0.340250780654906,0.340250780654906,0.340250780654906,0,0.340250780654906,0,0.340250780654906,0.133067734624666,0.0665338673123329,0,0,0,0,0,0,0,0,0.0527023237570692,0.287548456898136,0.340250780654906,0,0
0,0.340250780654906,0.226833853769992,0.113416926884996,0,0,0,0,0.170125390327439,0.340250780654906,0.330155345512543,0.139958188854916,0,0,0.340250780654906,0,0,0,0.340250780654906,0.340250780654906,0.340250780654906,0.340250780654906,0.340250780654906,0.340250780654906
0.340250780654906,0.340250780654906,0.340250780654906,0.340250780654906,0.340250780654906,0.340250780654906,0.340250780654906,0,0,0,0.231500043866145,0.340250780654906,0.30949520844972,0,0,0,0,0,0.340250780654906,0.340250780654906,0.340250780654906,0.340250780654906,0,0.340250780654906
0.340250780654906,0.340250780654906,0.340250780654906,0.340250780654906,0.340250780654906,0,0.340250780654906,0,0.181415926388262,0.331233333363359,0.340250780654906,0.20856064826878,0.0768705158827349,0,0,0,0.340250780654906,0.340250780654906,0.340250780654906,0.340250780654906,0.340250780654906,0.340250780654906,0,0
0.340250780654906,0.340250780654906,0.340250780654906,0.340250780654906,0.340250780654906,0.340250780654906,0.340250780654906,0,0,0,0.227085647954671,0.340250780654906,0.311700594650247,0,0,0,0.340250780654906,0,0.340250780654906,0.340250780654906,0.340250780654906,0.340250780654906,0.340250780654906,0.340250780654906
0.340250780654906,0.340250780654906,0.340250780654906,0.340250780654906,0.340250780654906,0.340250780654906,0.340250780654906,0,0,0.243310872784656,0.340250780654906,0.279396948716139,0.0608538319386537,0,0,0,0.340250780654906,0.340250780654906,0.340250780654906,0.340250780654906,0.340250780654906,0.340250780654906,0.340250780654906,0
0,0,0,0,0,0,0,0,0,0.212066914067117,0.340250780654906,0.323436054732453,0.161718027366227,0,0,0,0.340250780654906,0.340250780654906,0.340250780654906,0.340250780654906,0.340250780654906,0.340250780654906,0.340250780654906,0.340250780654906
0.340250780654906,0.340250780654906,0,0.340250780654906,0.340250780654906,0.340250780654906,0,0,0,0,0,0.0677975672954116,0.340250780654906,0.317522984054493,0,0,0.340250780654906,0.340250780654906,0.340250780654906,0.340250780654906,0.340250780654906,0.340250780654906,0.340250780654906,0.340250780654906
0.340250780654906,0.340250780654906,0.0808693869653875,0,0,0.340250780654906,0.340250780654906,0.340250780654906,0,0,0,0.340250780654906,0.340250780654906,0,0.340250780654906,0.340250780654906,0.340250780654906,0.340250780654906,0.340250780654906,0.340250780654906,0.340250780654906,0.340250780654906,0.340250780654906,0
0,0,1.08990611301528e-13,0,0,0,0,0.146756483424655,0.243503632039821,0.340250780654906,0.291530909301304,0.242811037947756,0.194091166594195,0,0,0,0.340250780654906,0.340250780654906,0.340250780654906,0.340250780654906,0.340250780654906,0.340250780654906,0.340250780654906,0
0,0.340250780654906,0.340250780654906,0.340250780654906,0.340250780654906,0,0.340250780654906,0,0,0,0.1553982500079,0.340250780654906,0.241064993103033,0,0,0,0.340250780654906,0.340250780654906,0.340250780654906,0.340250780654906,0.340250780654906,0.340250780654906,0.340250780654906,0
0,0.340250780654906,0.340250780654906,0.0270855446333524,0,0,0,0,0.247261032682772,0.340250780654906,0.29077982483427,0.0989419116402366,0.0494709558201183,0,0,0,0.340250780654906,0.340250780654906,0.340250780654906,0.340250780654906,0.340250780654906,0.340250780654906,0,0
0.340250780654906,0.340250780654906,0.340250780654906,0.340250780654906,0.340250780654906,0,0.340250780654906,0,0,0,0,0.340250780654906,0.310691698648042,0,0,0,0,0.340250780654906,0.340250780654906,0.340250780654906,0.340250780654906,0,0,0
0,0.340250780654906,0.340250780654906,0.340250780654906,0,0,0,0,0,0,0,0.255872965946522,0.340250780654906,0,0,0,0.340250780654906,0,0,0.340250780654906,0.340250780654906,0.340250780654906,0.340250780654906,0.340250780654906
0.340250780654906,0.340250780654906,0.340250780654906,0.340250780654906,0.340250780654906,0.340250780654906,0.340250780654906,0,0,0,0,0.119613844202296,0.340250780654906,0,0,0,0,0,0,0.340250780654906,0.340250780654906,0.340250780654906,0.340250780654906,0.340250780654906
0.340250780654906,0,0,0,0,0,0,0,0.146156665787483,0,0,0,0.340250780654906,0,0,0,0.340250780654906,0.340250780654906,0.340250780654906,0.340250780654906,0.340250780654906,0.340250780654906,0.340250780654906,0
0,0,0,0,0,0,0,0.340250780654906,0.170125390327439,0,0,0,0,0,0,0,0.340250780654906,0.340250780654906,0.340250780654906,0.340250780654906,0.340250780654906,0.340250780654906,0,0
0,0,0,0,0,0,0,0,0,0.0435581461727653,0.271574684034845,0.340250780654906,0.249691049238225,0,0,0,0,0.340250780654906,0.340250780654906,0.340250780654906,0.340250780654906,0.340250780654906,0.340250780654906,0.340250780654906
0,0,0,0,0,0,0,0,0.132616728990278,0.30887678017333,0.340250780654906,0.226833853769955,0.113416926884996,0,0,0,0,0.340250780654906,0.340250780654906,0.340250780654906,0.340250780654906,0.340250780654906,0.340250780654906,0
0,0,0,0,0,0,0,0.0323230192011454,0.340250780654906,0.306349791718391,0.27244880278234,0.0678019778721025,0.0339009889360512,0,0,0,0,0,0,0,0,0.340250780654906,0.340250780654906,0
0,0,0,0,0,0,0,0,0,0,0.146232236171079,0.340250780654906,0.242896599015001,0,0,0,0,0,0.340250780654906,0.340250780654906,0.340250780654906,0.340250780654906,0.340250780654906,0.340250780654906
0.340250780654906,0.340250780654906,0.340250780654906,0.340250780654906,0.340250780654906,0.340250780654906,0,0.096611378190895,0.275187722156609,0.307719251405771,0.340250780654906,0.226833853769774,0.113416926884887,0,0,0,0,0,0,0,0.340250780654906,0,0,0
0,0,0,0,0,0,0.179236560589083,5.93935583251684e-05,2.96967791080889e-05,0,0.179236560588974,0.340250780654906,0.2595805153014,0,0,0.340250780654906,0.340250780654906,0.340250780654906,0.340250780654906,0.340250780654906,0.340250780654906,0.340250780654906,0,0
0,0,0,0,0,0,0,0.0571838799637694,0.11436775992743,0,0,0.168715955517483,0.339754010964754,0.340250780654906,0,0,0,0,0,0,0.0518075743735976,0.288443206281281,0.340250780654906,0
0,0,0,0,0,0,0,0,0,0.328124851261807,0.340250780654906,0,0,0,0,0,0.340250780654906,0.340250780654906,0.340250780654906,0.340250780654906,0.340250780654906,0,0,0
0,0,0.119602669026803,0.0598013345134016,0,0.119485076321913,0.238970152643936,0,0,0,0.0975528103048264,0.340250780654906,0.226833853769919,0.113416926884996,0,0.340250780654906,0.340250780654906,0.340250780654906,0.340250780654906,0.340250780654906,0.340250780654906,0.340250780654906,0.340250780654906,0
0,0,0,0,0,0,0,0,0,0,0,0,0.329517047871396,0.340250780654906,0,0,0,0,0,0,0,0.340250780654906,0,0
0,0,0,0,0,0,0,0.0811906544292774,0,0.0811906544293864,0.340250780654906,0.255188085491132,0.170125390327494,0.0850626951637469,0,0,0,0.340250780654906,0.340250780654906,0.340250780654906,0.340250780654906,0.340250780654906,0.340250780654906,0
0.340250780654906,0.340250780654906,0.340250780654906,0.340250780654906,0.340250780654906,0.340250780654906,0.340250780654906,0,0.340250780654906,0.255188085491213,0.170125390327385,0.0850626951636924,0,0,0,0,0,0,0,0,0.340250780654906,0.340250780654906,0.340250780654906,0
0,0,0,0,0,0,0,0,0,0,0.090984345341541,0.340250780654906,0.253937767471275,0,0,0,0.340250780654906,0.340250780654906,0.340250780654906,0.340250780654906,0.340250780654906,0.340250780654906,0.340250780654906,0
0,0,0,0,0,0,0,0,0,0,5.4495305650764e-14,0,0.340250780654906,0.340250780654906,0,0,0,0,0.340250780654906,0.340250780654906,0.340250780654906,0.340250780654906,0.340250780654906,0.340250780654906
0,0,0,0,0,0,0,0,0,0,0,0.264594647975089,0.340250780654906,0,0,0,0.340250780654906,0.340250780654906,0.340250780654906,0.340250780654906,0.340250780654906,0.340250780654906,0.340250780654906,0.340250780654906
0,0,0.340250780654906,0.340250780654906,0.340250780654906,0.340250780654906,0.340250780654906,0,0,0,0.231796125601485,0.340250780654906,0.309347351076763,0,0,0,0.340250780654906,0.340250780654906,0.340250780654906,0.340250780654906,0.340250780654906,0.340250780654906,0.340250780654906,0
0,0.340250780654906,0.340250780654906,0.340250780654906,0.340250780654906,0.340250780654906,0.340250780654906,0,0.340250780654906,0.324355661648622,0.170125390327494,0.0158951190063112,0,0,0,0,0.340250780654906,0.340250780654906,0.340250780654906,0.340250780654906,0.340250780654906,0.340250780654906,0.340250780654906,0
0,0.340250780654906,0.340250780654906,0.340250780654906,0.340250780654906,0.340250780654906,0.340250780654906,0,0,0.340250780654906,0.135114396108028,0.0675571980540142,0,0,0,0,0,0,0.340250780654906,0.340250780654906,0.340250780654906,0.340250780654906,0.340250780654906,0.340250780654906
0.340250780654906,0.340250780654906,0.340250780654906,0.340250780654906,0.340250780654906,0.340250780654906,0.340250780654906,0,0.340250780654906,0.134235405001085,0.0671177025005426,0,0,0,0,0,0,0,0.340250780654906,0.340250780654906,0.340250780654906,0.340250780654906,0.340250780654906,0.340250780654906
0.340250780654906,0.340250780654906,0.340250780654906,0.340250780654906,0.340250780654906,0.340250780654906,0.340250780654906,0,0,0.266447695123931,0.340250780654906,0.273615836342808,0.206980892030549,0,0,0,0.340250780654906,0.340250780654906,0.340250780654906,0.340250780654906,0.340250780654906,0.340250780654906,0.340250780654906,0.340250780654906
0.340250780654906,0,0.340250780654906,0.238852797123107,0,0,0,0,0,0,0.300317046349583,0.340250780654906,0.240114525027857,0,0,0,0.340250780654906,0.340250780654906,0.340250780654906,0.340250780654906,0.340250780654906,0.340250780654906,0.340250780654906,0
0,0,0,0,0,0,0,0.167075254625907,0,0,0.260313624820921,0.340250780654906,0.25344294860819,0,0,0.340250780654906,0.340250780654906,0.340250780654906,0.340250780654906,0.340250780654906,0.340250780654906,0.340250780654906,0.340250780654906,0
0,0,0.340250780654906,0.170125390327439,0,0.260706537037649,0.340250780654906,0.340250780654906,0,0,0,0.201652330098704,0.340250780654906,0,0,0,0,0.340250780654906,0.340250780654906,0.340250780654906,0.340250780654906,0.340250780654906,0.340250780654906,0
0,0,0,0,0,0,0,0,0,0,0,0.116176039729594,0.340250780654906,0,0,0,0,0.340250780654906,0.340250780654906,0.340250780654906,0.340250780654906,0.340250780654906,0.340250780654906,0.340250780654906
0,0,0,0,0,-2.17981222603056e-13,-4.35962445206112e-13,0,0,0.340250780654906,0.186093975966235,0.0319371712772647,0.0159685856386869,0,0,0,0.340250780654906,0,0,0.340250780654906,0.340250780654906,0.340250780654906,0.340250780654906,0.340250780654906
0.340250780654906,0.340250780654906,0.340250780654906,0.340250780654906,0.340250780654906,0.340250780654906,0.340250780654906,0,0,0.340250780654906,0.273065271953882,0.0671855087011062,0,0,0,0,0,0,0,0,0,0.340250780654906,0,0
0,0,0,0,0,0,0,0,0.145564245830179,0.325582231192417,0.330471747679904,0.335361264167391,0.340250780654906,0.170125390327439,0,0.340250780654906,0.340250780654906,0.340250780654906,0.340250780654906,0.340250780654906,0,0.340250780654906,0,0
0,0,0,0,0,0,0,0,0,0,0.0858293237328151,0.00177368038645242,0.340250780654906,0.339512098120719,0,0,0.340250780654906,0.340250780654906,0.340250780654906,0.340250780654906,0,0.340250780654906,0,0
0,0,0,0,0,0,0,0,0,0,0,0.340250780654906,0.226833853769919,0.113416926884887,0,0,0,0,0,0.170125390327439,0.340250780654906,0.328420218328597,0,0
0,0,0,0.324528782210656,0.340250780654906,0,0.340250780654906,0.340250780654906,0.340250780654906,0.340250780654906,0.340250780654906,0.340250780654906,0.340250780654906,0.340250780654906,0.340250780654906,0.340250780654906,0.340250780654906,0.340250780654906,0,0,0.340250780654906,0.340250780654906,0,0
0,0,0,0,0,0,0,0,0,0,0.340250780654906,0.295415158120916,0.08967124506749,0.044835622533745,0,0,0.340250780654906,0.340250780654906,0.340250780654906,0.340250780654906,0.340250780654906,0.340250780654906,0.340250780654906,0.340250780654906
0.340250780654906,0.340250780654906,0,0.340250780654906,0,0,0,0,0,0.133835902956797,0.237043341805865,0.340250780654906,0.170125390327439,0,0,0,0.340250780654906,0.340250780654906,0.340250780654906,0.340250780654906,0.340250780654906,0.340250780654906,0.340250780654906,0.340250780654906
0.340250780654906,0.340250780654906,0.340250780654906,0.340250780654906,0,0,0.340250780654906,0,0,0,0.167106025982361,0.340250780654906,0.23872605570546,0,0,0,0,0,0,0,0,0.340250780654906,0,0
0,0.234409418013675,0.11720470900651,0,0.234409418014438,0.340250780654906,0.340250780654906,0.340250780654906,0.340250780654906,0.340250780654906,0.340250780654906,0.340250780654906,0.340250780654906,0.340250780654906,0.340250780654906,0.340250780654906,0.340250780654906,0.340250780654906,0.340250780654906,0.340250780654906,0.340250780654906,0,0.340250780654906,0.340250780654906
0.32910424284851,0.170125390327712,0.0111465378066956,0,0,0,0,0,0.340250780654906,0.340250780654906,0.340250780654906,0,0.340250780654906,0.340250780654906,0,0.340250780654906,0.340250780654906,0.340250780654906,0.340250780654906,0.340250780654906,0.340250780654906,0.340250780654906,0.340250780654906,0
0,0,0,0,0,0,0,0.340250780654906,0.011451222021278,0,0,0.170125390327453,0.340250780654906,0.340250780654906,0,0,0.340250780654906,0.340250780654906,0.340250780654906,0.340250780654906,0.340250780654906,0,0.340250780654906,0
0,0.0626821609325085,0.340250780654906,0.282642403071411,0.0576083775833586,0,0,0,0,0,0,0,0,0,0,0,0,0.340250780654906,0.340250780654906,0.340250780654906,0.340250780654906,0.340250780654906,0.340250780654906,0
0.340250780654906,0,0,0,0,0,0,0,0,0,0.12663580404308,0.340250780654906,0.246814116260535,0,0,0,0,0.340250780654906,0.340250780654906,0.340250780654906,0.340250780654906,0.340250780654906,0.340250780654906,0
0,0,0,0,0,0,0,0,0,0.340250780654906,0.103595978559879,0,0,0,0,0,0,0.340250780654906,0.340250780654906,0.340250780654906,0.340250780654906,0.340250780654906,0.340250780654906,0.340250780654906
0.340250780654906,0.340250780654906,0,0.340250780654906,0.340250780654906,0.340250780654906,0.139296211661026,0,0,0.340250780654906,0.288625880418182,0.23700098018154,0.185376079944789,0,0,0,0.340250780654906,0.340250780654906,0.340250780654906,0.340250780654906,0.340250780654906,0.340250780654906,0,0
0,0,0,0,0,0,0,0,0,0,0,0,0,0.340250780654906,0.340250780654906,0.340250780654906,0,0.340250780654906,0.340250780654906,0.340250780654906,0.340250780654906,0.340250780654906,0.340250780654906,0.340250780654906
0.340250780654906,0.340250780654906,0.340250780654906,0.340250780654906,0.340250780654906,0.340250780654906,0.340250780654906,0.340250780654906,0.340250780654906,0.340250780654906,0.340250780654906,0.340250780654906,0.340250780654906,0.340250780654906,0.340250780654906,0.340250780654906,0.340250780654906,0.340250780654906,0.340250780654906,0.340250780654906,0.340250780654906,0.340250780654906,0.340250780654906,0.340250780654906
0.340250780654906,0.340250780654906,0.340250780654906,0.340250780654906,0.340250780654906,0.340250780654906,0.340250780654906,0.340250780654906,0.340250780654906,0.340250780654906,0.340250780654906,0.340250780654906,0.340250780654906,0.340250780654906,0.340250780654906,0.340250780654906,0.340250780654906,0.340250780654906,0.340250780654906,0.340250780654906,0.340250780654906,0.340250780654906,0.340250780654906,0.340250780654906
0.340250780654906,0.340250780654906,0.340250780654906,0.340250780654906,0.340250780654906,0.340250780654906,0.340250780654906,0.340250780654906,0.340250780654906,0.340250780654906,0.340250780654906,0.340250780654906,0.340250780654906,0.340250780654906,0.340250780654906,0.340250780654906,0.340250780654906,0.340250780654906,0.340250780654906,0.340250780654906,0.340250780654906,0.340250780654906,0,0
0.340250780654906,0.340250780654906,0,0,0,0,0,0,0.163934984640697,0.340250780654906,0,0,0,0.0575842564034928,0.115168512811345,0,0,0,0,0.191998200643406,0.340250780654906,0.340250780654906,0,0
0,0,0,0.0439228921967105,0.340250780654906,0.285320034566664,0.0549307460882655,0,0,0.0821110320455926,0.340250780654906,0.247074544399974,0.340250780654906,0.257854661522532,0,0,0,0,0,0.170125390327494,0.340250780654906,0,0,0.340250780654906
0.170125390327439,0,0,0.0809159538123426,0.340250780654906,0,0,0,0,0,0,0.129971264671134,0.340250780654906,0,0,0.340250780654906,0.340250780654906,0,0,0.340250780654906,0.340250780654906,0.340250780654906,0.340250780654906,0.340250780654906
0.340250780654906,0.340250780654906,0.340250780654906,0.340250780654906,0.340250780654906,0.340250780654906,0.340250780654906,0.340250780654906,0.340250780654906,0.340250780654906,0.340250780654906,0.340250780654906,0.340250780654906,0.340250780654906,0.340250780654906,0.340250780654906,0.340250780654906,0.340250780654906,0.340250780654906,0.340250780654906,0.340250780654906,0.340250780654906,0.340250780654906,0.340250780654906
0.340250780654906,0.340250780654906,0.340250780654906,0.340250780654906,0.340250780654906,0.340250780654906,0.340250780654906,0.340250780654906,0.340250780654906,0.340250780654906,0.340250780654906,0.340250780654906,0.340250780654906,0.340250780654906,0.340250780654906,0.340250780654906,0.340250780654906,0.340250780654906,0.340250780654906,0.340250780654906,0.340250780654906,0.340250780654906,0.340250780654906,0.340250780654906
0.340250780654906,0.340250780654906,0.340250780654906,0.340250780654906,0.340250780654906,0.340250780654906,0.340250780654906,0.340250780654906,0.340250780654906,0.340250780654906,0.340250780654906,0.340250780654906,0.340250780654906,0.340250780654906,0.340250780654906,0.340250780654906,0.340250780654906,0.340250780654906,0.340250780654906,0.340250780654906,0.340250780654906,0.340250780654906,0.340250780654906,0.340250780654906
0.340250780654906,0.340250780654906,0.340250780654906,0.340250780654906,0.340250780654906,0.340250780654906,0.340250780654906,0.340250780654906,0.340250780654906,0.340250780654906,0.340250780654906,0.340250780654906,0.340250780654906,0.340250780654906,0.340250780654906,0.340250780654906,0.340250780654906,0.340250780654906,0.340250780654906,0.340250780654906,0.340250780654906,0.340250780654906,0,0
0.340250780654906,0.340250780654906,0.340250780654906,0,0,0,0,0,0,0,0.232669146573255,0.340250780654906,0.116388113601447,0.0581940568007234,0,0,0.340250780654906,0.340250780654906,0.340250780654906,0.340250780654906,0.340250780654906,0.340250780654906,0.340250780654906,0
