1.33175313671138,0,0,0,0,0,0,0.57770195728331,0.577452916509643,0,0.855814758372257,1.13554361106675,1.33175313671138,0.952991481830281,0,0,0,0,0,0,1.0656530156655,1.33175313671138,0.00191372436708828,0
0,0,0,0,0,0,0.387008243206545,0,1.33175313671138,1.28222274350951,1.23269235030741,0.616346175154031,0,0,0,0,0,0,0,0,0.466403279525614,1.33175313671138,0.602894962358886,0
0,0,0.586359610937779,0.39065101955137,0,0,0,0,0.960520117539377,1.08426445726345,1.20800879698742,1.33175313671138,1.17154300652339,0.727563617607432,0,0,0,0,0,0,0,0.86547075426409,1.33175313671138,0
0,0,0,0.388976520704362,0,0,0,0,1.03768673626136,1.33175313671138,0.851907439404134,0.372061742097103,0.279046306572718,0.186030871048769,0.0930154355243847,0,0,0,0,0.46720178342652,1.33175313671138,0,0,0
0,0,0,0,0,0,0.293114412132506,0,0,0,0.218212605336947,1.21166555498628,1.33175313671138,0,0,0,0,0,0,0.443917712236692,0.88783542447382,1.33175313671138,0,0
0,0,0,0,0,0,0,0,0,0,0.0105822883653953,1.05055963248398,1.33175313671138,0.855143687568075,0,0,0,0,0,0,0.467354374570033,1.33175313671138,0,0
0,0,0,0,0,0,0,0,1.12391763702445,0.835915939884937,1.33175313671138,1.12254585476343,0.913338572815917,0,0,0,0,0,0,0,0,0.0799654854235025,0.887915345178303,1.33175313671138
0,0,0.780393347777055,0.851149520349801,0.567433013565226,0.283716506782613,0,0.425459382438684,1.20585273021574,1.33175313671138,1.26183093287711,0.490608455554922,0.0699222038347069,0,0,0,0,0,0,0,0,0.481991756904319,1.33175313671138,0.711902567977885
0,0,0,0,0,0,0,0,0.348831633950954,0,0.348831633950954,1.07943976468894,1.33175313671138,1.23580044777895,0.443992916751831,0,0,0,0,0,0,0.665876568355801,1.33175313671138,0.547274256547182
0,0,0,0,0,0,0,0,0,0,0.672761502478943,1.33175313671138,0.786106780488205,0,0,0,0,0,0,0,0,0.665876568355583,1.33175313671138,0
0,0,0,0,0,0,0,0,0,0,0,0.604768087992035,1.33175313671138,1.01367047615658,0,0.0300482266121877,0,0,0,0,0.0643119847175879,1.33175313671138,0.995554610256926,0
0,0,0,0.0243052612937245,0.0486105225874491,0.844205262839432,1.33175313671138,0.281735180196721,0,0.192508620928037,0.385017241856074,0,0,0,0,0,0,0,0,0,1.06731960799286,1.33175313671138,0,0
0,0,0,0,0.353953122193998,0.353876048803332,0,0,0.406987663126313,0.46132906094055,1.0725197694543,1.33175313671138,1.23925835548898,0.795264394762587,0,0,0,0,0,0,0,0.480973249988294,1.33175313671138,0
0,0,0,0,0,0,0,0.770983957142155,0.832285349925973,0.539093426267738,0.921400543913683,1.30370766156006,1.33175313671138,1.00576841627913,0.325984720432906,0,0,0,0,0,0,1.33175313671138,0,0
0,0,0,0,0,0,1.02014823236896,1.33175313671138,0.770015593612419,0.208278050513237,0,0,0,0,0,0,0,0,0,0,0,0.854145256417478,1.33175313671138,0
0,0,0,0,0,0,0.141624209551697,1.26896896646963,1.33175313671138,1.04014942267157,1.10293359291354,1.16571776315552,1.22850193339749,1.2912861036399,0.29160371404025,0,0,0,0,0,0,0.291973690532351,1.33175313671138,0.131129367623249
0,0,0,0,0,0,0,0,0.902039348080836,1.33175313671138,1.29191772445941,1.0175385408985,0.508769270449252,0,0,0,0,0,0,0,0.290100416190668,1.33175313671138,1.24645809060884,0
0,0,0,0,0,0,0,0,0,0,1.29348669221451,1.33175313671138,0.66587656835591,0,0,0,0,0,0,0,0,0,1.33175313671138,1.05474215830056
0,0,0,0,0,0,0,0,0,0,1.33175313671138,0.812328908785285,0.292904680859403,0.519424227925881,0,0,0,0,0,0,0,0.443830707209322,1.27987283006682,1.33175313671138
0,0,0,0,0,0,0,0,0,0.341919499257404,0.98983363745398,1.33175313671138,1.19316468666406,0.749180553979378,0,0,0,0,0,0,0,0.856665849953856,1.33175313671138,0
0,0,0,0,0,0,0,0,0.605388601424675,1.22192299817222,1.33175313671138,1.18847861851565,0.792264210363326,0.143274518195739,0,0,0,0,0,0.318413551219275,1.01333958549211,1.33175313671138,0,0
0,0,0,0,1.33175313671138,1.24575635424997,0.0859967824614174,0,0,0.718405392996744,0.359261288375711,0.359436721579935,0.719165603449689,0.719341036653859,0,0,0,0,0,0,0.474682817400354,1.33175313671138,1.0424121344263,0
0,0,0,0,0,0,0,0,0.852638101806615,1.33175313671138,1.21452183488595,0.724492219267754,0.234462603649557,0.117231301824779,0,0,0,0,0,0,0,0.285858664021308,1.33175313671138,1.33175313671138
0,0,0,0,0,0,0,0,0,0.770371792805431,1.08022589287552,1.33175313671138,0.894950529977046,0,0,0,0,0,0,0.563634834184293,1.12726966836844,1.33175313671138,0.818637338208245,0
0.409359789271489,1.33175313671138,0.842097151878634,0,0,1.01957585671978,1.33175313671138,0,0,0,1.01593451451963,1.33175313671138,1.17344928888576,0.665876568355801,0.158303847825187,0,0,0,0,0,0.0653790983498301,0.887917360717263,1.33175313671138,0.640955349279933
0,0,0.373469910635009,0,0,0,0,0,0,0,0.275749017174532,1.33175313671138,1.18738417444294,0.443981664858664,0,0,0,0,0,0,0.665876568355692,1.33175313671138,1.22117451874111,0
1.33175313671138,0.665876568355692,0,0,0.191544863684311,0.383089727368404,0,0,0,0,0,0,0,0,0,0.388861190397917,0,0,0,0.313447285943936,0.626894571888308,1.33175313671138,0,0.120099292027263
0.240198584054453,0,0.270046517477812,0.180031011651875,0.0900155058259374,0,0.239884268023741,0.119942134011761,0,0.533911992924939,0.708468133033037,0.523903348878733,0.339338564724429,0.154773780569907,0,0.204347143692495,0.768050140202048,1.33175313671138,1.17697935614148,0,0,0,0,1.02092328483469
1.33175313671138,1.12391889047693,0.916084644242546,0,0,0,1.02184840400416,1.33175313671138,0.220546787100627,0,0,0,1.29531987192606,1.33175313671138,0.665876568355801,0,0,0,0,0,0,0.20621648284794,0.768984809779553,1.33175313671138
1.18164996016856,0,0.118310434030583,0.23662086806073,0,0,0,0,0,0,0.880088959400157,1.03733132185029,1.33175313671138,0.905660660234503,0,0,0,0,0,0,0.443839386988149,1.2453444967415,1.33175313671138,0
0,0.584222399734878,0.11698128782032,0,0.466254635119164,0.2331273175598,0,0,0.348557375126263,0,0.60791215875637,1.33175313671138,0.665876568355147,0,0.0285320614551753,0,0,0,0,0,0,0.180210913982764,1.15154222272884,1.33175313671138
0,0,0,0,0,0,0,0,0.903742292314246,1.33175313671138,0.602662387476751,0.259020921481254,0.687031765878174,0.729090749234633,0,0,0,0,0,0.665876568355692,1.33175313671138,1.20807290358032,0,0
0,0.949069725935378,0.830000998062339,0.355350283089095,0,0,0.355581987099842,1.33175313671138,1.09089248043772,1.20407235607934,0.963211699804809,0.722351043532893,0.835530919176908,0.594670262904992,0,0,0,0,0,0.0609983190376606,0.847249709640587,1.27075481767372,1.33175313671138,0.306665680773322
0,0,0,0.354889220329537,0.354811943103322,0,0,0,0,0,0,0.453325193679348,1.33175313671138,1.17975814694618,0,0,0,0,0,0,0.443830137073587,1.28638269416903,1.33175313671138,0
0,0,0,0,0,0,0,0,1.22337309254056,1.33175313671138,1.12775686376185,0.923760590812384,1.03214063498354,0.828144362034897,0,0,0,0,0,0,0,0.267285511079161,1.33175313671138,1.20084141916195
0,0,0,0,0,0,0,0,0,1.33175313671138,1.17509178221274,0.744207245604199,0.313322708995771,0.156661354497886,0,0,0,0,0,0,0,0.265602762611259,1.33175313671138,1.1974795483985
0,0,0,0,0,0,0,0,0,0.493803532938872,1.27488949271008,1.33175313671138,0.906582329527149,0,0,0,0,0,0,0,0,0.443917712237149,0.887835424474692,1.33175313671138
0,0,0,0,0,0,0,0,0,1.33175313671138,1.05001503871335,0.281738097998,0,0.121831870167639,0,0,0,0,0,0,0,0.665876568355692,1.33175313671138,0
0,0,0,0,0,0,0,0,0,0.350707986566569,7.57727777990513e-05,0,0.919776067904117,1.33175313671138,0,0,0,0,0,0.85420710925685,1.33175313671138,0.305132643980196,0,0
0,0,0,0,0.841068287349942,1.33175313671138,1.09024932570126,0.848745514691361,0.241503811009902,0,0,0,0,0,0,0,0,0,0,0,0,0.569058845696576,1.13811769139301,1.33175313671138
0,0,0,0.369446082257938,0,0,0,0,0,0,0,0.947152548663708,1.33175313671138,1.22624069617565,0,0,0,0,0,0,0.665876568355801,1.33175313671138,1.26810993361171,0
0,0,0,0,0.354370006812957,0,0,0,0,0.486383076080422,1.33175313671138,1.12194016615865,0.209812970552519,0,0,0,0,0,0,0,0.665876568355583,1.33175313671138,1.33175313671138,0
0,0.360369092749041,0,0.665876568355692,1.33175313671138,0.862964144250091,0,0.665876568355474,1.33175313671138,0,0,0.0367140769135672,1.33175313671138,1.19978845999947,0,0,0,0,0,0.443917712237149,0.887835424474256,1.33175313671138,1.33175313671138,1.33175313671138
1.33175313671138,1.33175313671138,1.33175313671138,0.887835424474256,1.33175313671138,0.989624451637471,0.254855472498497,0,0,1.30712280778456,1.33175313671138,1.07029143575306,0.808829734795224,0.261461700958385,0,0,0,0,0.443917712237149,0.887835424474256,0.887835424474256,1.33175313671138,0.887835424474038,1.33175313671138
1.33175313671138,0,0,0,0,0,0,0,0,1.33175313671138,1.02836055296206,0.514180276481031,0,0,0,0,0,0,0.443917712237149,0.887835424474256,1.33175313671138,0.887835424474256,1.33175313671138,0.979013666372569
0,1.33175313671138,1.05568577427657,0,0.553788939175983,1.13941039660473,1.33175313671138,0,0,0,1.33175313671138,0.722186898380145,0.361093449190073,0,0,0,0,0.443917712236875,0.88783542447382,0.887835424474256,1.33175313671138,1.33175313671138,1.33175313671138,0.535912315776133
0.979830028013261,1.33175313671138,1.33175313671138,0,0.665876568355801,1.33175313671138,0.817409901202671,0,0,0,1.33175313671138,1.02711424773207,0,0,0,0,0,0.443917712237128,0.887835424474256,1.33175313671138,0.887835424474256,1.33175313671138,0.887835424474256,1.33175313671138
0.887835424474256,1.33175313671138,0.887835424474256,1.33175313671138,0.887835424474256,1.33175313671138,0.887835424474256,1.33175313671138,0.995454005916004,0,1.33175313671138,1.08137186933233,0.540685934666167,0,0,0,0,0.443917712237149,0.887835424474256,1.33175313671138,0.887835424474256,1.33175313671138,0.887835424474256,1.33175313671138
1.33175313671138,0,0.443917712237149,0.887835424474256,0.887835424474256,1.33175313671138,1.33175313671138,0.603455693781943,0,0.996195553613992,1.33175313671138,1.08256306301397,0.541281531506986,0,0,0,0,0.443917712236875,0.88783542447382,1.33175313671138,0.887835424474256,1.33175313671138,1.33175313671138,0
0,0,0.236930952076467,0.118465476038403,0,0,0,0,0,0.141345130186817,0,0.871717222703924,1.33175313671138,0.947012871116995,0,0,0,0,0.443917712237149,0.887835424474256,0.887835424474256,1.33175313671138,0.57475418853941,0
0,0,0,0,0,0,0,0,0,1.28547907087055,1.33175313671138,0.887835424474298,0.443917712237149,0,0,0,0,0,0,0,0.443917712237149,0.887835424474256,0.887835424474038,1.33175313671138
1.33175313671138,1.33175313671138,0,0,0,0,0,0,0,0.797545668099612,1.19024734130371,1.33175313671138,1.22222473660268,0.611112368301233,0,0,0,0,0,0,0,0.0438768868002623,0.487794599037631,0.931712311274541
1.33175313671138,0.887835424474256,1.33175313671138,0,0,0,0,0,1.24182898145307,1.33175313671138,1.0833436037282,0.834934070745674,0.58652453776271,0,0,0,0,0,0,0.44391771223691,0.887835424474256,1.33175313671138,0.564737460449648,0
0,0,0,0,0,0,0,0,0,0.558631550771853,0.834220282355629,1.33175313671138,1.26412151270566,0.63206075635261,0,0,0,0,0,-8.71924890412225e-13,0.443917712236474,0.887835424474038,1.33175313671138,0.972135162203946
0,0,0,0,0,0,0,0,0,0.643595843768399,1.33175313671138,1.29167503400029,0.766894985916128,0,0,0,0,0,0,0,0,0.443917712236875,0.887835424473965,1.33175313671138
0,0,0,0,0,0,0,0,0,0,1.04534736501539,1.33175313671138,0.992080887606366,0.339672249104146,0,0,0,0,0,0,0.443917712237149,0.887835424474256,1.33175313671138,0.973467161021554
0,0,0,0,0,0,0,0,0,1.30074739300099,1.31625026485619,1.33175313671138,1.07153237203901,0.535766186019507,0,0,0,0,0,0,0,0.443917712237128,0.887835424474256,1.33175313671138
0,0,0,0,0,0,0,0,0,1.18247050449323,1.33175313671138,0.998776026732232,0.424902075578397,0.0919249655990453,0,0,0,0,0,0,0,0.443917712237149,0.887835424474256,1.33175313671138
1.33175313671138,0,0,0,0,0,0,0,0,0.954017512929615,1.33175313671138,1.19246881859926,0.794923873801383,0.139284318112012,0,0,0,0,0,0,0.443917712237128,0.887835424474256,1.33175313671138,0
0,0,0.129298865999131,0.25859773199833,0,0,0,0,0,0,0.828867829458614,1.33175313671138,0.982405521911049,0.349347614800335,0,0,0,0,0,0.0428602093343531,0.887924106595529,1.33175313671138,0.173300518405751,0
0,0,0.515477665032159,0.25773883251621,0,0,0,0,0.57543651496827,1.09593415872713,1.33175313671138,1.28307816859007,0.95009379430192,0.61710942001366,0,0,0,0,0,0.665876568355692,1.33175313671138,0.800278620212463,0,0
0,0.386012144226695,0.386012144226695,0,0,0,0,1.33175313671138,0.633138119149354,0.316569059574677,0,0,0,0.766821292565869,0,0,0,0,0,0,0.665876568355692,1.33175313671138,0,0
0,0,0,0.177236327258635,0,0,0,0,0,1.33175313671138,0.673399888861118,0.231896091985864,0.224513592961294,0,0,0,0,0,0,0,0.443829440371783,1.28796443421332,1.33175313671138,0
0,0,0.387253843008195,0,0,0,0,0,0,0,0,1.04368322818787,1.33175313671138,0.854230218441234,0,0,0,0,0,0,0.866427490337431,1.33175313671138,0,0
0,1.33175313671138,1.12407350867695,0.207679628034581,0,1.33175313671138,0.887564336262742,0,0,0,1.33175313671138,0.998814852533484,0.665876568355801,0.332938284177901,0,0,0,0,0,0,0,0.474327285187978,1.33175313671138,0.658303309271176
0,0,0,0,0,0,0,0,0,0,0.726067865838571,1.33175313671138,0.847327788264957,0,0,0,0,0,0,0,0.143773712538304,0.665876568355692,1.18797942417308,1.33175313671138
0,0,0,0,0,0,0,0,0,0.522958737256629,0.775474266724899,1.32361939514839,1.33175313671138,0.531179116348358,0,0,0,0,0,0.186113186631928,0.758933161671438,1.33175313671138,1.13141342300558,0
0,0,0,0,0.375646296472402,0,0,0.750806441751961,0,0.429594533901451,0.859189067802902,1.33175313671138,1.19308758543247,0.749104006834402,0,0,0,0,0.486374305686474,1.33175313671138,1.10082248834076,0.869891839970131,0.280660302731742,0
0,0.591048413453551,0.118347999045951,0,0,0.706407814399709,0.352516857846176,0,0,0.705719929362045,1.18981518098399,1.33175313671138,1.1220866695714,0.561043334785701,0,0,0,0,0,0.443917712237128,0.887835424474256,1.33175313671138,0.598131380609776,0
0,0,0.387091417307878,0,0,0,0,0,0.499428814704193,0.631694684345836,1.16506932446419,1.33175313671138,1.13198183827698,0.565990919138491,0,0,0,0,0,0,0,0.145638833873494,0.665876568355583,1.18611430283789
1.33175313671138,0,0,0,0,0,0,0,0,1.18914808372965,1.33175313671138,0.887835424474256,0.443917712237128,0,0,0,0,0,0,0,0,0.203989019075649,0.767871077893408,1.33175313671138
0.816662146317819,0,0,0,0,0,0,0,0,0.560556583212408,0.817622101045545,1.07468761887846,1.33175313671138,0.896332164173253,0,0,0,0,0,0,0.0602766450378159,0.887919557825064,1.33175313671138,0
0,0,0,0,0,0,0,0,0.730618368749041,0.827962303651883,1.33175313671138,1.20349019682127,0.75950489858583,0,0,0,0,0,0,0.0736539818039482,0.887916278381638,1.33175313671138,0,0
0,1.27574956331447,1.0932962571106,0.910842950907151,0.455421475453576,0,0.272732929033987,0.909897994667797,1.18263092370157,0,0,0.568482926733084,1.33175313671138,0.309020681854909,0,0,0,0,0,0.469237209694351,1.33175313671138,0.622686808559992,0,0
0,0,0,0,0,0,0,0,0,1.33175313671138,0.814995863032334,0.543330575354616,0.271665287677308,0,0,0,0,0,0,0,0,0.665876568355692,1.33175313671138,1.20410765378744
0,0,0,0.192837508023763,0,0,0.385425652722249,0.374615214010056,0.0108104387121929,0,0.47000738383438,0.940014767668759,1.33175313671138,0.665876568355583,0,0,0,0,0,0.467892081390108,1.33175313671138,0.218367307225117,0,0
0,0,0,0,0,0,0,1.33175313671138,0.316472984384057,0,0.174984968685101,0.349969937370639,0.17498496868532,0,0,0,0,0,0,0.202537734021502,0.767145435366443,1.33175313671138,1.17245947792828,0
0,0.572956526114321,1.33175313671138,1.02620235253646,0.720651568361323,0.769651764402783,0.818651960444243,0.867652156483959,0.916652352525419,0.611101568350279,0.30555078417514,0,0.0490001960414599,0,0,0,0,0,0.443837416442325,1.25229134506428,1.33175313671138,0,0,0
0,0,0,0,0,0,0,0,0,0.545344687760765,1.33175313671138,1.326727338299,0.794929362250424,0,0,0,0,0,0,0,0,0.665876568355692,1.33175313671138,0.801856533236938
0,0,0,0,0,0,0,0,0,0,0.906415288969583,1.33175313671138,0.905488440927068,0,0,0,0,0,0,0,0,0.443917712237128,0.887835424474256,1.33175313671138
0,0,0,0,0,0,0,0,0,0.175952690594955,1.06519797066494,1.33175313671138,0.97642029425765,0,0,0,0,0,0,0,0.443917712237149,0.887835424474256,1.33175313671138,0
0,0,0,0.193820165201331,0,0,0,0,0,0.192118555706293,1.01569190591332,1.33175313671138,1.14096086767482,0.443972437132373,0,0,0,0,0,0,0.0439209935450983,0.887923637964238,1.33175313671138,0.576649991891123
0,0,0,0,0,0,0,0,0.183916457441243,1.19445249470296,1.33175313671138,0.887835424474256,0.443917712237128,0,0,0,0,0,0,0.57531007399684,1.15062014799426,1.33175313671138,0.331921510809755,0
0,0,0,0,0,0,0.100684121861889,0.201368243723633,1.05626668049754,1.33175313671138,0.477750351981227,0,0,0,0,0,0,0,0,0.443833581715062,1.27285174842274,1.33175313671138,0.237369815869403,0
0,0,0,0,0,0,0,0,0.761389903456872,1.19251706104444,1.33175313671138,1.17928673458497,0.735306276053206,0,0,0,0,0,0,0,0,0.665876568355692,1.33175313671138,1.19675360723093
0,0,0,0,0,0,0,0,0,0.656084760869038,1.03684244862096,1.33175313671138,1.07726070396132,0,0,0,0,0,0,0,0.443917712237149,0.887835424474256,1.33175313671138,1.33175313671138
1.33175313671138,0,0,0,0,0,0,0,0,0,0.541840503413298,1.33175313671138,0.908047841973519,0,0,0,0,0,0,0,0.443917712237128,0.887835424474256,1.33175313671138,0
0,0,0,0,0,0,0,0,0.0335599976431936,0.566279756737647,1.0989995158321,1.33175313671138,0.965160108935432,0,0,0,0,0,0,0,0.443917712236875,0.887835424474256,1.33175313671138,1.33175313671138
0,0,0,0,0,0,0,0,1.33175313671138,0.95484844338096,0.854328915021285,0.753809386660847,0.376904693330424,0,0,0,0,0,0,0.443917712237149,0.887835424474256,1.33175313671138,1.33175313671138,0
0,0,0,0,0,0,0,0,1.08863158270028,1.33175313671138,1.28672690541574,0.953741511783846,0.620756118149668,0,0,0,0,0,0,0.443917712237149,0.88783542447382,1.29514903925565,1.33175313671138,0.961317786692745
0,0,0,0,0,0,0,1.33175313671138,0.932022555948543,0.177294300614037,0.13279523183883,0.443761743586613,0.754728255334288,0,0,0,0,0,0,0.44391771223691,0.887835424474256,1.33175313671138,0.961591769517894,0
0,0,0,0,0,0,0,0,0.592978430625708,0.889557364889373,1.25866138631988,1.33175313671138,1.10902594422905,0,0,0,0,0,0,0.443917712237149,0.887835424474256,1.33175313671138,0.165390977292749,0
0,0,0,0,0,0,0,0,0.0611960751038026,0.837421847312639,1.33175313671138,1.26284331106153,0.631421655530765,0,0,0,0,0,0,0,0.44391771223691,0.88783542447382,1.33175313671138,0
0,0,0,0,0,0,0,0,0,0.881108119013106,1.0455541923287,1.33175313671138,0.903606871442529,0,0,0,0,0,0,0,0.0398688335553914,1.29188430315581,1.33175313671138,0
0,0,0,0,0,0,0,0,0,0.962013049262491,1.33175313671138,1.28159819643374,0.935977760226751,0,0,0,0,0,0,0,0.665876568355723,1.33175313671138,1.33175313671138,0
0,0,0,0,0,0,0,0,0,0.221679620134612,1.33175313671138,0.77699007456582,0.554763062145274,0,0,0,0,0,0,0,0.44391771223691,0.88783542447382,1.33175313671138,0.168065613971503
0,0,0,0,0,0,0,0,1.1981140999798,1.33175313671138,0.84301967787074,0.97665871460255,1.11029775133436,0,0,0,0,0,0,0,0.261692704247063,1.33175313671138,1.18966693313094,0
0,0,0,0,0,0,0,0,0,0.132940174289467,0.265880348578608,1.33175313671138,1.33073895221118,0,0,0,0,0,0,0,0,0.443917712237149,0.887835424474692,1.33175313671138
1.33175313671138,0,0,0,0,0,0,0,0,1.33175313671138,0.92125869665991,0.510764256607825,0.100269816555877,0,0,0,0,0,0,0,0.039508691972018,0.88792559538519,1.33175313671138,0.159925646716024
0,0,0,0,0,0,0,0,0,0,1.01532682467643,1.33175313671138,0.897868471816858,0,0,0,0,0,0,0,0,0,1.07073671474831,1.33175313671138
0,0,0,0,0,0,0,0,0,0,0.820898298021075,1.33175313671138,0.975015997431522,0,0,0,0,0,0,0,0,0.665876568355583,1.33175313671138,1.18953194770408
0,0,0,0,0,0,0,0,0,0,0.542764346831748,1.28304709043769,1.33175313671138,0,0,0,0,0,0,0.443917712237128,0.887835424474256,1.33175313671138,0.971601123311397,0
0,0,0,0,0,0,0,0,0.526359541587015,1.0501434723776,1.33175313671138,1.12948599363986,0.685516003430719,0,0,0,0,0,0,0.177751886903005,0.754752511806997,1.33175313671138,1.1110460228549,0
0,0,0,0,0,0,0,0,0.190844379468,1.31506492581341,1.33175313671138,1.07200625435518,0.536003127177661,0,0,0,0,0,0,0,0.0446689742355219,0.488586686472478,0.932504398709389,1.33175313671138
0.820986510032272,0,0,0,0,0,0,0,0,0.85932127015679,1.1557499993551,1.33175313671138,0.665876568355801,0,0,0,0,0,0,0,0.0422832456224839,0.443917712237128,0.887835424474474,1.33175313671138
1.33175313671138,0,0,0,0,0,0,0,0,0.203441895815964,1.29524090329657,1.33175313671138,0.665876568355692,0,0,0,0,0,0,0.041258441456933,0.88792481657563,1.33175313671138,0.56867527925725,0
0,0,0,0,0,0,0,0,0,0.00677257312039974,1.1126571265777,1.33175313671138,0.960613011155417,0,0,0,0,0,0,0,0.443917712237149,0.887835424474692,1.33175313671138,0.563928898788101
0,0,0,0,0,0,0,0,0.901751002324157,1.33175313671138,1.12296606327015,0.678997184696063,0,0,0,0,0,0,0,0.30791757225705,1.02383556445428,1.33175313671138,0.824494868533233,0
0,0,0,0,0,0,0,0,0,0,1.02391291964457,1.33175313671138,0.844369069604799,0,0,0,0,0,0,0.443917712237149,0.887835424474256,1.33175313671138,0.556193365087034,0
0,0,0,0,0,0,0,0,0,0.943026386970047,1.33175313671138,1.16516350099343,0.72118583133066,0,0,0,0,0,0,0,0.443917712237149,0.887835424474256,0.887835424474256,1.33175313671138
0,0,0,0,0,0,0,0,1.33175313671138,1.06540250936905,0.799051882026786,0.53270125468425,0.266350627341988,0,0,0,0,0,0,0,0.665876568355692,1.33175313671138,1.19675360723093,0
0,0,0,0,0,0,0,0,0.327280589558882,0.979062524411545,1.33175313671138,1.08684237584289,0.543421187921445,0,0,0,0,0,0,0,0,0.665876568355692,1.33175313671138,0.799488101037636
0,0,0,0,0,0,0,0,0,0.526134515405628,1.33175313671138,1.19986622643876,0.443984910773202,0,0,0,0,0,0,0,0.577132508651995,1.1542650173036,1.33175313671138,0
0,0,0,0,0,0,0,0,1.11607398193215,1.33175313671138,1.05971965328974,0.787686169868313,0.51565268644661,0,0,0,0,0,0,0.665876568355692,1.33175313671138,0,0,0
0,0,0,0,0,0,0,0,1.33175313671138,0.947539018441641,0.857983627490455,0.768428236539486,0.384214118269743,0,0,0,0,0.152672470356009,0.687527664170922,0.840200134526931,0.610940716924302,0,0.091471372696721,1.33175313671138
0,0,0,0,0.374926280779313,0.37484501210024,0,0.265982203940905,0.53196440788181,0.42366976773821,1.25138103488673,1.33175313671138,1.03881935078704,0,0,0,0,0,0,0,0.665876568355692,1.33175313671138,0.799092449881506,0
0,0,0,0,0,0,0,0,0,0.907905868147627,1.33175313671138,1.04871983901815,0.524359919509077,0,0,0,0,0,0,0,0,0.866960821197977,1.33175313671138,0.993010031676387
0,0,0,0,0,0,0,0,0,0.956126063909489,1.33175313671138,1.08070659346141,0.251046543250085,0,0,0,0,0,0,0,0.665876568355692,1.33175313671138,1.18300247550396,0
0,0,0,0,0,0,0,0,0.501347669263824,1.33175313671138,1.23119899823734,0.820731664290779,0.10055413847452,0,0,0,0,0,0,1.07692665262114,1.33175313671138,0,0,0
0,0,0,0,0,0,1.33175313671138,1.27732540566077,0.851550270440511,0.425775135220256,0,0,0,0,0,0,0,0,0,0.57544198755776,1.15088397511574,1.33175313671138,0.724277192403516,0
0,0,0,0,0,0,0,0.133434926460707,1.33175313671138,1.30918185182336,0.981886388867469,0.654590925911791,0.327295462955896,0,0,0,0,0,0,0,0.443917712237564,0.887835424474474,1.33175313671138,0
0,0,0,0,0,0,0,1.15547414692528,1.33175313671138,1.01623921526891,0.700725293826442,0.385211372383972,0.0696974509413919,0,0,0,0,0,0,0,0.665876568355692,1.33175313671138,0.784672885793001,0
0,0,0,0,0,0,0,0,0,0.751689416064553,1.33175313671138,0.989994213252147,0.0346844139753124,0,0,0,0,0,0,0,0.308027887641726,1.02372524906966,1.33175313671138,0.418421263499298
0,0,0,0,0,1.06767856299555,1.33175313671138,1.23124256030385,1.13073198389523,1.0302214074877,0.929710831080164,0.464855415540082,0,0,0,0,0,0,0,0.580378046318295,1.16075609263625,1.33175313671138,0.276267792970866,0
0,0,0,0,0,0,0,0.450313064983518,0.606102353052078,1.26316061283271,1.33175313671138,0.812654405705486,0,0,0,0,0,0,0.579872003463368,1.15974400692661,1.33175313671138,0.281821977092786,0,0
0,0,0,0,0,0,0,0,0,0,1.09685777060996,1.33175313671138,0.665876568355692,0,0,0,0,0,0,0.579278770499647,1.15855754099931,1.33175313671138,0.693599649548971,0
0,0,0,0,0,0,0,0,0,0.580358203537205,1.33175313671138,1.18632288287092,0.443982517460391,0,0,0,0,0,0,0,0.443917712236875,0.847427549630421,1.29134526186777,1.33175313671138
0,0,0,0,0,0,0,0.228622739089165,1.07917361185023,1.33175313671138,1.28563932002745,0.941026796082468,0,0,0,0,0,0,0,0,0.443917712238436,0.887835424475564,1.33175313671138,0.958567781042265
0,0,0,0,0,0,0,0,0.85676976767857,1.21801921332658,1.33175313671138,1.05246620612993,0.279286930581413,0,0,0,0,0,0,0.579780398633239,1.15956079726603,1.33175313671138,0.282827410833375,0
0,0,0,0,0,0,0,0,0,1.18985718473323,1.33175313671138,1.00397198889256,0.327781147819439,0,0,0,0,0,0,0.443917712237128,0.887835424474256,1.33175313671138,0.559869839496305,0
0,0,0,0,0,0,0,0.485879449296014,1.03279921332169,1.33175313671138,1.13526154222757,0.691289952884808,0,0,0,0,0,0,0.443917712237149,0.887835424474256,1.29364617702813,1.33175313671138,0.964321492032396,0
0,0,0,0,0,0,0,0,0.17659476314271,1.10982817249369,1.33175313671138,0.843297869806529,0,0,0,0,0,0,0.44391771223691,0.887835424474474,1.33175313671138,0.558646813574664,0,0
0,0,0,0,0,0,0,1.33175313671138,1.29912145021136,0.982499009283417,0.665876568355583,0.349254127427531,0.0326316864998061,0,0,0,0,0,0,0.578780832932816,1.15756166586554,1.33175313671138,0,0
0,0,0,0,0,0,0,0,0,0.980895507492484,1.33175313671138,1.2020684439152,0.443985913800357,0,0,0,0,0,0,0,0.665876568355583,1.33175313671138,0.790722992778077,0
0,0,0,0,0,0,0,0,0.956869704979685,1.33175313671138,1.28905149444945,1.24634985218687,0.623174926093434,0,0,0,0,0,0,0.443917712237149,0.887835424474256,1.33175313671138,1.33175313671138,1.33175313671138
1.33175313671138,1.33175313671138,0,0,0,0,0,0,1.10164930237628,1.33175313671138,1.28022123469125,0.947237115537152,0.3329841191541,0,0,0,0,0,0,0,0.443917712237149,0.887835424474256,1.33175313671138,1.33175313671138
1.33175313671138,1.33175313671138,1.33175313671138,0,0,0,0,0,1.33175313671138,1.33175313671138,1.0695196632133,0.807286189715647,0.26223347349765,0,0,0,0,0,0,0.443917712237149,0.88783542447382,0.887835424474256,1.33175313671138,1.33175313671138
1.33175313671138,0,0,0,0,0,0,0,0.187794968915282,1.12601185004363,1.33175313671138,1.04997259311468,0.0380990480978269,0,0,0,0,0,0,0,0.443917712237149,0.887835424474256,1.33175313671138,1.33175313671138
1.33175313671138,1.33175313671138,1.33175313671138,0,0,0,0,0,0,0.296982714140783,1.33175313671138,0.813303917653079,0,0,0,0,0,0,0,0.443917712237149,0.887835424474256,1.33175313671138,1.33175313671138,1.33175313671138
1.33175313671138,1.33175313671138,0.887835424474256,1.33175313671138,0,0,0,0,0,1.00359592823602,1.33175313671138,1.1123982477139,0.219354888996537,0,0,0,0,0,0,0.443917712237149,0.887835424474256,1.33175313671138,1.33175313671138,1.33175313671138
1.33175313671138,1.33175313671138,1.33175313671138,0,0,0,0,1.29585214316593,1.33175313671138,0.777626029817443,0.518417353211701,0.259208676605742,0,0,0,0,0,0,0,0.443917712236875,0.88783542447382,1.33175313671138,1.33175313671138,1.33175313671138
1.33175313671138,1.33175313671138,0,0,0,0,0,0,0.928059104311105,1.33175313671138,1.23650599484043,0.618252997420362,0,0,0,0,0,0,0,0,0.443917712237128,0.887835424474256,1.33175313671138,1.33175313671138
0.887835424474256,1.33175313671138,0,0,0,0,0,0,0.946592755789485,1.33175313671138,1.16767101104712,0.723692720687766,0,0,0,0,0,0,0,0,0.17428164175675,1.15747149495461,1.33175313671138,0.294698596500733
0,0,0,0,0,0,0,0.337458214795965,1.14858993858086,1.33175313671138,1.2012394699911,0.757253602980875,0,0,0,0,0,0,0,0.443917712237128,0.887835424474256,1.33175313671138,0.544194208679132,0
0,0,0,0,0,0,0,0,0,0.690164716195071,1.33175313671138,1.10112502268846,0,0,0,0,0,0,0,0.665876568355692,1.33175313671138,0,0,0
0,0,0,0,0,0,0,0,0,0.678999303099491,1.33175313671138,0.854042147578465,0,0,0,0,0,0,0,0,0.665876568355692,1.33175313671138,1.18736711826088,0
0,0,0,0,0,0,0,0,0,1.12908114352839,1.33175313671138,1.09310165842682,0.238651478283907,0,0,0,0,0,0,0,0.406083174788241,0.850000887025369,1.29391859926184,1.33175313671138
0,0,0,0,0,0,0,0,0.00650187271666253,1.11257389378057,1.33175313671138,0.960637818315433,0,0,0,0,0,0,0,0.443827056989606,1.29332879243702,1.33175313671138,0.155598405143062,0
0,0,0,0,0,0,0,0,0,0.906054975949708,1.33175313671138,1.04743395203438,0.284319184676655,0,0,0,0,0,0,0,0.443917712237128,0.887835424474256,1.33175313671138,0
0,0,0,0,0,0,0,0.029861964854604,0.979742785345379,1.33175313671138,1.08667167918789,0.543335839593874,0,0,0,0,0,0,0,0,0.44391771223691,0.887835424474038,1.33175313671138,0.955799139357238
0,0,0,0,0,0,0,0,0.480958784835669,1.33175313671138,1.28571155382423,0.941116297886816,0,0,0,0,0,0,0,0.665876568355692,1.33175313671138,0,0,0
0,0,0,0,0,0.385257051993619,0.385172804437652,0,0,1.04957950599985,1.33175313671138,0.857289078273414,0,0,0,0,0,0,0.443917712236875,0.88783542447382,1.33175313671138,1.33175313671138,0,0
0,0,0,0,0,0,0,0.362621849702635,1.33175313671138,1.32207715422011,0.986559796595633,0,0,0,0,0,0,0,0.443917712237128,0.887835424474256,1.33175313671138,0.546696127021507,0,0
0,0,0,0,0,0,0,0,0,0.681644425313836,1.33175313671138,1.32505861928722,0.334773143269329,0,0,0,0,0,0.405674678457949,0.849592390695077,1.29351010293221,1.33175313671138,0,0
0,0,0,0,0,0,0,0.982028874425153,1.33175313671138,1.31419173792911,0.981201867258707,0.648211996588742,0,0,0,0,0,0,0,0,0.579917852217248,1.15983570443416,1.33175313671138,0.688494728553279
0,0,0,0,0,0,0,0,0,0.981916029134618,1.33175313671138,1.10077573353764,0,0,0,0,0,0,0,0.443917712236875,0.88783542447382,1.33175313671138,1.33175313671138,0
0,0,0,0,0,0,0,0,1.03551292447327,1.33175313671138,1.2445158231323,0.665876568355801,0.0872373135795241,0,0,0,0,0,0,0,0.845730044066764,1.28955877938918,1.33175313671138,0.170643287833014
0,0,0,0,0,0,0.341032890564378,0.304011051706423,0.26698921284825,1.33175313671138,1.26457482738907,0.443999693791965,0,0,0,0,0,0,0,0,0.44382760159559,1.29210930891137,1.33175313671138,0
0,0,0,0,0,0,0,0.542926874118945,0.838611215824603,1.13429555753022,1.33175313671138,1.03553213669448,0,0,0,0,0,0,0,0.0401834691874837,0.887925294642747,1.33175313671138,0.565455612592055,0
0,0,0,0,0,0,0,0,0.0508501642955584,0.878145719483222,1.33175313671138,1.03871407167488,0,0,0,0,0,0,0,0.665876568355692,1.33175313671138,1.21782835964762,0,0
0,0,0,0,0,0,0,0,0.940783817187203,1.16708641220882,1.33175313671138,1.02149297934045,0,0,0,0,0,0,0,0,0,0.462834980961899,1.33175313671138,0.983239034798909
0,0,0,0,0,0,0,0,0,0.522415794630202,1.33175313671138,1.15697305980191,0,0,0,0,0,0,0,0,0.580147560626942,1.16029512125348,1.33175313671138,0.686659849587849
0,0,0,0,0,0,0,0.146942849837531,1.15935939615629,1.33175313671138,0.945054488084653,0,0,0,0,0,0,0,0,0,0.443824575759192,1.29883894050061,1.33175313671138,0
0,0,0,0,0,0,0,0,0,0.649185473720578,1.33175313671138,1.11476583086094,0,0,0,0,0,0,0,0.479089757438059,1.33175313671138,0,0,0
0,0,0,0,0,0,0,0,0.934042520058617,1.33175313671138,1.02009432672399,0,0,0,0,0,0,0,0.443917712237128,0.887835424474256,1.33175313671138,0,0,0
0,0,0,0,0,0,0,0,0,1.17389799946861,1.33175313671138,1.00355299481365,0,0,0,0,0,0,0.443917712237149,0.887835424474256,1.33175313671138,1.33175313671138,1.33175313671138,0
0,0,0,0,0,0,0,0,1.12738434270207,1.33175313671138,0,0,0,0,0,0,0.443917712237149,0.887835424474256,0.887835424474256,1.33175313671138,0.887835424474256,1.33175313671138,0,0
0,0,0,0,0,0,0.729450687718353,1.33175313671138,0,0,0,0.936248477521635,0.267729948019062,0,0,0.443917712237149,0.887835424474692,1.33175313671138,1.33175313671138,1.33175313671138,1.33175313671138,1.33175313671138,0.531956572207803,0
0,0,0,0,0,0,0,0.389384489126094,1.33175313671138,0.987014055672629,0,0,0,0,0,0,0.443917712237149,0.887835424474256,1.33175313671138,1.33175313671138,1.33175313671138,1.33175313671138,0,0
0,0,0,0,0,0,0,0,0.19850396690895,1.33175313671138,1.15572264326948,0,0,0,0,0,0,0,0.443917712236875,0.88783542447382,1.33175313671138,1.33175313671138,0.547527842220185,0
0,0,0,0,0,0,0,0.0716425328806378,1.09106698279662,1.33175313671138,0.795239355656599,0,0,0,0,0,0,0,0.256079567653675,1.33175313671138,1.17845198384241,0,0,0
0,0,0,0,0,0,0,0,1.01636583983492,1.33175313671138,1.01544449335673,0,0,0,0,0,0,0,0.407313614781393,0.851231327018521,1.29514903925565,1.33175313671138,0,0
0,0,0,0,0,0.342315793257816,1.20511094832788,1.33175313671138,1.09068252041752,0.482141232587284,0.241070616293642,0,0,0,0,0,0,0,0,0.30842021403024,1.02333292268106,1.33175313671138,0,0
0,0,0,0,0,0,0,1.17735299721171,1.33175313671138,1.25404797902078,0.836031986013271,0.418015993006635,0,0,0,0,0,0,0,0.870014463838585,1.33175313671138,0.570316105836908,0,0
0,0,0,0,0,0.5557871828272,0.518395317528927,1.07312451054528,1.33175313671138,1.29447643074642,0.961489434340235,0.628502437933396,0,0,0,0,0,0,0,0,1.03787846160494,1.33175313671138,0.140618966551871,0
0,0,0,0,0,0,0,0,0.178995356153831,1.11068778819874,1.33175313671138,0.84312512342861,0,0,0,0,0,0,0,0.171733851593341,1.16001928511797,1.33175313671138,0,0
0,0,0,0,0,0.544319136382408,0.748452226031869,1.20997032477079,1.33175313671138,1.11402570592901,0.557012852964503,0,0,0,0,0,0,0,0.443917712237149,0.887835424474256,1.33175313671138,1.33175313671138,1.33175313671138,0.502346095945043
0,0,0,0,0,0,0,0,0,0.694727361959244,1.33175313671138,0.991195948724709,0,0,0,0,0,0,0.443917712237346,0.887835424474256,1.33175313671138,0.107668442782461,0,0
0,0,0,0,0,0,0,1.01261228972732,1.33175313671138,0,0,0.200218099241033,0,0.443917712237149,0.887835424474256,1.33175313671138,1.33175313671138,1.33175313671138,1.33175313671138,1.33175313671138,0.887835424474256,1.33175313671138,0.943963001857867,0
0,0,0,0,0,0.0284375811179579,1.22194841472022,1.33175313671138,0,0,0.803713818096821,1.20512539876418,0,0.443917712237346,0.887835424474256,1.33175313671138,1.33175313671138,1.33175313671138,1.33175313671138,1.33175313671138,1.30141480752056,1.33175313671138,0,0
0,0,0,0,0,0.335013825774266,0.334939886249066,0,0,0.99952646822294,1.33175313671138,1.10968184984448,0.222071286866033,0,0,0,0,0,0,0.869808005194961,1.33175313671138,0.164993067997854,0,0
0,0,0,0,0,0,0,0,0.334055222412845,1.33175313671138,1.3309041720897,0.665452086044924,0,0,0,0,0,0,0,0.443917712237128,0.887835424474256,1.33175313671138,0.1414647131358,0
0,0,0,0,0,0,0,0,0.080162080589663,1.02930041624608,1.33175313671138,0.988370227642276,0,0,0,0,0,0,0,0.665876568355801,1.33175313671138,1.18162886518724,0,0
0,0,0,0,0,0,0,0,0.664619371468825,1.33175313671138,1.33175313671138,0.998786990856982,0,0,0,0,0,0,0,0.665876568355692,1.33175313671138,0,0,0
0,0,0,0,0,0,0.323081585711501,0.0142949181623615,0.830732033061685,1.33175313671138,1.20256265187024,0.758576183116253,0,0,0,0,0,0,0,0.259793393568432,1.33175313671138,1.18587212595527,0,0
0,0,0,0,0,0,0.678416729948174,0.778699015717556,1.19942834247175,1.33175313671138,0.887835424474183,0.443917712237128,0,0,0,0,0,0,0,0.196231841046794,1.13552129566459,1.33175313671138,0,0
0,0,0,0,0,0,0,0.947707044567409,1.18371799558022,1.33175313671138,1.1245234206192,0.562261710309672,0,0,0,0,0,0,0.443917712237149,0.887835424474256,1.33175313671138,1.33175313671138,0,0
0,0,0,0,0,0,0,0,0,0.833684483196262,1.33175313671138,0.83196622646043,0,0,0,0,0,0,0,0.443917712237128,0.887835424474256,1.33175313671138,0,0
0,0,0,0,0,0,0,0,0.640558456906896,1.33175313671138,1.00472156798285,0,0,0,0,0,0,0,0.581777506585769,1.1635550131718,1.33175313671138,0,0,0
0,0,0,0,0.745792203563262,1.33175313671138,1.24924058129902,0.832827054199494,0.416413527099747,0,0,0.933147362807537,0.266842462073645,0,0,0,0.44391771223691,0.887835424474256,1.33175313671138,0.887835424474256,1.33175313671138,0.946243779789948,0,0
0,0,0,0,0,1.00204839472278,1.33175313671138,0.999631269680697,0.667509402649791,0,0,0,0,0,0,0,0.443917712237149,0.88783542447382,1.33175313671138,1.33175313671138,1.33175313671138,1.33175313671138,1.33175313671138,1.33175313671138
0,0,0,0,0,0,0,0,1.25093737055654,1.33175313671138,0,0,0,0,0,0,0,0.443917712237149,0.887835424474256,1.33175313671138,0.887835424474256,1.33175313671138,0.94737948427532,0
0,0,0,0,0,0,0,0,1.33175313671138,1.31492403510575,0,0,0,0.394090351309672,0,0,0.443917712237149,0.887835424474256,1.33175313671138,1.33175313671138,0.887835424474038,1.33175313671138,0.542520596151949,0
0,0,0,0,0,0,0,0,0.330012749156639,1.33175313671138,1.22101585512509,0,0,0.391117903482476,0,0,0,0.443917712237149,0.887835424474256,1.33175313671138,1.33175313671138,1.33175313671138,0,0
0,0,0,0,0,0,0,0,0.66628818759168,1.33175313671138,1.33123812051349,0.665619060256745,0,0,0,0,0,0,0.443917712237149,0.88783542447382,1.33175313671138,1.33175313671138,0,0
0,0,0,0,0,0,0.453799500669112,0.226899750334556,0,0.532613378672708,1.33175313671138,1.11354146927868,0.218211667432628,0,0,0,0,0,0.408413615917194,0.852331328154322,1.29624904039145,1.33175313671138,0,0
0,0,0,0,0,0,0,0,0,0.658271440713976,1.33175313671138,1.00030350318811,0,0,0,0,0,0,0.443917712237149,0.887835424474401,1.33175313671138,0.960494730574267,0,0
0,0,0,0,0,0,0,0,0.929295613214188,1.29446268077198,1.33175313671138,0.806398971590828,0,0,0,0,0,0,0.410074803018999,0.853992515256127,1.29791022749304,1.33175313671138,0,0
0,0,0,0,0,0,0,0.718903439941302,1.09829653104921,1.33175313671138,1.22637318595904,0.7823808305773,0,0,0,0,0,0,0,0.665876568355723,1.33175313671138,1.33175313671138,0,0
0,0,0,0,0,0,0.601320009920717,1.33175313671138,1.28856779401982,1.24538245132913,0.815774132355,0,0,0,0,0,0.443917712236875,0.88783542447382,1.33175313671138,1.33175313671138,1.33175313671138,0,0,0
0,0,0,0,0,0,0,0,0.254347510914102,1.33175313671138,1.14051447060165,0,0,0,0,0,0,0.443917712237149,0.887835424474256,1.33175313671138,1.33175313671138,1.33175313671138,0,0
0,0,0,0,0,0,0,0,0,0.428275970641944,1.33175313671138,1.18830052331994,0,0,0,0,0,0,0.44391771223691,0.887835424474038,1.33175313671138,0.948512082855895,0,0
0,0,0,0,0,0,0,0,0,0.563971787026995,1.33175313671138,1.14313068372177,0,0,0,0,0,0,0.443917712236875,0.88783542447382,0.887835424474256,1.33175313671138,0.547527842220185,0
0,0,0,0,0,0,0,0,0.459238204018144,1.33175313671138,1.17799817509108,0,0,0,0,0,0,0.443917712237149,0.88783542447382,1.33175313671138,1.33175313671138,1.33175313671138,0.961043619385508,0
0,0,0,0,0,0,0,0,0.833632109920593,1.00171860905755,1.33175313671138,0.997555726295578,0,0,0,0,0,0,0.443917712237149,0.887835424474256,1.33175313671138,1.33175313671138,0,0
0,0,0,0,0,0.289539175587343,0.289475314868761,0,0.492210685297248,1.20015272581732,1.33175313671138,1.17546793016022,0.443980943227358,0,0,0,0,0,0,0.665876568355692,1.33175313671138,0.774865527505273,0,0
0,0,0,0,0,0,0.758783860203971,1.12822279001844,1.33175313671138,1.1467117586729,0.573355879336452,0,0,0.393150799263622,0,0,0,0.443917712237149,0.887835424474256,1.33175313671138,1.33175313671138,0.135371636874041,0,0
0,0,0,0.381693982082711,0.19084699104141,0,0,0,0.686806022026417,1.33175313671138,0,0,0,0,0,0,0,0.443917712237149,0.887835424474256,1.33175313671138,0.538738284756839,0,0,0
0,0,0,0,0,0,0.666462727038668,0.999194017042127,1.33175313671138,0.998394876967381,0,0,0,0,0,0,0,0.443917712237149,0.887835424474256,1.33175313671138,1.33175313671138,1.33175313671138,0,0
0,0,0,0,0,0,0,1.03963850411772,1.33175313671138,1.0386504604794,0,0,0,0,0,0.443917712236875,0.88783542447382,1.33175313671138,1.33175313671138,1.33175313671138,0.887835424474256,1.33175313671138,0,0
0,0,0,0,0,1.14051978696236,1.33175313671138,0.981362814829008,0,0,0,0.199220443841139,0,0,0,0.443917712237149,0.887835424474256,1.33175313671138,1.33175313671138,1.33175313671138,1.33175313671138,0.956076847544479,0,0
0,0,0,0,0.443960233346161,0.221980116672863,0,0,0.510630702364185,1.33175313671138,1.16088796918672,0,0,0,0,0,0,0.443917712236875,0.88783542447382,1.33175313671138,1.33175313671138,1.33175313671138,0,0
0,0,0,0,0,0,0.635234282001636,0.685454738764374,1.15451900344215,1.33175313671138,1.21735006639747,0.811502529073537,0.114403070312659,0,0,0,0,0,0,0.665876568355692,1.33175313671138,0,0,0
0,0,0,0,0,0,0.648281885323542,0.611057780609908,1.14261223601569,1.33175313671138,0.836744688813231,0,0,0,0,0,0,0.443917712237149,0.887835424474256,0.887835424474038,1.33175313671138,0.952451901954454,0,0
0,0,0,0,0,0,0.457383554434186,1.33175313671138,1.21702565100162,0.773035356629078,0,0,0,0,0,0,0.443917712237149,0.887835424474038,1.33175313671138,1.33175313671138,1.33175313671138,1.33175313671138,0,0
0,0,0,0,0,0,0,0.644933016887377,1.33175313671138,1.26444313503745,0.82044235825839,0,0,0.390916765108077,0,0,0,0.443917712237149,0.887835424474256,1.33175313671138,1.33175313671138,0.539159686974295,0,0
0,0,0,0,0,0,0,0,0.158121722286152,1.33175313671138,1.16671914112538,0,0,0,0,0,0,0,0.44391771223691,0.887835424474256,1.33175313671138,0,0,0
0,0,0,0,0,0,0,0,0.674684915939825,1.33175313671138,0.996203172056959,0,0,0,0,0,0,0.443917712237149,0.887835424474256,1.33175313671138,1.33175313671138,1.33175313671138,0,0
0,0,0,0,0,0.162454313429593,0,0,0,0,1.33175313671138,1.3081880776174,0,0,0,0,0,0,0,0.443917712237128,0.887835424474692,1.33175313671138,0.95911926701694,0
0,0,0,0,0,0,0,0.677543491957787,0.855605352312316,1.33175313671138,1.30973662739768,1.03888432071997,0.270852306677714,0,0,0,0,0,0,0.0712120331618171,0.887919283776456,1.33175313671138,0.286606634464739,0
0,0,0,0,0,0,0,0,0.176005988509042,1.10962163052369,1.33175313671138,0.84333781806717,0,0,0,0,0,0,0.443917712237149,0.887835424474256,1.33175313671138,0,0,0
0,0,0,0,0,0.998001252645999,1.3185364845441,1.32514481062774,1.33175313671138,1.00041115338099,0.33134198333039,0,0,0,0,0,0,0.443917712237149,0.887835424474692,1.33175313671138,1.33175313671138,1.33175313671138,0,0
0,0,0,0,0,0,0.0141740705217474,1.24127046431793,1.33175313671138,1.04386783836985,0,0.266505267064731,0.133252633532148,0,0,0.443917712237149,0.887835424474256,1.33175313671138,1.33175313671138,1.33175313671138,1.33175313671138,0.539159686974295,0,0
0,0,0,0.323272367534147,0.323200639478804,0,1.03285026658798,1.33175313671138,0.987185082076578,0,0,0,0,0,0,0,0.443917712237149,0.887835424474038,1.33175313671138,1.33175313671138,1.33175313671138,0.537894618052953,0,0
0,0,0,0.33800638228794,0.337931008743186,0,0,0,0.328288560819537,1.33175313671138,0,0,0,0,0,0,0,0.443917712237149,0.887835424474692,1.33175313671138,1.33175313671138,1.33175313671138,0,0
0,0,0,0,0,0,0,0,0.120277185146605,1.15048016346404,1.33175313671138,0.94801031673637,0,0,0,0,0,0,0.410352982237068,0.854270694473978,1.29818840671067,1.33175313671138,0.135927429766181,0
0,0,0,0,0,0.289135681461102,0.287630778225972,0.809691957468678,1.33175313671138,1.27388131925767,0.926331214005112,0,0,0,0,0,0,0,0.443917712237346,0.887835424474474,1.33175313671138,0,0,0
0,0,0,0,0,0.228263358691433,0.114131679345826,0,0.964083226726903,1.33175313671138,0,0,0,0,0,0,0,0,0.443917712237149,0.887835424474038,1.33175313671138,1.33175313671138,0,0
0,0,0,0,0,0,0,0,0,0.0127271416270223,1.2408017346694,1.33175313671138,0.665876568355692,0,0,0,0,0,0,0.665876568355692,1.33175313671138,0.769902133930256,0,0
0,0,0,0,0,0,0.437623887348128,1.24157262242742,1.33175313671138,1.06540250936905,0.799051882026375,0.53270125468425,0.266350627342262,0,0,0,0,0,0,0,0.196042282049216,1.13571085466217,1.33175313671138,0
0,0,0,0,0.66646731157146,0.617218948804905,0.974486042758145,1.33175313671138,1.33175313671138,0.998814852533702,0.665876568355801,0.332938284177901,0,0.024092933688786,0,0,0,0,0,0,0,0.853954572913628,1.33175313671138,0
0,0,0,0,0.358333800973663,0.358254662193257,0,0.751105157035289,1.14450891618212,1.18044798725051,1.33175313671138,1.12583007301592,0.562915036507958,0,0,0,0,0,0,0,0.478204296617366,1.33175313671138,0.685445327182147,0
0,0,0,0.120107937761854,0.240215875523502,0,0,0.409652048021412,1.0031654343106,1.33175313671138,1.13101506925319,0.930277001796517,0.465138500898258,0,0,0,0,0,0,0,0.276361172889826,1.33175313671138,1.21899259231237,0
0,0,0,0,0,0,0.69764359689731,1.33175313671138,1.32365227366066,1.31555141060973,0.986663557957294,0.657775705304863,0.328887852652431,0,0,0,0,0,0,0,0.443834099467332,1.25994708872266,1.33175313671138,0
0,0,0,0.359683129013894,0,0,0,0.358494400201687,0,0.82244649699034,1.33175313671138,1.12596446647444,0.562982233237219,0,0,0,0,0,0,0,0.478855626912766,1.33175313671138,0,0
0,0,0,0.359135492001132,0.359056202433087,0,0.666113376687117,0.973962030712793,1.33175313671138,1.33175313671138,0.998814852533702,0.665876568355801,0.332938284177901,0,0,0,0,0,0,0,0.852904434735851,1.33175313671138,0,0
0,0,0,0,0,0,0,0,0.947958320917913,1.18127799866828,1.33175313671138,1.12549841818808,0.562749209094041,0,0,0,0,0,0.172084724017928,0,1.33175313671138,0,0,0
0,0,0,0,0,0,0.872786241108296,0.671931576374882,1.18054552249211,1.33175313671138,0.768857630779724,0.205962124847847,0,0,0,0,0,0,0.443917712237128,0.887835424474256,1.33175313671138,1.33175313671138,0,0
0,0,0,0,0,0.745165458579015,1.33175313671138,0.759118972505218,0.186484808298833,0,0,0,-2.17981222603056e-13,0,0,0,0,0.443917712237149,0.887835424474256,1.33175313671138,1.33175313671138,1.33175313671138,0,0
0,0,0,0.718933766902435,0,0,0,0.785247454835948,0.996696976026011,1.33175313671138,0.808702977978553,0,0,0,0,0,0,0.443917712237149,0.887835424474256,1.30254895905365,1.33175313671138,0.532382607128738,0,0
0,0,0,0,0,0,0,0,1.16627165334123,1.33175313671138,0.887835424474256,0.443917712237128,0,0,0,0,0,0.443917712237149,0.887835424474256,1.33175313671138,1.33175313671138,1.33175313671138,0.920294692733849,0
0,0,0,0,0,0,0.951979683361476,1.14156475965098,1.33175313671138,1.14137682345712,0.57068841172856,0,0,0.393765237908685,0,0,0,0.443917712237149,0.887835424474692,0.887835424474256,1.33175313671138,0.538738284756839,0,0
0,0,0,0,0,0,0,0,0,0,1.17644172740871,1.33175313671138,0.835614799584377,0,0,0,0,0,0,0.58005558420938,1.16011116841876,1.33175313671138,0,0
0,0,0,0,0,0.315019592612236,0,0,0,0.921432436522059,1.21490517638457,1.33175313671138,0.822297587612564,0,0,0,0,0,0,0,0.665876568355692,1.33175313671138,0.905284186240516,0
0,0,0,0,0,0,0,0,0,0.230926461180874,1.12922684439412,1.33175313671138,0.839420144921329,0,0,0,0,0,0,0,1.06685479813728,1.33175313671138,0,0
0,0,0,0,0,0,0.326566467916746,0.267977670891106,0.992189542755029,1.33175313671138,1.28692157097157,0.857947713980174,0.428973856990087,0,0,0,0,0,0,0.665876568355692,1.33175313671138,1.17942142739783,0,0
0,0,0,0,0,0,0.961536477349296,1.15249789816473,1.33175313671138,0.998814852533702,0.66587656835591,0.332938284178228,0,0,0,0,0,0,0.443917712237149,0.887835424474256,0.887835424474038,1.33175313671138,0.541262398445169,0
0,0,0,0,0,1.33175313671138,1.31670942699278,1.30166571727352,0.980010215384899,0.65835471349628,0.336699211607879,0.0150437097192604,0,0,0,0,0,0.443917712237149,0.887835424474256,1.33175313671138,1.33175313671138,1.33175313671138,0,0
0,0,0,0,0.403221611030488,0.806443222060975,1.20966483309146,1.27070898490153,1.33175313671138,1.08424495930129,0.495016354819759,0.24750817740988,0,0,0,0,0,0.417144381080584,0.861062093317712,1.30497980555484,1.33175313671138,0,0,0
0,0,0,0,0,0,0,0,0,1.30297932331054,1.33175313671138,0,0,0,0,0,0,0.443917712237128,0.887835424474256,1.33175313671138,0,0,0,0
0,0,0,0.4615247686936,0.230762384346691,0,0.115265397121343,0.576790165814943,1.03831493450854,1.33175313671138,1.01132641898041,0,0,0,0,0,0.443917712237149,0.887835424474038,1.33175313671138,1.33175313671138,1.33175313671138,1.33175313671138,0,0
0,0,0,0.766268549214249,0.383134274607669,0,0,0.191311140831969,0,0.633239118768487,1.33175313671138,1.26833579204116,0.824333569551915,0,0,0,0.443917712237149,0.887835424474256,1.33175313671138,1.33175313671138,1.33175313671138,0.125302541087185,0,0
0,0,0,0,0,0,0,0.333843853983051,0.333769582560732,0,1.16826923679624,1.33175313671138,0.831616259054283,0,0,0,0,0,0.443917712237128,0.887835424474256,1.33175313671138,0.535780407641637,0,0
0,0,0,0,0,0,0,0,0,0,1.17145176677742,1.33175313671138,1.00192270871394,0,0,0,0,0,0.443917712237128,0.887835424474692,1.33175313671138,0.953011671557382,0,0
0,0,0,0,0,0,0,0.299220428667312,1.22738260180905,1.33175313671138,0.887835424474256,0.443917712237128,0,0,0,0,0,0,0.443917712237346,0.887835424474256,1.33175313671138,0,0,0
0,0,0,1.14049723356066,1.33175313671138,1.16516493261388,0.640970685834694,0.47438248173644,1.02372079450496,1.21497669765566,1.04838849355837,0.524194246779046,0,0,0,0,0,0.443917712237149,0.887835424474256,1.33175313671138,1.33175313671138,1.33175313671138,0.125865177303407,0
0,0,0,0,0,0,0,0,0,0,1.03321477688594,1.33175313671138,1.03224563588901,0,0,0,0,0.443917712237128,0.887835424474256,1.33175313671138,1.33175313671138,1.33175313671138,0,0
0,0,0,0,0,0,0,0,0.726756287405844,1.12979327022153,1.33175313671138,1.2106325597775,0.766644072921821,0,0,0,0,0,0.443917712237128,0.887835424474256,1.33175313671138,0.959945101592091,0,0
0,0,0,0,0,0,0,0,0,0.926508974016219,1.26629869804564,1.33175313671138,0.812027625127302,0,0,0,0,0,0,0.443917712237128,0.887835424474256,1.33175313671138,0.154059633556501,0
0,0,0,0,0,0,0,0.360938355392741,0.404822860234783,0.448707365076695,1.20697165901336,1.33175313671138,0.823883610451059,0,0,0,0,0,0,0.443917712237346,0.887835424474474,1.33175313671138,0.558646813574664,0
0,0,0,0.179866376423477,0,0,0,0,0.609559773245688,0.92921492422119,1.27515074739846,1.33175313671138,0.810258534298217,0,0,0,0,0,0,0.443917712237128,0.887835424474256,1.33175313671138,0.963777013015729,0
0,0,0,0,0,0,0,0,0,1.33175313671138,1.02682371516476,0.5134118575826,0,0,0,0,0,0,0,0,0.0679186480205132,0.887920541883928,1.33175313671138,0
0,0,0,0,0,0,0,0,0,0.754929045489568,1.33175313671138,0.843204532180831,0,0,0,0,0,0.443917712236875,0.887835424474256,1.33175313671138,1.33175313671138,1.33175313671138,1.33175313671138,0
0,0,0,0.192975516472637,0,0,0,0,0,0.665882101589194,1.33175313671138,0.855909138378494,0,0,0,0,0.443917712237149,0.887835424474692,1.33175313671138,1.33175313671138,0.533658962427004,0,0,0
0,0,0,0,0,0,0.736832082565689,1.33175313671138,1.30786087734941,0.974871133149103,0.332989744200529,0,0,0,0,0,0,0.443917712236875,0.88783542447382,1.33175313671138,1.33175313671138,0.545446439892605,0,0
0,0,0,0.112185429924655,0.224370859849311,0,0,0,0.331139393507967,1.16500360817119,1.33175313671138,0.832269741790225,0,0,0,0,0,0.443917712237149,0.887835424474256,1.33175313671138,1.33175313671138,1.33175313671138,0.541682082862035,0
0,0,0,0,0,0,0,0,0,1.12206312302819,1.33175313671138,1.1205552074306,0,0,0,0,0,0,0.443917712237128,0.887835424474256,1.33175313671138,0,0,0
0,0,0,0.259989658394295,0.129994829196916,0,0,1.33175313671138,1.2215465079407,0.814364338627135,0.407182169313568,0,0,0,0,0,0,0,0,0,0.665876568355583,1.33175313671138,0.367826541984989,0
0,0,0,0,0,0,0,0.312906370632851,0.936899769917185,1.33175313671138,1.26877969084699,0.7485827732321,0,0,0,0,0,0,0,0,1.27235497799278,1.33175313671138,0,0
0,0,0.395149830086051,0,0,0,0,0,0,0.994433177813742,1.33175313671138,1.32656084588519,0.993568634434768,0.332992211450207,0,0,0,0,0,8.71924890412225e-13,0.443917712237782,0.887835424474256,1.33175313671138,0.554552229802804
0,0,0,0,0,0,0,0,0,0,0.533612305590425,1.33175313671138,1.15302638972693,0,0,0,0,0,0,0,0,0,0.665876568355692,1.33175313671138
0,0,0,0,0.130968296045828,0.261936592092035,0,0,0,0,0.863915079409942,1.33175313671138,1.04345167765411,0,0,0,0,0,0,0,0.443917712237346,0.887835424474256,1.33175313671138,0
0,0,0,0,0,0,0,1.2332754698419,1.33175313671138,1.1976221036002,0.831035994923507,0,0,0,0,0,0,0,0.665876568355692,1.33175313671138,1.17047093897413,0,0,0
0,0,0.380461718900172,0.380461718899954,0,0,0.358347629955283,0.336233541010177,0.31411945206507,0.292005363120617,0.765239982531612,1.23847460194261,1.33175313671138,0.665876568355801,0,0,0,0,0.443917712237128,0.887835424474256,1.33175313671138,0.540001630607242,0,0
0,0,0,0,0,0,0,0,0,1.11100954183432,1.33175313671138,0.961747920729427,0,0,0,0,0,0,0.443917712236875,0.887835424474256,1.33175313671138,0.539159686974077,0,0
0,0,0,0,0,0,0,1.33175313671138,1.32800524102755,1.1046998303148,0.661982824978443,0,0,0,0,0,0,0,0.443917712237149,0.887835424474256,1.33175313671138,0.534932699809369,0,0
0,0,1.0265403788375,1.33175313671138,0.887752019428431,0.0695194127871174,0,0.145321355466244,0.665876568355474,1.1864317812447,1.33175313671138,1.2268489809077,0,0.397999254168267,0,0,0,0.665876568355692,1.33175313671138,0,0,0,0,0
0,0,0,0,0,0,0,0,0,1.09538433652842,1.33175313671138,1.17335496031844,0.729374398692343,0,0,0,0,0,0,0.443917712237564,0.887835424474474,1.33175313671138,0,0
0,0,0.780887701022494,0,0,0.624089233713168,0.624089233713168,0.31235446385469,0.000619693996211566,0.947602056992271,1.33175313671138,1.09469877129166,0.547349385645831,0,0,0,0,0,0,0.443917712237346,0.887835424474474,1.33175313671138,0,0
0,0,0,0,0,0,0,0,0,0.891935204525661,1.33175313671138,0.61272330938999,0.279721372090867,0.333001937299122,0,0,0,0,0,0.463175166431582,1.33175313671138,0.984937226781723,0,0
0,0,0,0,0,0,0,0,0,0.497540686308823,0.657596571520688,1.15513725782944,1.33175313671138,1.17110615068737,0,0,0,0,0,0,0.0589149987009319,0.887921125054252,1.33175313671138,0
0,0,0,0,0,0,0,0,0.738731043875787,1.28228462010883,1.33175313671138,1.1344211419058,0.690449770613479,0,0,0,0,0,0.443917712237149,0.887835424474256,1.33175313671138,1.33175313671138,1.33175313671138,1.33175313671138
1.33175313671138,1.33175313671138,1.33175313671138,1.33175313671138,0.577924634943397,0,0,0,0,0.873762912874185,1.24268278051098,1.33175313671138,0.917305373862359,0,0,0,0,0,0,0.443917712237149,0.887835424474256,1.33175313671138,1.33175313671138,1.33175313671138
1.33175313671138,1.33175313671138,1.33175313671138,1.33175313671138,0.132071014506777,0,0,0,0,0,1.20123866715053,1.33175313671138,0.665876568355365,0,0,0,0,0,0.443917712237149,0.887835424474256,1.33175313671138,1.33175313671138,1.33175313671138,1.33175313671138
1.33175313671138,1.33175313671138,1.33175313671138,1.33175313671138,0.583432820536281,0,0,0,0,0.755700933082768,1.33175313671138,1.16196789607261,0,0,0,0,0,0,0.44391771223691,0.887835424474256,1.33175313671138,1.33175313671138,1.33175313671138,1.33175313671138
1.33175313671138,1.33175313671138,1.33175313671138,0.887835424474038,1.33175313671138,0.983966254968678,0,0,0,1.17111663728934,1.33175313671138,0.974127969167652,0.357625167543841,0,0,0,0,0,0.443917712236875,0.887835424474256,1.33175313671138,1.33175313671138,1.33175313671138,1.33175313671138
1.33175313671138,1.33175313671138,1.33175313671138,1.33175313671138,1.33175313671138,0.141125879479175,0,0,0,1.33175313671138,1.2216541131815,0.861068176087434,0,0,0,0,0,0,0.443917712237149,0.887835424474256,0.443917712237128,0.887835424474256,1.33175313671138,1.33175313671138
1.33175313671138,1.33175313671138,1.33175313671138,0.887835424474256,1.33175313671138,0.976909779595334,0,0,1.00807931263936,1.33175313671138,1.07959116327071,0.539795581635357,0,0,0,0,0,0.443917712237149,0.887835424474256,1.33175313671138,1.33175313671138,1.33175313671138,1.33175313671138,1.33175313671138
1.33175313671138,1.33175313671138,1.33175313671138,0,0,0,0,0,0,1.01473434288581,1.33175313671138,0.806131239787081,0,0,0,0,0,0.443917712237149,0.887835424474692,1.33175313671138,1.33175313671138,1.33175313671138,1.33175313671138,1.33175313671138
1.33175313671138,1.33175313671138,0,0,0,0,0,0,0,0.841471895936761,1.33175313671138,0.980665916044374,0,0,0,0,0,0,0,0.443917712237149,0.887835424474692,1.33175313671138,1.33175313671138,1.33175313671138
1.33175313671138,1.33175313671138,1.33175313671138,1.33175313671138,1.33175313671138,1.33175313671138,0.934225116852783,0,0,0,0,1.33175313671138,1.16967934464164,0,0,0,0,0,0,0.443917712237149,0.887835424474256,1.33175313671138,1.33175313671138,1.33175313671138
1.33175313671138,1.33175313671138,1.33175313671138,0,0,0,0,0,0,1.33175313671138,1.27161925012497,0.938636488580512,0.605653727036573,0,0,0,0,0,0.443917712237149,0.887835424474256,1.33175313671138,1.33175313671138,1.33175313671138,0
0,0,0.51965228994211,0.259826144971164,0,0,0,0,1.33175313671138,0.953316726778685,0.574880316845985,0.476658363389179,0.378436409932699,0,0,0,0,0,0,0.44391771223691,0.887835424474256,1.33175313671138,0.163781919113587,0
0,0,0.263442027389577,0.13172101369495,0,0,0,0.39279265785067,1.18347306008354,1.33175313671138,1.15915051752381,0.986547898335907,0.49327394916809,0,0,0,0,0,0.443917712237149,0.887835424474256,1.33175313671138,1.33175313671138,0.557012279624188,0
0,0,0,0.196065858782722,0,0,0,0,0.252332460625031,0.932728649349226,1.33175313671138,1.16859005796687,0.724610748589304,0,0,0,0,0,0,1.06952103118868,1.33175313671138,0.385069889194085,0,0
0,0,0,0,0,0,0,0,0,1.33175313671138,1.23476301364244,0.721378064829064,0,0,0,0,0,0,0,0,0,0.665876568355474,1.33175313671138,0
0,0,0,0,0,0,0,0,1.33175313671138,0.718125273307433,0.38514081970518,0.0521563661030349,0,0,0,0,0,0,0,0.31195720999489,1.01979592671649,1.33175313671138,0.852735607424459,0
0.587431713701247,1.33175313671138,0.900952729650319,0.470152322588165,0.0393519155270998,0,0.109460483174929,0.218920966349858,0.720606809944029,1.22229265353645,1.33175313671138,1.05745440971162,0,0.341729557624089,1.33175313671138,0,0,0,0,0,0.665876568355692,1.33175313671138,0,0
0,0,0,0,0,0,0,0,0,1.33175313671138,1.08849630983851,0.64453493216272,0,0,0,0,0,0,0,0,0,0.443827902036268,1.29143498220672,1.33175313671138
0,0,0,0,0,0,0,0,1.33175313671138,1.33175313671138,1.07266112465499,0.536330562327494,0,0,0,0,0,0,0.443917712237149,0.887835424474256,1.33175313671138,0.887835424474256,1.33175313671138,0.148607515978503
0,0,0,0,0,0,0,0,0.499325309150799,0.66488746134557,1.33175313671138,1.33175313671138,0.998650182563674,0,0,0,0,0,0.443917712237149,0.887835424474256,1.30000581179907,1.33175313671138,0,0
0,0,0,0,0,0,0,0.418960083690074,1.03335957155446,1.33175313671138,1.31435010466651,0.981359593003562,0.332990511662949,0,0,0,0,0.443917712237149,0.887835424474256,1.33175313671138,1.33175313671138,1.33175313671138,0.139807458889796,0
0,0,0,0,0,0,0,0,1.06493528465725,1.33175313671138,1.33040247981762,1.06371197002591,0.531855985012957,0,0,0,0,0,0,0.665876568355692,1.33175313671138,1.19114799358479,0.24513563210545,0
0,0,0.19693099923232,0,0,0,0,0,0,0.185343914610459,1.00677066133939,1.33175313671138,0.913287462126181,0,0,0,0,0,0,0,0.665876568355692,1.33175313671138,0,0
1.03572958103537,1.33175313671138,0.473647940546714,0,2.17981222603056e-13,0,0,0.394027684998164,0,0.000517473934871507,0.00103494786974301,0.396356700061262,0.000646523564974684,0,0,0,0,0.443917712237149,0.887835424474256,1.33175313671138,1.33175313671138,1.33175313671138,0,0
0,0,0.23788926359024,0.118944631795011,0,0,0,1.33175313671138,1.23537904160968,1.13900494650797,0.759336631004877,0.379668315502438,0,0,0,0,0,0,0.443917712237149,0.887835424474256,1.33175313671138,1.33175313671138,1.33175313671138,0.966221431054653
0,0,0,0,0,0,0,0,0,0.922209347067797,1.22485881687313,1.33175313671138,0.820308876974991,0,0,0,0,0.443917712237149,0.887835424474256,1.33175313671138,1.33175313671138,1.33175313671138,1.33175313671138,0
0,0,0,0,0,0,0,0,1.33175313671138,1.30885135635019,1.042468684435,0.532765343829009,0.266382671914504,0,0,0,0,0,0,0,0.308100781980258,1.02365235473107,1.33175313671138,0
0,0,0,0,0,0,0,0,0,0,0.390588001704379,1.33175313671138,0.986781081187317,0,0,0,0,0.443917712237149,0.887835424474256,1.33175313671138,1.33175313671138,1.33175313671138,1.33175313671138,0
0,0,0,0,0,0,0,0,0,0,0.74443384530375,1.33175313671138,1.08306447189056,0,0,0,0,0,0,0.404589362086277,0.848507074323405,0.88783542447382,1.33175313671138,0.158935392514433
0,0,0,0,0,0,0,0,0,0.654157199988261,1.33175313671138,1.11292088074319,0,0,0,0,0,0,0,0,0.31462386869016,1.0171292680213,1.33175313671138,0
0,0,0,0,0,0,0,0,0,0.0848264733521086,0.471443231603954,0.858059989856017,1.33175313671138,0,0,0,0,0,0.443917712237149,0.887835424474256,1.33175313671138,1.33175313671138,0.971333837579807,0
0,0,0.521897002921892,0.260948501460825,0,0,0,1.33175313671138,0.665876568355583,0,0,0,0,0,0,0,0,0,0.443917712237149,0.887835424474256,1.33175313671138,1.33175313671138,0.527443890790498,0
0,0,0.179213434831479,0,0,0,0,0,0.730206127341347,1.14362908474321,1.33175313671138,1.20371796007098,0.759731125668606,0,0,0,0,0,0.44391771223691,0.887835424474474,1.33175313671138,1.33175313671138,1.33175313671138,0
0,0,0,0,0,0,0,0.727520508399556,1.17086309284214,1.33175313671138,1.21037614199456,0.806917427996102,0.403458713998051,0,0,0,0,0,0,0.443917712237128,0.887835424474256,1.33175313671138,1.33175313671138,0
0,0,0,0,0,0,0,0.8309207464022,1.33175313671138,1.13508389200765,0.9384146473033,0.393338489407326,0.196669244703526,0,0,0,0,0,0,0,0.254966093907869,1.33175313671138,1.17622730121821,0
0,0,0,0,0,0,0,0,0.477162702394207,0.668331869538757,1.28537622783076,1.33175313671138,0.808214642604595,0,0,0,0,0,0,0.443917712237149,0.887835424474256,1.29902521345698,1.33175313671138,0
0,0,0,0,0,0,0,1.20512230949863,1.33175313671138,1.21270977001708,1.09366640332277,0.729110935547712,0.364555467773856,0,0,0,0,0,0,0,1.04284038176923,1.33175313671138,0,0
0,0,0,0,0,0.630602228712452,0.184050684903359,0.0552059934449455,0.284698963294297,0.514191933143648,1.10226016686094,1.33175313671138,0.844808150421038,0,0,0,0,0.40690264045168,0.850820352688372,1.2947380649255,1.33175313671138,0.149700870466178,0,0
0,0,0,0,0,0.683285372508826,0.341642686254304,0,0,0,0.628400106049651,1.31959450331494,1.33175313671138,1.00472759097493,0,0,0,0,0,0,0.320699007214549,1.01105412949683,1.33175313671138,0
0,0,0,0,0,0,0,0,0.481896296283201,1.33175313671138,1.12275323117296,0.208999905538204,0,0,0,0,0,0,0,0,1.33175313671138,0,0,0
0,0.385535319747595,0.771577209982931,0.385788604991466,0,0,0.642643709871684,0.513963245812533,0,0,1.04952230780932,1.33175313671138,0.887835424474256,0.443917712237128,0,0,0,0,0,0.443917712237149,0.887835424474111,1.33175313671138,0,0
0,0,0.354716281734904,0.3546387382342,0,0,0.589079684126327,0.471124944258756,0,0.176238888399217,0,0.943759240713998,1.33175313671138,1.0168610817943,0,0.0364361927873601,0,0,0,0.173066700962202,0,1.33175313671138,0,0
0,0,0,0,0,0,0.781459870498496,0.557997548083398,0,0.833144181189842,1.33175313671138,0.998814852533102,0.665876568355365,0.332938284177683,0,0,0,0,0,0,0.443917712237564,0.887835424474474,1.33175313671138,0.570367318831881
0,0,0,0,0,0,0,0,1.33175313671138,0.998814852533484,0.665876568355801,0.332938284177901,0,0,0,0,0,0,0,0,0,0.870626632468613,1.33175313671138,0
0,0,0,0,0,0,0,0.385050976085349,0.384966718318052,0,0.807444556510778,1.23025917700337,1.33175313671138,1.04937324464089,0,0,0,0,0.443917712237149,0.887835424474256,1.33175313671138,1.33175313671138,1.33175313671138,0
0,0,0,0,0,0,0,0,1.33175313671138,1.23172539235057,1.13169764798997,1.03166990362927,0.93164215926856,0,0,0,0,0,0,0,0.665876568355692,1.33175313671138,0.378730869279684,0
0,0,0,0,0,0,0,0,0,0,0.756658863418989,1.33175313671138,1.07899564873773,0,0,0,0,0,0,0,0.443917712237128,0.887835424474256,1.33175313671138,0.567960945206581
0,0,0,0,0,0,0,0,0,1.33175313671138,1.09468034815404,0.650717698122732,0,0,0,0,0,0,0,0,0.443917712236692,0.887835424474038,1.33175313671138,1.33175313671138
1.33175313671138,0.887835424474256,1.33175313671138,0.583824324403685,0,0,0,0,1.33175313671138,1.14144692846649,0.66587656835545,0.190306208244269,0,0,0,0,0,0,0.443917712237128,0.887835424474256,1.33175313671138,1.33175313671138,1.33175313671138,1.33175313671138
1.33175313671138,0.887835424474256,1.33175313671138,0,0,0,0,0,0,1.33175313671138,0.722424619728736,0.361212309864368,0,0,0,0,0,0,0.443917712236875,0.88783542447382,1.33175313671138,1.33175313671138,1.33175313671138,1.33175313671138
1.33175313671138,1.33175313671138,1.33175313671138,0,0,0,0,0,0,1.33175313671138,0.815950804923726,0.300148473136177,0,0,0,0,0,0,0,0,0.308556653974377,1.02319648273678,1.33175313671138,0
0,0,0,0,0,0,0,0,0.718104140064305,1.33175313671138,1.31410245344488,0.981112479008609,0.648122504572745,0,0,0,0,0,0,0.44391771223691,0.887835424474256,1.33175313671138,0.552906671386818,0
0,0,0,0,0,0,0,0,0,0.945099149033456,1.33175313671138,1.16635728698857,0.722378767649487,0,0,0,0,0,0,0.44391771223691,0.887835424474038,1.33175313671138,1.33175313671138,0
0,0,0,0,0,0,0,0,0.204360296708785,0.750815134480834,1.33175313671138,1.22917873972887,0.785186038571439,0,0,0,0,0,0.443917712237346,0.887835424474474,1.33175313671138,0.550016247089359,0,0
0,0,0.724183272852639,0.36209163642632,0,0.724183272852639,1.08603449875726,0,0,0,0,1.33175313671138,1.14291097740968,0,0,0,0,0,0,0.443917712237149,0.887835424474256,1.33175313671138,0.568362674519079,0
0,0.358771036275097,0,0,0,0,0,0,0,0,0.301707499180126,1.33175313671138,1.23020208993595,0,0,0,0,0,0,0.443917712237128,0.887835424474256,1.33175313671138,0.977700038069632,0
0,0.744996689961573,0,0,0,0,0,0,1.33175313671138,1.17602519471618,0.743740539355256,0.311455883993895,0.155727941996948,0,0,0,0,0,0,0,0.443917712236875,0.887835424474256,1.33175313671138,0.172326600808196
0,0,0,0,0,0,0,0,0,1.33175313671138,0.954388537163685,0.377364599547663,0,0,0,0,0,0,0,0,0,0.297325827016324,1.33175313671138,1.26089563686713
0,0,0,0,0,0,0,0.531674615974594,1.10718744503213,1.33175313671138,1.20559933650049,1.07944553628937,0.953291736077389,0.476645868038695,0,0,0,0,0,0.443917712237346,0.887835424474474,1.33175313671138,0,0
0,0,0.227705266226876,0.113852633113402,0,0,0.453476785808815,0.226738392904407,0,0.316085588011052,0.292618977146639,0.981740500491785,1.33175313671138,1.00421177321103,0,0,0,0,0,0.443917712237128,0.887835424474256,1.33175313671138,0,0
0,0,0,0,0,0,0.56960976829573,0.455553993378989,0,0.376922496107225,0.753844992214668,1.33175313671138,0.887835424474256,0.443917712237128,0,0,0,0,0,0.574175973524333,1.14835194704852,1.33175313671138,0.734380290665814,0
0,0,0.857440147447726,1.33175313671138,1.04812618367314,0,0,0,0.311967031470265,1.01978610524118,1.33175313671138,1.24812725259182,0.769167325239693,0,1.33175313671138,1.25424763448923,0,0,0,0.443917712236692,0.88783542447382,1.33175313671138,0,0
0,0,0,0,0,0,0,0,0.634057730709776,0.630751701968522,1.33175313671138,1.07825379299795,0.506998687426874,0.253499343713437,0,0,0,0,0.443917712237149,0.887835424474256,1.33175313671138,1.33175313671138,1.33175313671138,0.1818317247063
0,0,0,0,0,0,0,0,0,1.33175313671138,1.24063354370608,1.14951395070071,0.574756975350355,0,0,0,0,0,0,0.443917712237128,0.887835424474256,1.33175313671138,0.577529244919181,0
0,0.517529809007136,0.258764904503551,0,0,0,0,0,0,1.32204658510107,1.33175313671138,0.890876343771061,0,0,0,0,0,0,0,0,0.303060879235049,1.33175313671138,0,0
1.29190556973064,1.33175313671138,0.665876568355692,0,0,0,0,0,0,0,0,0,0,0,0,0,0.443917712236875,0.88783542447382,1.33175313671138,1.33175313671138,0.887835424474256,1.33175313671138,0,1.33175313671138
1.15935728849378,0.665876568355365,0.172395848217171,0,0,0,0.665876568355692,1.33175313671138,1.20925999421056,0,0,0.0556541308448594,1.33175313671138,1.05366404001545,0,0.443917712237149,0.887835424474256,1.33175313671138,0.665876568355723,0,0.665876568355692,1.33175313671138,0,0
0,0,0.921659761178001,1.26991802100098,1.33175313671138,0.887835424474256,0.443917712237128,0,0,0,0,0.575257902910198,0.575257902909108,0,0,0,0,0,0,0.443917712236875,0.887835424474256,1.33175313671138,1.33175313671138,0
0,0.938946862396182,1.33175313671138,1.00726784917723,0.324485287533505,0,0,0,0,0,0,0,0,0,0,0,0,0,0,0.443917712237149,0.887835424474256,1.33175313671138,1.33175313671138,0
0,0,0,0,0,0,0,0,0,0.169641464802714,1.21882481585139,1.33175313671138,0.821517099949514,0,0,0,0,0,0,0.443917712237149,0.887835424474256,1.33175313671138,1.33175313671138,0
0,0,0,0,0,0,0,0,0,1.33175313671138,0.663324805918979,0.263219363223181,0.131609681611809,0,0,0,0,0,0,0.443917712237149,0.887835424474692,1.33175313671138,1.33175313671138,0
0,0,0,0,0,0,0,0,0,0,1.33175313671138,0.957970752221106,0.5841883677305,0,0,0,0,0,0,0,0.665876568355692,1.33175313671138,1.27452170730387,0
0,0,0,0,0.704708127346031,0.352354063672798,0,0,0.35212565372802,0.35212565372802,1.07437706199018,1.33175313671138,0.887835424474256,0.443917712237128,0,0,0,0,0.397282174847912,0.841199887085258,1.2851175993226,1.33175313671138,0.981367330472431,0
0,0,0,0,0,0,0,0,0,0.612685634477071,1.22537126895414,1.33175313671138,1.08663334096529,0.841513545219682,0.245119795745746,0,0,0,0,0.443917712237128,0.887835424474256,1.33175313671138,0,0
0,0,0,0,0.681215441489079,1.33175313671138,1.08661549839635,0.543307749198176,0,0,0,0.299142210388694,0,0.000390171324213139,0,0,0,0,0,0.181225312330613,1.15052782438077,1.33175313671138,1.1193293080347,0.513515635536774
0.954842130751237,1.33175313671138,1.31733948445674,0.911858178232358,0.506376872007976,0.100895565782722,0.0864819135280789,0.0720682612734354,0.057654609018574,0.0432409567639305,0.028827304509287,0.0144136522546435,0,0,0,0,0,0,0.391839427335982,0,0.075402728618823,1.33175313671138,0,0
0,0,0.347999469844361,0.347923244716289,0,0,0,0.642640295410325,1.33175313671138,1.33175313671138,0.321995135705483,0,0,0.115040134068807,0.230080268137833,0,0,0,0,0.443833288777726,1.27279936282175,1.33175313671138,0.621706693282387,0
0,0,0,1.01759134180919,1.33175313671138,1.0048077860679,0.326945350643681,0,0,0.443841540930359,1.2397405149878,1.33175313671138,1.23890425991739,0.794910672348964,0,0,0,0,0,0.665876568355692,1.33175313671138,0.911230397123197,0.929909691200927,1.33175313671138
0.665876568355692,0,0,0.487457695325281,1.33175313671138,0.0385144874678203,0,0,0,0,0.773140457439575,1.33175313671138,1.0931310112781,0,0,0,0,0,0,0,0.443839665045214,1.24594845920523,1.33175313671138,0.344855407998728
0,0.944394642777597,1.33175313671138,1.01665203478777,0,0,0.678111123016452,0.968515587303857,0.484257793651928,0,0,0,0,0,0,0,0,0.443917712237149,0.887835424474256,1.33175313671138,1.33175313671138,1.33175313671138,0,0
0,0,0,0,0.910232066418021,1.20076559857367,1.33175313671138,1.15339037943059,0.665876568355801,0.178362757280798,0,0,0.309749356936425,0,0,0,0,0,0,0.443917712237149,0.887835424474256,1.33175313671138,0,0
0,0,0,0.405072562889322,1.2451422986256,1.33175313671138,0.665876568355583,0,0,0,0,0,0,0,0,0,0,0,0,0.44391771223691,0.887835424474256,1.33175313671138,0,0
0,0,0,0,0.589489455372114,0.471453747150011,0,0,0,0,1.01712434828203,1.33175313671138,1.2382131287359,0.794219910843013,0,0,0,0,0,0,0.322751872966989,1.00900126374439,1.33175313671138,0
0,0,0,0,0,0,0,0,0,0.339706613187766,1.33175313671138,1.32969980685796,0.665983451012822,0.332991725506411,0,0,0,0,0,0,0,0.443917712237149,0.887835424474256,0
