Temperature (C)	Pressure (MPa)	Density (kg/m3)	Volume (m3/kg)	Internal Energy (kJ/kg)	Enthalpy (kJ/kg)	Entropy (J/g*K)	Cv (J/g*K)	Cp (J/g*K)	Sound Spd. (m/s)	Joule-Thomson (K/MPa)	Viscosity (uPa*s)	Therm. Cond. (W/m*K)	Phase
300.00	33.000	754.97	0.0013246	1284.0	1327.7	3.1670	3.0161	5.0240	1088.4	0.071721	94.132	0.58894	liquid
301.00	33.000	753.29	0.0013275	1288.9	1332.7	3.1758	3.0141	5.0369	1084.1	0.075131	93.779	0.58757	liquid
302.00	33.000	751.60	0.0013305	1293.9	1337.8	3.1846	3.0121	5.0500	1079.7	0.078598	93.427	0.58619	liquid
303.00	33.000	749.89	0.0013335	1298.8	1342.8	3.1934	3.0101	5.0633	1075.3	0.082122	93.077	0.58481	liquid
304.00	33.000	748.18	0.0013366	1303.8	1347.9	3.2022	3.0082	5.0768	1070.9	0.085706	92.727	0.58342	liquid
305.00	33.000	746.46	0.0013397	1308.8	1353.0	3.2110	3.0063	5.0906	1066.4	0.089350	92.377	0.58201	liquid
306.00	33.000	744.72	0.0013428	1313.8	1358.1	3.2198	3.0044	5.1047	1062.0	0.093055	92.029	0.58060	liquid
307.00	33.000	742.98	0.0013459	1318.8	1363.2	3.2286	3.0025	5.1190	1057.5	0.096825	91.682	0.57918	liquid
308.00	33.000	741.22	0.0013491	1323.8	1368.3	3.2374	3.0006	5.1336	1053.0	0.10066	91.335	0.57775	liquid
309.00	33.000	739.45	0.0013524	1328.8	1373.5	3.2463	2.9988	5.1484	1048.4	0.10456	90.989	0.57632	liquid
310.00	33.000	737.67	0.0013556	1333.9	1378.6	3.2551	2.9969	5.1635	1043.9	0.10853	90.643	0.57487	liquid
311.00	33.000	735.87	0.0013589	1339.0	1383.8	3.2640	2.9952	5.1789	1039.3	0.11257	90.298	0.57341	liquid
312.00	33.000	734.07	0.0013623	1344.0	1389.0	3.2728	2.9934	5.1946	1034.7	0.11668	89.954	0.57194	liquid
313.00	33.000	732.25	0.0013657	1349.1	1394.2	3.2817	2.9917	5.2107	1030.1	0.12087	89.610	0.57047	liquid
314.00	33.000	730.42	0.0013691	1354.2	1399.4	3.2906	2.9899	5.2270	1025.4	0.12513	89.267	0.56898	liquid
315.00	33.000	728.57	0.0013726	1359.4	1404.6	3.2995	2.9883	5.2436	1020.8	0.12947	88.924	0.56749	liquid
316.00	33.000	726.71	0.0013761	1364.5	1409.9	3.3085	2.9866	5.2606	1016.1	0.13389	88.582	0.56598	liquid
317.00	33.000	724.84	0.0013796	1369.6	1415.2	3.3174	2.9850	5.2779	1011.4	0.13840	88.239	0.56447	liquid
318.00	33.000	722.96	0.0013832	1374.8	1420.5	3.3263	2.9833	5.2956	1006.6	0.14298	87.898	0.56294	liquid
319.00	33.000	721.06	0.0013869	1380.0	1425.8	3.3353	2.9818	5.3136	1001.8	0.14766	87.556	0.56140	liquid
320.00	33.000	719.14	0.0013905	1385.2	1431.1	3.3443	2.9802	5.3320	997.06	0.15243	87.215	0.55986	liquid
321.00	33.000	717.21	0.0013943	1390.4	1436.4	3.3533	2.9787	5.3508	992.24	0.15728	86.874	0.55830	liquid
322.00	33.000	715.27	0.0013981	1395.6	1441.8	3.3623	2.9772	5.3700	987.40	0.16224	86.533	0.55674	liquid
323.00	33.000	713.31	0.0014019	1400.9	1447.2	3.3713	2.9758	5.3897	982.53	0.16729	86.192	0.55516	liquid
324.00	33.000	711.34	0.0014058	1406.2	1452.6	3.3804	2.9743	5.4097	977.64	0.17244	85.852	0.55357	liquid
325.00	33.000	709.35	0.0014097	1411.5	1458.0	3.3895	2.9729	5.4302	972.72	0.17769	85.511	0.55197	liquid
326.00	33.000	707.34	0.0014137	1416.8	1463.4	3.3985	2.9716	5.4511	967.77	0.18305	85.170	0.55036	liquid
327.00	33.000	705.32	0.0014178	1422.1	1468.9	3.4076	2.9702	5.4725	962.80	0.18852	84.829	0.54874	liquid
328.00	33.000	703.28	0.0014219	1427.4	1474.4	3.4168	2.9690	5.4944	957.80	0.19410	84.488	0.54711	liquid
329.00	33.000	701.23	0.0014261	1432.8	1479.9	3.4259	2.9677	5.5169	952.77	0.19980	84.147	0.54547	liquid
330.00	33.000	699.15	0.0014303	1438.2	1485.4	3.4351	2.9665	5.5398	947.72	0.20563	83.806	0.54381	liquid
331.00	33.000	697.06	0.0014346	1443.6	1491.0	3.4443	2.9653	5.5633	942.63	0.21157	83.464	0.54214	liquid
332.00	33.000	694.95	0.0014389	1449.0	1496.5	3.4535	2.9641	5.5873	937.52	0.21764	83.122	0.54046	liquid
333.00	33.000	692.82	0.0014434	1454.5	1502.1	3.4628	2.9630	5.6120	932.38	0.22385	82.780	0.53877	liquid
334.00	33.000	690.68	0.0014479	1460.0	1507.8	3.4720	2.9620	5.6372	927.21	0.23019	82.437	0.53707	liquid
335.00	33.000	688.51	0.0014524	1465.5	1513.4	3.4813	2.9609	5.6631	922.01	0.23667	82.094	0.53535	liquid
336.00	33.000	686.32	0.0014570	1471.0	1519.1	3.4907	2.9600	5.6896	916.77	0.24330	81.750	0.53363	liquid
337.00	33.000	684.11	0.0014617	1476.5	1524.8	3.5000	2.9590	5.7168	911.51	0.25008	81.406	0.53188	liquid
338.00	33.000	681.89	0.0014665	1482.1	1530.5	3.5094	2.9581	5.7447	906.22	0.25702	81.061	0.53013	liquid
339.00	33.000	679.64	0.0014714	1487.7	1536.3	3.5188	2.9573	5.7733	900.90	0.26411	80.715	0.52836	liquid
340.00	33.000	677.36	0.0014763	1493.3	1542.1	3.5283	2.9565	5.8028	895.54	0.27137	80.369	0.52658	liquid
341.00	33.000	675.07	0.0014813	1499.0	1547.9	3.5377	2.9557	5.8330	890.15	0.27881	80.022	0.52479	liquid
342.00	33.000	672.75	0.0014864	1504.7	1553.7	3.5473	2.9550	5.8640	884.73	0.28642	79.674	0.52298	liquid
343.00	33.000	670.41	0.0014916	1510.4	1559.6	3.5568	2.9544	5.8959	879.28	0.29422	79.324	0.52115	liquid
344.00	33.000	668.04	0.0014969	1516.1	1565.5	3.5664	2.9538	5.9287	873.79	0.30221	78.974	0.51931	liquid
345.00	33.000	665.65	0.0015023	1521.9	1571.5	3.5760	2.9532	5.9625	868.27	0.31040	78.623	0.51746	liquid
346.00	33.000	663.24	0.0015078	1527.7	1577.4	3.5857	2.9527	5.9972	862.71	0.31880	78.270	0.51559	liquid
347.00	33.000	660.79	0.0015133	1533.5	1583.5	3.5954	2.9523	6.0330	857.12	0.32741	77.917	0.51371	liquid
348.00	33.000	658.32	0.0015190	1539.4	1589.5	3.6051	2.9519	6.0698	851.49	0.33625	77.562	0.51181	liquid
349.00	33.000	655.83	0.0015248	1545.3	1595.6	3.6149	2.9516	6.1078	845.83	0.34531	77.205	0.50989	liquid
350.00	33.000	653.30	0.0015307	1551.2	1601.7	3.6248	2.9514	6.1470	840.13	0.35462	76.847	0.50796	liquid
351.00	33.000	650.74	0.0015367	1557.2	1607.9	3.6347	2.9512	6.1874	834.39	0.36418	76.488	0.50601	liquid
352.00	33.000	648.16	0.0015428	1563.2	1614.1	3.6446	2.9511	6.2291	828.61	0.37399	76.127	0.50404	liquid
353.00	33.000	645.54	0.0015491	1569.2	1620.4	3.6546	2.9510	6.2722	822.80	0.38408	75.764	0.50205	liquid
354.00	33.000	642.89	0.0015555	1575.3	1626.6	3.6646	2.9511	6.3167	816.94	0.39446	75.399	0.50005	liquid
355.00	33.000	640.20	0.0015620	1581.4	1633.0	3.6747	2.9512	6.3628	811.05	0.40513	75.032	0.49802	liquid
356.00	33.000	637.49	0.0015687	1587.6	1639.4	3.6849	2.9514	6.4104	805.11	0.41611	74.663	0.49598	liquid
357.00	33.000	634.73	0.0015755	1593.8	1645.8	3.6951	2.9516	6.4598	799.13	0.42741	74.292	0.49392	liquid
358.00	33.000	631.94	0.0015824	1600.1	1652.3	3.7054	2.9520	6.5109	793.11	0.43905	73.919	0.49184	liquid
359.00	33.000	629.11	0.0015895	1606.4	1658.8	3.7158	2.9524	6.5640	787.04	0.45104	73.543	0.48973	liquid
360.00	33.000	626.24	0.0015968	1612.7	1665.4	3.7262	2.9530	6.6190	780.93	0.46340	73.164	0.48761	liquid
361.00	33.000	623.33	0.0016043	1619.1	1672.1	3.7367	2.9536	6.6762	774.77	0.47615	72.783	0.48546	liquid
362.00	33.000	620.38	0.0016119	1625.6	1678.8	3.7472	2.9543	6.7356	768.56	0.48931	72.399	0.48329	liquid
363.00	33.000	617.38	0.0016197	1632.1	1685.5	3.7579	2.9552	6.7974	762.30	0.50290	72.012	0.48110	liquid
364.00	33.000	614.34	0.0016278	1638.7	1692.4	3.7686	2.9561	6.8618	755.99	0.51694	71.622	0.47888	liquid
365.00	33.000	611.25	0.0016360	1645.3	1699.3	3.7794	2.9572	6.9290	749.63	0.53145	71.229	0.47664	liquid
366.00	33.000	608.11	0.0016444	1652.0	1706.2	3.7903	2.9584	6.9990	743.22	0.54645	70.832	0.47437	liquid
367.00	33.000	604.92	0.0016531	1658.7	1713.3	3.8013	2.9597	7.0721	736.75	0.56199	70.431	0.47208	liquid
368.00	33.000	601.68	0.0016620	1665.5	1720.4	3.8124	2.9611	7.1486	730.23	0.57808	70.027	0.46975	liquid
369.00	33.000	598.38	0.0016712	1672.4	1727.6	3.8236	2.9627	7.2286	723.65	0.59475	69.618	0.46740	liquid
370.00	33.000	595.02	0.0016806	1679.4	1734.8	3.8349	2.9645	7.3125	717.00	0.61204	69.205	0.46502	liquid
371.00	33.000	591.60	0.0016903	1686.4	1742.2	3.8464	2.9663	7.4004	710.30	0.62998	68.787	0.46261	liquid
372.00	33.000	588.12	0.0017003	1693.5	1749.6	3.8579	2.9684	7.4928	703.53	0.64862	68.365	0.46016	liquid
373.00	33.000	584.57	0.0017107	1700.7	1757.2	3.8696	2.9706	7.5899	696.70	0.66798	67.937	0.45769	liquid
374.00	33.000	580.94	0.0017213	1708.0	1764.8	3.8814	2.9730	7.6920	689.81	0.68811	67.504	0.45517	supercritical
375.00	33.000	577.25	0.0017324	1715.4	1772.6	3.8934	2.9757	7.7996	682.84	0.70906	67.065	0.45263	supercritical
376.00	33.000	573.47	0.0017438	1722.9	1780.4	3.9055	2.9785	7.9131	675.81	0.73088	66.620	0.45004	supercritical
377.00	33.000	569.62	0.0017556	1730.5	1788.4	3.9177	2.9815	8.0329	668.72	0.75360	66.168	0.44742	supercritical
378.00	33.000	565.68	0.0017678	1738.1	1796.5	3.9302	2.9848	8.1595	661.55	0.77729	65.710	0.44475	supercritical
379.00	33.000	561.65	0.0017805	1746.0	1804.7	3.9428	2.9883	8.2934	654.32	0.80201	65.244	0.44205	supercritical
380.00	33.000	557.52	0.0017937	1753.9	1813.1	3.9556	2.9921	8.4351	647.02	0.82779	64.770	0.43929	supercritical
381.00	33.000	553.29	0.0018074	1761.9	1821.6	3.9686	2.9961	8.5852	639.66	0.85472	64.289	0.43650	supercritical
382.00	33.000	548.96	0.0018216	1770.1	1830.2	3.9819	3.0005	8.7443	632.24	0.88284	63.798	0.43365	supercritical
383.00	33.000	544.51	0.0018365	1778.5	1839.1	3.9953	3.0052	8.9131	624.76	0.91222	63.299	0.43075	supercritical
384.00	33.000	539.95	0.0018520	1787.0	1848.1	4.0091	3.0102	9.0922	617.23	0.94294	62.790	0.42780	supercritical
385.00	33.000	535.26	0.0018683	1795.6	1857.3	4.0230	3.0156	9.2824	609.64	0.97506	62.270	0.42479	supercritical
386.00	33.000	530.44	0.0018852	1804.4	1866.6	4.0373	3.0214	9.4844	602.01	1.0087	61.740	0.42173	supercritical
387.00	33.000	525.48	0.0019030	1813.4	1876.2	4.0518	3.0275	9.6994	594.34	1.0438	61.199	0.41860	supercritical
388.00	33.000	520.37	0.0019217	1822.6	1886.0	4.0667	3.0341	9.9281	586.63	1.0807	60.646	0.41541	supercritical
389.00	33.000	515.11	0.0019413	1832.0	1896.1	4.0818	3.0412	10.172	578.89	1.1193	60.080	0.41215	supercritical
390.00	33.000	509.69	0.0019620	1841.7	1906.4	4.0974	3.0487	10.432	571.12	1.1598	59.501	0.40883	supercritical
391.00	33.000	504.09	0.0019838	1851.5	1917.0	4.1133	3.0568	10.711	563.33	1.2024	58.907	0.40544	supercritical
392.00	33.000	498.31	0.0020068	1861.6	1927.8	4.1297	3.0654	11.010	555.51	1.2472	58.299	0.40197	supercritical
393.00	33.000	492.34	0.0020311	1872.0	1939.0	4.1464	3.0746	11.331	547.66	1.2944	57.676	0.39844	supercritical
394.00	33.000	486.16	0.0020569	1882.6	1950.5	4.1637	3.0844	11.679	539.78	1.3442	57.035	0.39483	supercritical
395.00	33.000	479.75	0.0020844	1893.6	1962.4	4.1815	3.0949	12.055	531.88	1.3970	56.377	0.39114	supercritical
396.00	33.000	473.11	0.0021137	1904.9	1974.6	4.1998	3.1061	12.465	523.96	1.4528	55.700	0.38738	supercritical
397.00	33.000	466.22	0.0021449	1916.5	1987.3	4.2187	3.1180	12.910	516.04	1.5121	55.003	0.38354	supercritical
398.00	33.000	459.05	0.0021784	1928.6	2000.5	4.2383	3.1308	13.396	508.16	1.5748	54.284	0.37962	supercritical
399.00	33.000	451.60	0.0022144	1941.0	2014.1	4.2587	3.1443	13.924	500.37	1.6413	53.543	0.37562	supercritical
400.00	33.000	443.84	0.0022531	1954.0	2028.3	4.2798	3.1586	14.494	492.75	1.7113	52.778	0.37150	supercritical
401.00	33.000	435.76	0.0022949	1967.4	2043.1	4.3018	3.1734	15.105	485.39	1.7848	51.989	0.36728	supercritical
402.00	33.000	427.36	0.0023400	1981.3	2058.5	4.3246	3.1887	15.750	478.43	1.8613	51.176	0.36290	supercritical
403.00	33.000	418.64	0.0023887	1995.8	2074.6	4.3484	3.2038	16.415	471.98	1.9403	50.340	0.35834	supercritical
404.00	33.000	409.62	0.0024413	2010.8	2091.4	4.3732	3.2184	17.081	466.18	2.0211	49.485	0.35355	supercritical
405.00	33.000	400.33	0.0024979	2026.3	2108.8	4.3989	3.2317	17.724	461.11	2.1030	48.615	0.34850	supercritical
406.00	33.000	390.84	0.0025586	2042.4	2126.8	4.4254	3.2430	18.318	456.82	2.1855	47.735	0.34314	supercritical
407.00	33.000	381.20	0.0026233	2058.8	2145.4	4.4528	3.2517	18.843	453.27	2.2685	46.853	0.33747	supercritical
408.00	33.000	371.48	0.0026920	2075.6	2164.5	4.4808	3.2572	19.283	450.39	2.3521	45.976	0.33150	supercritical
409.00	33.000	361.75	0.0027643	2092.7	2183.9	4.5093	3.2594	19.620	448.07	2.4364	45.111	0.32523	supercritical
410.00	33.000	352.10	0.0028401	2109.9	2203.7	4.5382	3.2585	19.833	446.24	2.5209	44.265	0.31867	supercritical
411.00	33.000	342.60	0.0029188	2127.2	2223.5	4.5673	3.2551	19.907	444.84	2.6046	43.446	0.31184	supercritical
412.00	33.000	333.33	0.0030000	2144.4	2243.4	4.5964	3.2503	19.838	443.89	2.6862	42.661	0.30479	supercritical
413.00	33.000	324.37	0.0030829	2161.4	2263.2	4.6252	3.2448	19.644	443.38	2.7645	41.914	0.29759	supercritical
414.00	33.000	315.75	0.0031671	2178.2	2282.7	4.6536	3.2391	19.357	443.32	2.8389	41.210	0.29037	supercritical
415.00	33.000	307.51	0.0032520	2194.6	2301.9	4.6815	3.2334	19.007	443.67	2.9093	40.550	0.28323	supercritical
416.00	33.000	299.66	0.0033371	2210.6	2320.7	4.7088	3.2273	18.614	444.39	2.9757	39.933	0.27623	supercritical
417.00	33.000	292.20	0.0034223	2226.1	2339.1	4.7355	3.2205	18.190	445.43	3.0384	39.360	0.26941	supercritical
418.00	33.000	285.13	0.0035071	2241.3	2357.1	4.7615	3.2127	17.741	446.73	3.0974	38.828	0.26278	supercritical
419.00	33.000	278.44	0.0035914	2256.0	2374.6	4.7868	3.2036	17.273	448.26	3.1530	38.335	0.25636	supercritical
420.00	33.000	272.12	0.0036748	2270.3	2391.6	4.8114	3.1933	16.791	449.97	3.2051	37.880	0.25016	supercritical
421.00	33.000	266.16	0.0037572	2284.2	2408.1	4.8353	3.1818	16.303	451.84	3.2539	37.459	0.24420	supercritical
422.00	33.000	260.52	0.0038384	2297.5	2424.2	4.8584	3.1693	15.814	453.82	3.2994	37.072	0.23847	supercritical
423.00	33.000	255.21	0.0039183	2310.5	2439.8	4.8808	3.1558	15.332	455.90	3.3418	36.714	0.23299	supercritical
424.00	33.000	250.20	0.0039969	2323.0	2454.9	4.9024	3.1417	14.862	458.05	3.3813	36.385	0.22777	supercritical
425.00	33.000	245.46	0.0040740	2335.1	2469.5	4.9234	3.1271	14.406	460.25	3.4179	36.082	0.22280	supercritical
426.00	33.000	240.99	0.0041496	2346.7	2483.7	4.9437	3.1122	13.968	462.49	3.4519	35.802	0.21808	supercritical
427.00	33.000	236.76	0.0042238	2358.1	2497.4	4.9634	3.0970	13.548	464.76	3.4835	35.544	0.21360	supercritical
428.00	33.000	232.75	0.0042965	2369.0	2510.8	4.9824	3.0817	13.148	467.03	3.5128	35.306	0.20936	supercritical
429.00	33.000	228.95	0.0043678	2379.6	2523.7	5.0009	3.0663	12.767	469.32	3.5399	35.086	0.20533	supercritical
430.00	33.000	225.34	0.0044377	2389.9	2536.3	5.0188	3.0510	12.406	471.59	3.5651	34.883	0.20152	supercritical
431.00	33.000	221.92	0.0045062	2399.9	2548.6	5.0362	3.0356	12.063	473.86	3.5884	34.694	0.19791	supercritical
432.00	33.000	218.65	0.0045734	2409.5	2560.5	5.0531	3.0204	11.738	476.12	3.6101	34.520	0.19448	supercritical
433.00	33.000	215.55	0.0046394	2418.9	2572.0	5.0695	3.0054	11.430	478.36	3.6301	34.358	0.19124	supercritical
434.00	33.000	212.58	0.0047041	2428.1	2583.3	5.0855	2.9904	11.137	480.58	3.6487	34.209	0.18816	supercritical
435.00	33.000	209.75	0.0047676	2437.0	2594.3	5.1010	2.9756	10.860	482.78	3.6659	34.070	0.18524	supercritical
436.00	33.000	207.04	0.0048300	2445.7	2605.1	5.1161	2.9610	10.597	484.95	3.6818	33.940	0.18246	supercritical
437.00	33.000	204.44	0.0048913	2454.1	2615.5	5.1309	2.9466	10.348	487.10	3.6965	33.820	0.17983	supercritical
438.00	33.000	201.96	0.0049515	2462.4	2625.8	5.1453	2.9324	10.111	489.23	3.7100	33.709	0.17732	supercritical
439.00	33.000	199.57	0.0050107	2470.4	2635.7	5.1593	2.9183	9.8859	491.33	3.7225	33.605	0.17494	supercritical
440.00	33.000	197.28	0.0050690	2478.3	2645.5	5.1731	2.9045	9.6717	493.40	3.7341	33.509	0.17266	supercritical
441.00	33.000	195.07	0.0051262	2485.9	2655.1	5.1865	2.8909	9.4678	495.45	3.7447	33.419	0.17050	supercritical
442.00	33.000	192.95	0.0051826	2493.4	2664.5	5.1996	2.8775	9.2736	497.47	3.7545	33.336	0.16844	supercritical
443.00	33.000	190.91	0.0052381	2500.8	2673.6	5.2124	2.8642	9.0884	499.46	3.7634	33.259	0.16647	supercritical
444.00	33.000	188.94	0.0052928	2508.0	2682.6	5.2250	2.8512	8.9116	501.43	3.7716	33.186	0.16459	supercritical
445.00	33.000	187.03	0.0053466	2515.0	2691.5	5.2373	2.8384	8.7428	503.38	3.7790	33.119	0.16279	supercritical
446.00	33.000	185.20	0.0053997	2521.9	2700.1	5.2493	2.8258	8.5815	505.29	3.7858	33.057	0.16108	supercritical
447.00	33.000	183.42	0.0054520	2528.7	2708.6	5.2611	2.8134	8.4272	507.19	3.7919	32.999	0.15943	supercritical
448.00	33.000	181.70	0.0055036	2535.4	2717.0	5.2727	2.8012	8.2795	509.06	3.7974	32.946	0.15786	supercritical
449.00	33.000	180.04	0.0055545	2541.9	2725.2	5.2841	2.7891	8.1379	510.90	3.8024	32.896	0.15636	supercritical
450.00	33.000	178.42	0.0056047	2548.3	2733.3	5.2953	2.7773	8.0022	512.72	3.8068	32.850	0.15491	supercritical
451.00	33.000	176.86	0.0056542	2554.6	2741.2	5.3062	2.7657	7.8720	514.52	3.8106	32.807	0.15353	supercritical
452.00	33.000	175.34	0.0057031	2560.8	2749.0	5.3170	2.7542	7.7470	516.30	3.8140	32.768	0.15220	supercritical
453.00	33.000	173.87	0.0057515	2566.9	2756.7	5.3276	2.7430	7.6268	518.05	3.8169	32.732	0.15092	supercritical
454.00	33.000	172.44	0.0057992	2572.9	2764.3	5.3380	2.7319	7.5113	519.78	3.8194	32.699	0.14970	supercritical
455.00	33.000	171.05	0.0058463	2578.8	2771.7	5.3483	2.7210	7.4001	521.49	3.8214	32.668	0.14852	supercritical
456.00	33.000	169.70	0.0058929	2584.6	2779.1	5.3583	2.7103	7.2931	523.19	3.8231	32.640	0.14739	supercritical
457.00	33.000	168.38	0.0059390	2590.3	2786.3	5.3683	2.6998	7.1899	524.86	3.8243	32.614	0.14630	supercritical
458.00	33.000	167.10	0.0059845	2596.0	2793.5	5.3780	2.6894	7.0905	526.51	3.8252	32.591	0.14525	supercritical
459.00	33.000	165.85	0.0060295	2601.5	2800.5	5.3877	2.6792	6.9946	528.14	3.8257	32.570	0.14424	supercritical
460.00	33.000	164.63	0.0060741	2607.0	2807.4	5.3971	2.6691	6.9020	529.75	3.8259	32.551	0.14327	supercritical
461.00	33.000	163.45	0.0061181	2612.4	2814.3	5.4065	2.6593	6.8126	531.34	3.8258	32.534	0.14233	supercritical
462.00	33.000	162.29	0.0061617	2617.7	2821.1	5.4157	2.6496	6.7262	532.92	3.8254	32.519	0.14142	supercritical
463.00	33.000	161.16	0.0062049	2623.0	2827.8	5.4248	2.6400	6.6427	534.48	3.8246	32.506	0.14055	supercritical
464.00	33.000	160.06	0.0062476	2628.2	2834.4	5.4338	2.6306	6.5619	536.02	3.8236	32.494	0.13971	supercritical
465.00	33.000	158.98	0.0062899	2633.3	2840.9	5.4426	2.6213	6.4837	537.54	3.8223	32.484	0.13890	supercritical
466.00	33.000	157.93	0.0063318	2638.4	2847.3	5.4513	2.6122	6.4080	539.05	3.8208	32.476	0.13811	supercritical
467.00	33.000	156.90	0.0063733	2643.4	2853.7	5.4599	2.6033	6.3347	540.55	3.8190	32.469	0.13735	supercritical
468.00	33.000	155.90	0.0064144	2648.3	2860.0	5.4684	2.5945	6.2636	542.02	3.8169	32.464	0.13662	supercritical
469.00	33.000	154.92	0.0064551	2653.2	2866.2	5.4768	2.5858	6.1946	543.48	3.8147	32.459	0.13591	supercritical
470.00	33.000	153.95	0.0064955	2658.0	2872.4	5.4851	2.5773	6.1278	544.93	3.8122	32.457	0.13523	supercritical
471.00	33.000	153.01	0.0065355	2662.8	2878.5	5.4933	2.5689	6.0629	546.36	3.8095	32.455	0.13457	supercritical
472.00	33.000	152.09	0.0065751	2667.5	2884.5	5.5014	2.5606	5.9999	547.78	3.8066	32.455	0.13393	supercritical
473.00	33.000	151.18	0.0066145	2672.2	2890.5	5.5094	2.5525	5.9387	549.18	3.8035	32.455	0.13331	supercritical
474.00	33.000	150.30	0.0066534	2676.8	2896.4	5.5174	2.5445	5.8792	550.57	3.8002	32.457	0.13271	supercritical
475.00	33.000	149.43	0.0066921	2681.4	2902.2	5.5252	2.5366	5.8214	551.95	3.7967	32.460	0.13212	supercritical
476.00	33.000	148.58	0.0067304	2685.9	2908.0	5.5329	2.5288	5.7652	553.31	3.7931	32.464	0.13156	supercritical
477.00	33.000	147.74	0.0067684	2690.4	2913.8	5.5406	2.5212	5.7106	554.66	3.7893	32.469	0.13102	supercritical
478.00	33.000	146.93	0.0068061	2694.8	2919.5	5.5481	2.5136	5.6574	556.00	3.7853	32.475	0.13049	supercritical
479.00	33.000	146.12	0.0068436	2699.2	2925.1	5.5556	2.5062	5.6056	557.32	3.7811	32.481	0.12998	supercritical
480.00	33.000	145.33	0.0068807	2703.6	2930.7	5.5630	2.4990	5.5552	558.63	3.7768	32.489	0.12948	supercritical
481.00	33.000	144.56	0.0069176	2707.9	2936.2	5.5704	2.4918	5.5061	559.94	3.7724	32.497	0.12900	supercritical
482.00	33.000	143.80	0.0069541	2712.2	2941.7	5.5777	2.4847	5.4582	561.23	3.7678	32.506	0.12853	supercritical
483.00	33.000	143.05	0.0069904	2716.4	2947.1	5.5848	2.4777	5.4116	562.50	3.7631	32.516	0.12808	supercritical
484.00	33.000	142.32	0.0070265	2720.6	2952.5	5.5920	2.4709	5.3661	563.77	3.7583	32.527	0.12764	supercritical
485.00	33.000	141.60	0.0070623	2724.8	2957.8	5.5990	2.4641	5.3218	565.03	3.7533	32.538	0.12722	supercritical
486.00	33.000	140.89	0.0070978	2728.9	2963.1	5.6060	2.4575	5.2785	566.27	3.7482	32.550	0.12680	supercritical
487.00	33.000	140.19	0.0071331	2733.0	2968.4	5.6129	2.4510	5.2363	567.51	3.7430	32.563	0.12640	supercritical
488.00	33.000	139.51	0.0071682	2737.1	2973.6	5.6198	2.4445	5.1951	568.73	3.7377	32.576	0.12602	supercritical
489.00	33.000	138.83	0.0072030	2741.1	2978.8	5.6266	2.4382	5.1549	569.95	3.7323	32.590	0.12564	supercritical
490.00	33.000	138.17	0.0072375	2745.1	2983.9	5.6333	2.4319	5.1156	571.15	3.7267	32.604	0.12527	supercritical
491.00	33.000	137.52	0.0072719	2749.0	2989.0	5.6400	2.4257	5.0773	572.35	3.7211	32.619	0.12492	supercritical
492.00	33.000	136.87	0.0073060	2753.0	2994.1	5.6466	2.4197	5.0398	573.53	3.7154	32.635	0.12457	supercritical
493.00	33.000	136.24	0.0073399	2756.9	2999.1	5.6532	2.4137	5.0032	574.71	3.7095	32.651	0.12424	supercritical
494.00	33.000	135.62	0.0073736	2760.8	3004.1	5.6597	2.4078	4.9674	575.87	3.7036	32.668	0.12391	supercritical
495.00	33.000	135.01	0.0074071	2764.6	3009.0	5.6661	2.4020	4.9324	577.03	3.6976	32.685	0.12360	supercritical
496.00	33.000	134.40	0.0074404	2768.4	3014.0	5.6725	2.3963	4.8981	578.18	3.6915	32.702	0.12329	supercritical
497.00	33.000	133.81	0.0074735	2772.2	3018.8	5.6788	2.3907	4.8647	579.32	3.6853	32.720	0.12299	supercritical
498.00	33.000	133.22	0.0075064	2776.0	3023.7	5.6851	2.3851	4.8319	580.45	3.6791	32.739	0.12271	supercritical
499.00	33.000	132.64	0.0075391	2779.7	3028.5	5.6914	2.3796	4.7998	581.58	3.6728	32.758	0.12243	supercritical
500.00	33.000	132.07	0.0075716	2783.4	3033.3	5.6976	2.3743	4.7685	582.69	3.6664	32.777	0.12215	supercritical
501.00	33.000	131.51	0.0076039	2787.1	3038.0	5.7037	2.3689	4.7377	583.80	3.6599	32.797	0.12189	supercritical
502.00	33.000	130.96	0.0076360	2790.8	3042.8	5.7098	2.3637	4.7077	584.90	3.6533	32.817	0.12163	supercritical
503.00	33.000	130.41	0.0076680	2794.4	3047.5	5.7159	2.3586	4.6782	585.99	3.6467	32.838	0.12138	supercritical
504.00	33.000	129.87	0.0076997	2798.0	3052.1	5.7219	2.3535	4.6494	587.07	3.6401	32.859	0.12114	supercritical
505.00	33.000	129.34	0.0077313	2801.6	3056.7	5.7278	2.3485	4.6211	588.15	3.6333	32.880	0.12091	supercritical
506.00	33.000	128.82	0.0077628	2805.2	3061.4	5.7337	2.3435	4.5934	589.22	3.6265	32.902	0.12068	supercritical
507.00	33.000	128.30	0.0077940	2808.7	3065.9	5.7396	2.3387	4.5663	590.28	3.6197	32.924	0.12046	supercritical
508.00	33.000	127.79	0.0078251	2812.3	3070.5	5.7454	2.3339	4.5397	591.33	3.6128	32.946	0.12024	supercritical
509.00	33.000	127.29	0.0078560	2815.8	3075.0	5.7512	2.3291	4.5136	592.38	3.6058	32.968	0.12003	supercritical
510.00	33.000	126.79	0.0078868	2819.3	3079.5	5.7570	2.3245	4.4880	593.42	3.5988	32.991	0.11983	supercritical
511.00	33.000	126.30	0.0079174	2822.7	3084.0	5.7627	2.3199	4.4629	594.45	3.5918	33.015	0.11964	supercritical
512.00	33.000	125.82	0.0079479	2826.2	3088.4	5.7684	2.3154	4.4383	595.48	3.5847	33.038	0.11945	supercritical
513.00	33.000	125.34	0.0079782	2829.6	3092.9	5.7740	2.3109	4.4142	596.50	3.5775	33.062	0.11926	supercritical
514.00	33.000	124.87	0.0080084	2833.0	3097.3	5.7796	2.3065	4.3905	597.51	3.5703	33.086	0.11908	supercritical
515.00	33.000	124.40	0.0080384	2836.4	3101.7	5.7852	2.3022	4.3673	598.52	3.5631	33.110	0.11891	supercritical
516.00	33.000	123.94	0.0080683	2839.8	3106.0	5.7907	2.2979	4.3445	599.52	3.5558	33.135	0.11874	supercritical
517.00	33.000	123.49	0.0080980	2843.1	3110.3	5.7962	2.2937	4.3221	600.51	3.5485	33.160	0.11858	supercritical
518.00	33.000	123.04	0.0081276	2846.4	3114.7	5.8016	2.2895	4.3001	601.50	3.5412	33.185	0.11842	supercritical
519.00	33.000	122.59	0.0081570	2849.8	3118.9	5.8070	2.2854	4.2785	602.48	3.5338	33.210	0.11826	supercritical
520.00	33.000	122.15	0.0081863	2853.1	3123.2	5.8124	2.2814	4.2573	603.46	3.5264	33.236	0.11812	supercritical
521.00	33.000	121.72	0.0082155	2856.3	3127.5	5.8178	2.2774	4.2365	604.43	3.5189	33.262	0.11797	supercritical
522.00	33.000	121.29	0.0082446	2859.6	3131.7	5.8231	2.2735	4.2161	605.40	3.5115	33.288	0.11783	supercritical
523.00	33.000	120.87	0.0082735	2862.9	3135.9	5.8284	2.2696	4.1960	606.35	3.5040	33.314	0.11770	supercritical
524.00	33.000	120.45	0.0083023	2866.1	3140.1	5.8336	2.2658	4.1762	607.31	3.4964	33.340	0.11757	supercritical
525.00	33.000	120.03	0.0083310	2869.3	3144.2	5.8389	2.2620	4.1568	608.26	3.4889	33.367	0.11744	supercritical
526.00	33.000	119.62	0.0083595	2872.5	3148.4	5.8441	2.2583	4.1378	609.20	3.4813	33.394	0.11732	supercritical
527.00	33.000	119.22	0.0083879	2875.7	3152.5	5.8492	2.2546	4.1191	610.14	3.4737	33.421	0.11720	supercritical
528.00	33.000	118.82	0.0084162	2878.9	3156.6	5.8544	2.2510	4.1006	611.07	3.4660	33.448	0.11709	supercritical
529.00	33.000	118.42	0.0084444	2882.1	3160.7	5.8595	2.2474	4.0825	611.99	3.4584	33.476	0.11698	supercritical
530.00	33.000	118.03	0.0084725	2885.2	3164.8	5.8645	2.2439	4.0647	612.91	3.4507	33.503	0.11687	supercritical
531.00	33.000	117.64	0.0085005	2888.3	3168.8	5.8696	2.2405	4.0472	613.83	3.4430	33.531	0.11677	supercritical
532.00	33.000	117.26	0.0085283	2891.5	3172.9	5.8746	2.2370	4.0300	614.74	3.4353	33.559	0.11667	supercritical
533.00	33.000	116.88	0.0085560	2894.6	3176.9	5.8796	2.2337	4.0131	615.65	3.4275	33.587	0.11658	supercritical
534.00	33.000	116.50	0.0085836	2897.7	3180.9	5.8846	2.2303	3.9965	616.55	3.4198	33.615	0.11648	supercritical
535.00	33.000	116.13	0.0086112	2900.7	3184.9	5.8895	2.2271	3.9801	617.45	3.4120	33.644	0.11640	supercritical
536.00	33.000	115.76	0.0086386	2903.8	3188.9	5.8944	2.2238	3.9640	618.34	3.4042	33.672	0.11631	supercritical
537.00	33.000	115.40	0.0086659	2906.9	3192.8	5.8993	2.2206	3.9481	619.23	3.3964	33.701	0.11623	supercritical
538.00	33.000	115.03	0.0086931	2909.9	3196.8	5.9041	2.2175	3.9325	620.11	3.3886	33.730	0.11615	supercritical
539.00	33.000	114.68	0.0087202	2912.9	3200.7	5.9090	2.2144	3.9171	620.99	3.3808	33.759	0.11608	supercritical
540.00	33.000	114.32	0.0087472	2915.9	3204.6	5.9138	2.2113	3.9020	621.86	3.3729	33.788	0.11601	supercritical
541.00	33.000	113.97	0.0087740	2919.0	3208.5	5.9186	2.2083	3.8871	622.73	3.3651	33.817	0.11594	supercritical
542.00	33.000	113.63	0.0088008	2921.9	3212.4	5.9233	2.2053	3.8725	623.60	3.3572	33.847	0.11587	supercritical
543.00	33.000	113.28	0.0088275	2924.9	3216.2	5.9281	2.2024	3.8581	624.46	3.3494	33.876	0.11581	supercritical
544.00	33.000	112.94	0.0088541	2927.9	3220.1	5.9328	2.1995	3.8439	625.31	3.3415	33.906	0.11575	supercritical
545.00	33.000	112.60	0.0088806	2930.9	3223.9	5.9375	2.1966	3.8299	626.16	3.3336	33.936	0.11569	supercritical
546.00	33.000	112.27	0.0089071	2933.8	3227.8	5.9422	2.1938	3.8161	627.01	3.3257	33.966	0.11564	supercritical
547.00	33.000	111.94	0.0089334	2936.8	3231.6	5.9468	2.1910	3.8025	627.86	3.3178	33.996	0.11558	supercritical
548.00	33.000	111.61	0.0089596	2939.7	3235.4	5.9514	2.1883	3.7892	628.70	3.3099	34.026	0.11553	supercritical
549.00	33.000	111.29	0.0089857	2942.6	3239.1	5.9560	2.1855	3.7760	629.53	3.3020	34.056	0.11549	supercritical
550.00	33.000	110.97	0.0090118	2945.5	3242.9	5.9606	2.1829	3.7631	630.36	3.2941	34.087	0.11544	supercritical
551.00	33.000	110.65	0.0090378	2948.4	3246.7	5.9652	2.1802	3.7503	631.19	3.2862	34.117	0.11540	supercritical
552.00	33.000	110.33	0.0090636	2951.3	3250.4	5.9697	2.1776	3.7377	632.02	3.2783	34.148	0.11536	supercritical
553.00	33.000	110.02	0.0090894	2954.2	3254.1	5.9742	2.1751	3.7253	632.84	3.2704	34.178	0.11533	supercritical
554.00	33.000	109.71	0.0091151	2957.1	3257.9	5.9787	2.1725	3.7131	633.65	3.2625	34.209	0.11529	supercritical
555.00	33.000	109.40	0.0091408	2959.9	3261.6	5.9832	2.1700	3.7011	634.47	3.2545	34.240	0.11526	supercritical
556.00	33.000	109.10	0.0091663	2962.8	3265.3	5.9877	2.1676	3.6892	635.28	3.2466	34.271	0.11523	supercritical
557.00	33.000	108.79	0.0091918	2965.6	3268.9	5.9921	2.1651	3.6775	636.08	3.2387	34.302	0.11520	supercritical
558.00	33.000	108.49	0.0092171	2968.5	3272.6	5.9965	2.1627	3.6660	636.88	3.2308	34.333	0.11518	supercritical
559.00	33.000	108.20	0.0092424	2971.3	3276.3	6.0009	2.1604	3.6546	637.68	3.2229	34.364	0.11516	supercritical
560.00	33.000	107.90	0.0092677	2974.1	3279.9	6.0053	2.1580	3.6434	638.48	3.2149	34.396	0.11513	supercritical
561.00	33.000	107.61	0.0092928	2976.9	3283.6	6.0097	2.1557	3.6323	639.27	3.2070	34.427	0.11512	supercritical
562.00	33.000	107.32	0.0093179	2979.7	3287.2	6.0140	2.1534	3.6214	640.06	3.1991	34.459	0.11510	supercritical
563.00	33.000	107.03	0.0093429	2982.5	3290.8	6.0184	2.1512	3.6107	640.84	3.1912	34.490	0.11509	supercritical
564.00	33.000	106.75	0.0093678	2985.3	3294.4	6.0227	2.1490	3.6001	641.62	3.1833	34.522	0.11507	supercritical
565.00	33.000	106.47	0.0093926	2988.1	3298.0	6.0270	2.1468	3.5896	642.40	3.1754	34.554	0.11506	supercritical
566.00	33.000	106.19	0.0094174	2990.8	3301.6	6.0312	2.1446	3.5793	643.18	3.1675	34.585	0.11505	supercritical
567.00	33.000	105.91	0.0094421	2993.6	3305.2	6.0355	2.1425	3.5692	643.95	3.1596	34.617	0.11505	supercritical
568.00	33.000	105.63	0.0094667	2996.3	3308.7	6.0397	2.1404	3.5591	644.72	3.1517	34.649	0.11504	supercritical
569.00	33.000	105.36	0.0094913	2999.1	3312.3	6.0440	2.1384	3.5492	645.48	3.1438	34.681	0.11504	supercritical
570.00	33.000	105.09	0.0095158	3001.8	3315.8	6.0482	2.1363	3.5395	646.25	3.1360	34.713	0.11504	supercritical
571.00	33.000	104.82	0.0095402	3004.5	3319.4	6.0523	2.1343	3.5299	647.00	3.1281	34.746	0.11504	supercritical
572.00	33.000	104.55	0.0095645	3007.3	3322.9	6.0565	2.1323	3.5204	647.76	3.1202	34.778	0.11504	supercritical
573.00	33.000	104.29	0.0095888	3010.0	3326.4	6.0607	2.1303	3.5110	648.51	3.1124	34.810	0.11504	supercritical
574.00	33.000	104.03	0.0096130	3012.7	3329.9	6.0648	2.1284	3.5017	649.26	3.1045	34.842	0.11505	supercritical
575.00	33.000	103.76	0.0096372	3015.4	3333.4	6.0689	2.1265	3.4926	650.01	3.0967	34.875	0.11506	supercritical
576.00	33.000	103.51	0.0096612	3018.1	3336.9	6.0731	2.1246	3.4836	650.76	3.0889	34.907	0.11507	supercritical
577.00	33.000	103.25	0.0096853	3020.8	3340.4	6.0772	2.1228	3.4747	651.50	3.0811	34.940	0.11508	supercritical
578.00	33.000	102.99	0.0097092	3023.4	3343.8	6.0812	2.1209	3.4659	652.24	3.0732	34.973	0.11509	supercritical
579.00	33.000	102.74	0.0097331	3026.1	3347.3	6.0853	2.1191	3.4573	652.97	3.0654	35.005	0.11510	supercritical
580.00	33.000	102.49	0.0097569	3028.8	3350.8	6.0893	2.1173	3.4487	653.70	3.0576	35.038	0.11512	supercritical
581.00	33.000	102.24	0.0097807	3031.4	3354.2	6.0934	2.1156	3.4403	654.43	3.0499	35.071	0.11514	supercritical
582.00	33.000	101.99	0.0098044	3034.1	3357.6	6.0974	2.1138	3.4320	655.16	3.0421	35.103	0.11516	supercritical
583.00	33.000	101.75	0.0098280	3036.7	3361.1	6.1014	2.1121	3.4237	655.89	3.0343	35.136	0.11518	supercritical
584.00	33.000	101.51	0.0098516	3039.4	3364.5	6.1054	2.1104	3.4156	656.61	3.0266	35.169	0.11520	supercritical
585.00	33.000	101.26	0.0098752	3042.0	3367.9	6.1094	2.1087	3.4076	657.33	3.0188	35.202	0.11522	supercritical
586.00	33.000	101.02	0.0098986	3044.6	3371.3	6.1133	2.1071	3.3997	658.04	3.0111	35.235	0.11524	supercritical
587.00	33.000	100.79	0.0099220	3047.3	3374.7	6.1173	2.1055	3.3919	658.76	3.0034	35.268	0.11527	supercritical
588.00	33.000	100.55	0.0099454	3049.9	3378.1	6.1212	2.1039	3.3841	659.47	2.9956	35.301	0.11530	supercritical
589.00	33.000	100.31	0.0099687	3052.5	3381.5	6.1251	2.1023	3.3765	660.18	2.9879	35.335	0.11533	supercritical
590.00	33.000	100.08	0.0099919	3055.1	3384.8	6.1291	2.1007	3.3690	660.88	2.9803	35.368	0.11536	supercritical
591.00	33.000	99.849	0.010015	3057.7	3388.2	6.1330	2.0992	3.3615	661.59	2.9726	35.401	0.11539	supercritical
592.00	33.000	99.619	0.010038	3060.3	3391.6	6.1368	2.0977	3.3542	662.29	2.9649	35.434	0.11542	supercritical
593.00	33.000	99.391	0.010061	3062.9	3394.9	6.1407	2.0962	3.3469	662.99	2.9573	35.468	0.11545	supercritical
594.00	33.000	99.164	0.010084	3065.5	3398.3	6.1446	2.0947	3.3398	663.69	2.9496	35.501	0.11549	supercritical
595.00	33.000	98.939	0.010107	3068.1	3401.6	6.1484	2.0932	3.3327	664.38	2.9420	35.535	0.11552	supercritical
596.00	33.000	98.715	0.010130	3070.6	3404.9	6.1522	2.0918	3.3257	665.07	2.9344	35.568	0.11556	supercritical
597.00	33.000	98.493	0.010153	3073.2	3408.2	6.1561	2.0904	3.3188	665.76	2.9268	35.602	0.11560	supercritical
598.00	33.000	98.272	0.010176	3075.8	3411.6	6.1599	2.0890	3.3120	666.45	2.9192	35.635	0.11564	supercritical
599.00	33.000	98.053	0.010199	3078.3	3414.9	6.1637	2.0876	3.3052	667.13	2.9116	35.669	0.11568	supercritical
600.00	33.000	97.835	0.010221	3080.9	3418.2	6.1675	2.0862	3.2985	667.81	2.9041	35.702	0.11572	supercritical
601.00	33.000	97.619	0.010244	3083.4	3421.5	6.1712	2.0849	3.2920	668.49	2.8965	35.736	0.11577	supercritical
602.00	33.000	97.404	0.010267	3086.0	3424.8	6.1750	2.0836	3.2855	669.17	2.8890	35.770	0.11581	supercritical
603.00	33.000	97.190	0.010289	3088.5	3428.0	6.1787	2.0823	3.2790	669.85	2.8815	35.803	0.11586	supercritical
604.00	33.000	96.978	0.010312	3091.0	3431.3	6.1825	2.0810	3.2727	670.52	2.8740	35.837	0.11591	supercritical
605.00	33.000	96.767	0.010334	3093.6	3434.6	6.1862	2.0797	3.2664	671.19	2.8665	35.871	0.11595	supercritical
606.00	33.000	96.558	0.010356	3096.1	3437.8	6.1899	2.0785	3.2602	671.86	2.8590	35.905	0.11600	supercritical
607.00	33.000	96.350	0.010379	3098.6	3441.1	6.1936	2.0772	3.2541	672.53	2.8516	35.939	0.11605	supercritical
608.00	33.000	96.143	0.010401	3101.1	3444.4	6.1973	2.0760	3.2480	673.19	2.8442	35.973	0.11610	supercritical
609.00	33.000	95.938	0.010423	3103.6	3447.6	6.2010	2.0748	3.2420	673.86	2.8367	36.006	0.11616	supercritical
610.00	33.000	95.734	0.010446	3106.1	3450.8	6.2047	2.0736	3.2361	674.52	2.8293	36.040	0.11621	supercritical
611.00	33.000	95.531	0.010468	3108.6	3454.1	6.2083	2.0725	3.2302	675.18	2.8219	36.074	0.11626	supercritical
612.00	33.000	95.330	0.010490	3111.1	3457.3	6.2120	2.0713	3.2244	675.83	2.8145	36.108	0.11632	supercritical
613.00	33.000	95.129	0.010512	3113.6	3460.5	6.2156	2.0702	3.2187	676.49	2.8072	36.142	0.11638	supercritical
614.00	33.000	94.930	0.010534	3116.1	3463.7	6.2192	2.0691	3.2131	677.14	2.7998	36.177	0.11643	supercritical
615.00	33.000	94.733	0.010556	3118.6	3466.9	6.2228	2.0680	3.2075	677.79	2.7925	36.211	0.11649	supercritical
616.00	33.000	94.536	0.010578	3121.1	3470.2	6.2264	2.0669	3.2020	678.44	2.7852	36.245	0.11655	supercritical
617.00	33.000	94.341	0.010600	3123.6	3473.4	6.2300	2.0658	3.1965	679.08	2.7779	36.279	0.11661	supercritical
618.00	33.000	94.147	0.010622	3126.0	3476.5	6.2336	2.0647	3.1911	679.73	2.7706	36.313	0.11667	supercritical
619.00	33.000	93.954	0.010644	3128.5	3479.7	6.2372	2.0637	3.1857	680.37	2.7633	36.347	0.11673	supercritical
620.00	33.000	93.762	0.010665	3131.0	3482.9	6.2408	2.0627	3.1805	681.01	2.7561	36.381	0.11680	supercritical
621.00	33.000	93.571	0.010687	3133.4	3486.1	6.2443	2.0617	3.1752	681.65	2.7488	36.416	0.11686	supercritical
622.00	33.000	93.381	0.010709	3135.9	3489.3	6.2479	2.0607	3.1701	682.29	2.7416	36.450	0.11692	supercritical
623.00	33.000	93.193	0.010730	3138.3	3492.4	6.2514	2.0597	3.1650	682.92	2.7344	36.484	0.11699	supercritical
624.00	33.000	93.006	0.010752	3140.8	3495.6	6.2549	2.0587	3.1599	683.56	2.7272	36.519	0.11706	supercritical
625.00	33.000	92.820	0.010774	3143.2	3498.8	6.2585	2.0577	3.1549	684.19	2.7201	36.553	0.11712	supercritical
626.00	33.000	92.634	0.010795	3145.7	3501.9	6.2620	2.0568	3.1500	684.82	2.7129	36.587	0.11719	supercritical
627.00	33.000	92.450	0.010817	3148.1	3505.1	6.2655	2.0559	3.1451	685.44	2.7058	36.622	0.11726	supercritical
628.00	33.000	92.267	0.010838	3150.5	3508.2	6.2690	2.0550	3.1403	686.07	2.6987	36.656	0.11733	supercritical
629.00	33.000	92.085	0.010859	3153.0	3511.3	6.2724	2.0541	3.1355	686.69	2.6916	36.690	0.11740	supercritical
630.00	33.000	91.905	0.010881	3155.4	3514.5	6.2759	2.0532	3.1308	687.32	2.6845	36.725	0.11747	supercritical
631.00	33.000	91.725	0.010902	3157.8	3517.6	6.2794	2.0523	3.1261	687.94	2.6774	36.759	0.11754	supercritical
632.00	33.000	91.546	0.010923	3160.2	3520.7	6.2828	2.0514	3.1215	688.56	2.6704	36.794	0.11762	supercritical
633.00	33.000	91.368	0.010945	3162.7	3523.8	6.2863	2.0506	3.1169	689.17	2.6633	36.828	0.11769	supercritical
634.00	33.000	91.191	0.010966	3165.1	3527.0	6.2897	2.0498	3.1124	689.79	2.6563	36.863	0.11777	supercritical
635.00	33.000	91.015	0.010987	3167.5	3530.1	6.2931	2.0489	3.1079	690.40	2.6493	36.897	0.11784	supercritical
636.00	33.000	90.841	0.011008	3169.9	3533.2	6.2965	2.0481	3.1035	691.01	2.6423	36.932	0.11792	supercritical
637.00	33.000	90.667	0.011029	3172.3	3536.3	6.3000	2.0473	3.0991	691.62	2.6354	36.966	0.11799	supercritical
638.00	33.000	90.494	0.011050	3174.7	3539.4	6.3034	2.0465	3.0948	692.23	2.6284	37.001	0.11807	supercritical
639.00	33.000	90.322	0.011072	3177.1	3542.5	6.3067	2.0458	3.0905	692.84	2.6215	37.036	0.11815	supercritical
640.00	33.000	90.151	0.011093	3179.5	3545.5	6.3101	2.0450	3.0862	693.45	2.6146	37.070	0.11823	supercritical
641.00	33.000	89.981	0.011113	3181.9	3548.6	6.3135	2.0442	3.0821	694.05	2.6077	37.105	0.11831	supercritical
642.00	33.000	89.812	0.011134	3184.3	3551.7	6.3169	2.0435	3.0779	694.65	2.6008	37.140	0.11839	supercritical
643.00	33.000	89.643	0.011155	3186.7	3554.8	6.3202	2.0428	3.0738	695.25	2.5939	37.174	0.11847	supercritical
644.00	33.000	89.476	0.011176	3189.0	3557.9	6.3236	2.0421	3.0697	695.85	2.5871	37.209	0.11855	supercritical
645.00	33.000	89.310	0.011197	3191.4	3560.9	6.3269	2.0414	3.0657	696.45	2.5803	37.244	0.11863	supercritical
646.00	33.000	89.144	0.011218	3193.8	3564.0	6.3303	2.0407	3.0617	697.05	2.5735	37.278	0.11872	supercritical
647.00	33.000	88.979	0.011239	3196.2	3567.1	6.3336	2.0400	3.0578	697.64	2.5667	37.313	0.11880	supercritical
648.00	33.000	88.816	0.011259	3198.6	3570.1	6.3369	2.0393	3.0539	698.23	2.5599	37.348	0.11888	supercritical
649.00	33.000	88.653	0.011280	3200.9	3573.2	6.3402	2.0387	3.0501	698.82	2.5531	37.382	0.11897	supercritical
650.00	33.000	88.491	0.011301	3203.3	3576.2	6.3435	2.0380	3.0462	699.41	2.5464	37.417	0.11906	supercritical
651.00	33.000	88.329	0.011321	3205.6	3579.3	6.3468	2.0374	3.0425	700.00	2.5397	37.452	0.11914	supercritical
652.00	33.000	88.169	0.011342	3208.0	3582.3	6.3501	2.0367	3.0387	700.59	2.5330	37.487	0.11923	supercritical
653.00	33.000	88.009	0.011362	3210.4	3585.3	6.3534	2.0361	3.0350	701.17	2.5263	37.522	0.11932	supercritical
654.00	33.000	87.851	0.011383	3212.7	3588.4	6.3567	2.0355	3.0314	701.76	2.5196	37.556	0.11940	supercritical
655.00	33.000	87.693	0.011403	3215.1	3591.4	6.3599	2.0349	3.0278	702.34	2.5130	37.591	0.11949	supercritical
656.00	33.000	87.536	0.011424	3217.4	3594.4	6.3632	2.0343	3.0242	702.92	2.5064	37.626	0.11958	supercritical
657.00	33.000	87.379	0.011444	3219.8	3597.4	6.3664	2.0337	3.0206	703.50	2.4997	37.661	0.11967	supercritical
658.00	33.000	87.224	0.011465	3222.1	3600.5	6.3697	2.0332	3.0171	704.08	2.4931	37.696	0.11976	supercritical
659.00	33.000	87.069	0.011485	3224.5	3603.5	6.3729	2.0326	3.0137	704.66	2.4866	37.731	0.11985	supercritical
660.00	33.000	86.915	0.011505	3226.8	3606.5	6.3761	2.0321	3.0102	705.23	2.4800	37.765	0.11994	supercritical
661.00	33.000	86.762	0.011526	3229.1	3609.5	6.3794	2.0315	3.0068	705.81	2.4735	37.800	0.12004	supercritical
662.00	33.000	86.609	0.011546	3231.5	3612.5	6.3826	2.0310	3.0035	706.38	2.4669	37.835	0.12013	supercritical
663.00	33.000	86.458	0.011566	3233.8	3615.5	6.3858	2.0305	3.0001	706.95	2.4604	37.870	0.12022	supercritical
664.00	33.000	86.307	0.011587	3236.1	3618.5	6.3890	2.0300	2.9968	707.52	2.4539	37.905	0.12032	supercritical
665.00	33.000	86.157	0.011607	3238.5	3621.5	6.3922	2.0295	2.9936	708.09	2.4475	37.940	0.12041	supercritical
666.00	33.000	86.007	0.011627	3240.8	3624.5	6.3954	2.0290	2.9903	708.66	2.4410	37.975	0.12051	supercritical
667.00	33.000	85.859	0.011647	3243.1	3627.5	6.3986	2.0285	2.9871	709.22	2.4346	38.010	0.12060	supercritical
668.00	33.000	85.711	0.011667	3245.4	3630.5	6.4017	2.0280	2.9840	709.79	2.4282	38.045	0.12070	supercritical
669.00	33.000	85.563	0.011687	3247.8	3633.4	6.4049	2.0275	2.9808	710.35	2.4218	38.080	0.12079	supercritical
670.00	33.000	85.417	0.011707	3250.1	3636.4	6.4081	2.0271	2.9777	710.91	2.4154	38.115	0.12089	supercritical
671.00	33.000	85.271	0.011727	3252.4	3639.4	6.4112	2.0266	2.9747	711.47	2.4090	38.150	0.12099	supercritical
672.00	33.000	85.126	0.011747	3254.7	3642.4	6.4144	2.0262	2.9716	712.03	2.4027	38.185	0.12109	supercritical
673.00	33.000	84.981	0.011767	3257.0	3645.3	6.4175	2.0258	2.9686	712.59	2.3963	38.220	0.12118	supercritical
674.00	33.000	84.838	0.011787	3259.3	3648.3	6.4206	2.0253	2.9656	713.15	2.3900	38.255	0.12128	supercritical
675.00	33.000	84.694	0.011807	3261.6	3651.3	6.4238	2.0249	2.9627	713.70	2.3837	38.290	0.12138	supercritical
676.00	33.000	84.552	0.011827	3263.9	3654.2	6.4269	2.0245	2.9598	714.26	2.3775	38.325	0.12148	supercritical
677.00	33.000	84.410	0.011847	3266.2	3657.2	6.4300	2.0241	2.9569	714.81	2.3712	38.360	0.12158	supercritical
678.00	33.000	84.269	0.011867	3268.5	3660.1	6.4331	2.0237	2.9540	715.36	2.3650	38.395	0.12168	supercritical
679.00	33.000	84.129	0.011887	3270.8	3663.1	6.4362	2.0233	2.9512	715.91	2.3587	38.430	0.12178	supercritical
680.00	33.000	83.989	0.011906	3273.1	3666.1	6.4393	2.0229	2.9484	716.46	2.3525	38.465	0.12188	supercritical
681.00	33.000	83.850	0.011926	3275.4	3669.0	6.4424	2.0226	2.9456	717.01	2.3463	38.500	0.12199	supercritical
682.00	33.000	83.711	0.011946	3277.7	3671.9	6.4455	2.0222	2.9428	717.56	2.3402	38.535	0.12209	supercritical
683.00	33.000	83.573	0.011966	3280.0	3674.9	6.4486	2.0219	2.9401	718.10	2.3340	38.570	0.12219	supercritical
684.00	33.000	83.436	0.011985	3282.3	3677.8	6.4516	2.0215	2.9374	718.65	2.3279	38.605	0.12229	supercritical
685.00	33.000	83.300	0.012005	3284.6	3680.8	6.4547	2.0212	2.9348	719.19	2.3217	38.640	0.12240	supercritical
686.00	33.000	83.164	0.012024	3286.9	3683.7	6.4578	2.0209	2.9321	719.73	2.3156	38.675	0.12250	supercritical
687.00	33.000	83.028	0.012044	3289.2	3686.6	6.4608	2.0205	2.9295	720.27	2.3096	38.710	0.12260	supercritical
688.00	33.000	82.894	0.012064	3291.5	3689.6	6.4639	2.0202	2.9269	720.81	2.3035	38.745	0.12271	supercritical
689.00	33.000	82.759	0.012083	3293.7	3692.5	6.4669	2.0199	2.9243	721.35	2.2974	38.780	0.12281	supercritical
690.00	33.000	82.626	0.012103	3296.0	3695.4	6.4699	2.0196	2.9218	721.89	2.2914	38.815	0.12292	supercritical
691.00	33.000	82.493	0.012122	3298.3	3698.3	6.4730	2.0193	2.9193	722.42	2.2854	38.850	0.12302	supercritical
692.00	33.000	82.361	0.012142	3300.6	3701.2	6.4760	2.0190	2.9168	722.96	2.2794	38.885	0.12313	supercritical
693.00	33.000	82.229	0.012161	3302.8	3704.2	6.4790	2.0187	2.9143	723.49	2.2734	38.921	0.12323	supercritical
694.00	33.000	82.098	0.012181	3305.1	3707.1	6.4820	2.0185	2.9119	724.03	2.2674	38.956	0.12334	supercritical
695.00	33.000	81.967	0.012200	3307.4	3710.0	6.4850	2.0182	2.9095	724.56	2.2615	38.991	0.12344	supercritical
696.00	33.000	81.837	0.012219	3309.6	3712.9	6.4880	2.0179	2.9071	725.09	2.2556	39.026	0.12354	supercritical
697.00	33.000	81.708	0.012239	3311.9	3715.8	6.4910	2.0177	2.9047	725.62	2.2497	39.061	0.12364	supercritical
698.00	33.000	81.579	0.012258	3314.2	3718.7	6.4940	2.0174	2.9024	726.15	2.2438	39.096	0.12373	supercritical
699.00	33.000	81.450	0.012277	3316.4	3721.6	6.4970	2.0172	2.9000	726.68	2.2379	39.131	0.12385	supercritical
700.00	33.000	81.322	0.012297	3318.7	3724.5	6.5000	2.0170	2.8977	727.20	2.2320	39.166	0.12396	supercritical

