0.33255620220683,0,0,0,0,0,0,0,0,0,0.131927450801868,0.318883013123947,0.33255620220683,0,0,0,0,0,0,0,0.33255620220683,0.0520474700152579,0,0
0,0,0,0,0,0,0.296742322902573,0,0,0.0886399704409635,0.33255620220683,0.166278101103415,0,0,0,0,0,0,0,0,0.0134668215639118,0.33255620220683,0,0
0,0,0.33255620220683,0.324234038795773,0.0166443268266922,0.00832216341323711,0,0,0,0.0462279475422486,0.0924558950846067,0.13868384262691,0.33255620220683,0.286276057999848,0,0,0,0,0,0,0,0.166278101103415,0.33255620220683,0
0,0,0.33255620220683,0,0,0.33181900035559,0.332187601281275,0.33255620220683,0.00169017221320188,0.33255620220683,0.166278101103311,0,0,0,0,0,0,0,0.11085206740239,0.221704134804553,0.33255620220683,0.104717455707987,0,0
0,0,0,0,0,0,0,0,0,0,0,0,0,0.33255620220683,0,0,0,0,0.0665112404415707,0.133022480882868,0.199533721324302,0.26604496176529,0.33255620220683,0
0,0,0.00571866807374694,0.33255620220683,0,0.33255620220683,0.00657317515058914,0,0,0,0,0,0.33255620220683,0.328527704809844,0,0,0,0,0,0,0.166278101103415,0.33255620220683,0,0
0,0,0,0.33255620220683,0,0.33255620220683,0,0,0,0,0.328556775759522,0.00906259850476485,0.33255620220683,0,0,0,0,0,0,0,0.11085206740239,0.221704134804553,0.33255620220683,0.104717455707987
0,0,0.113683850248744,0.33255620220683,0.221704134804232,0.110852067402116,0,0.33255620220683,0,0.104632344567092,0.33255620220683,0.0349343572509677,0,0,0,0,0,0,0,0,0,0.0284771104515499,0.33255620220683,0
0,0,0,0,0,0,0,0,0.33255620220683,0.01950762524392,0.110895833670044,0,0.196260278144133,0.33255620220683,0.0654636889217024,0,0,0,0,0,0,0.166278101103415,0.33255620220683,0
0,0,0,0,0,0,0,0,0.175225794437925,0,0,0.33255620220683,0.253325532342274,0,0,0,0,0,0,0,0,0.166278101103415,0.33255620220683,0
0,0,0,0,0,0,0,0,0,0,0,0,0.0203547101052546,0.33255620220683,0,0,0,0,0,0.0831390505517923,0.166278101103585,0.249417151655123,0.33255620220683,0
0,0,0.33255620220683,0.166278101103311,0,0.33255620220683,0.33255620220683,0,0,0,0,0,0,0,2.17981222603056e-13,0,0,0,0.11085206740239,0.221704134804553,0.33255620220683,0,0,0
0,0,0,0,0,0,0,0,0,0,0,0.00732026438509192,0.33255620220683,0.33004501797312,0,0,0,0,0,0,0.11085206740239,0.221704134804553,0.33255620220683,0
0,0,0,0,0,0,0,0,0,0.00174656096502229,0.00349312192981608,0.00523968289472411,0.33255620220683,0.331192615530925,0.00136358667569649,0,0,0,0,0.11085206740239,0.221704134804699,0.33255620220683,0.097424660851396,0
0,0,0,0,0,0,0,0.33255620220683,0.166278101103448,0,0,0,0,0,0,0,0,0,0,0.11085206740239,0.221704134804408,0.33255620220683,0.0956697515998934,0
0,0,0,0,0,0,0,0.301748373504237,0.301748373503148,0,0,0,0,0.33255620220683,0,0,0,0,0,0,0,0,0.33255620220683,0
0,0,0,0,0,0,0,0,0.144953360663236,0.31555960499627,0.33255620220683,0.272823489948182,0.136411744974091,0,0,0,0,0,0,0,0,0.33255620220683,0.0292561746934565,0
0,0,0,0,0,0,0,0,0,0,0.10153663380314,0.33255620220683,0.166278101103448,0,0,0,0,0,0,0,0,0,0.33255620220683,0
0,0,0,0,0,0,0,0,0,0,0.33255620220683,0.166278101103415,0,0.291734268953038,0,0,0,0,0,0,0,0.0128864991419055,0.33255620220683,0.0388636603864711
0,0,0,0,0,0,0,0,0.238083752674361,0,0,0.142485233950586,0.33255620220683,0.285009444790351,0,0,0,0,0,0,0,0.323734367703533,0.33255620220683,0
0,0,0,0,0,0,0,0,0,0,0.144338735268318,0.33255620220683,0.28439201367672,0,0,0,0,0,0,0,0.33255620220683,0.322700057678346,0,0
0,0,0,0,0,0.33255620220683,0,0,0,0.163388269595755,0,0,0.326989265099368,0.163494632549575,0,0,0,0,0,0,0,0.33255620220683,0,0
0,0,0,0,0,0,0,0,0,0.170367779702787,0.33255620220683,0.166278101103311,0,0,0,0,0,0,0,0,0,0,0.166278101103415,0.33255620220683
0,0,0,0,0,0,0,0,0,0,0,0.251290869220151,0.33255620220683,0,0,0,0,0,0,0.166278101103415,0.33255620220683,0.162909416241167,0,0
0,0.33255620220683,0.331102421012606,0,0,0.33255620220683,0,0,0,0,0,0.169911075784475,0.33255620220683,0.166278101103174,0,0,0,0,0,0,0.166278101103415,0.33255620220683,0.164981493279293,0
0,0,0,0,0,0,0,0,0,0,0,0.0129675547130538,0.33255620220683,0.0043916721508652,0,0,0,0,0,0.11085206740239,0.221704134804553,0.33255620220683,0,0
0.33255620220683,0.166278101103448,0,0,0,0,0,0,0,0,0,0,0,0,0,0,0.0369506891342668,0.0739013782685335,0.11085206740239,0.14780275653652,0.184753445669965,0.221704134803958,0.258654823938909,0.295605513072544
0.33255620220683,0.33255620220683,0.33255620220683,0,0.0665112404415707,0.133022480883141,0.199533721324302,0.266044961765464,0.33255620220683,0.0797705811156697,0.33255620220683,0.249417151655377,0.166278101103858,0.083139050552066,0,0,0.0554260337014686,0.110852067402663,0.166278101103585,0.22170413480478,0.277130168505692,0.33255620220683,0,0
0,0,0.33255620220683,0,0,0,0.33255620220683,0,0,0,0,0,0,0.33255620220683,0.166278101103585,0,0,0,0,0,0,0.11085206740239,0.221704134804553,0.33255620220683
0,0,0,0,0,0,0,0,0,0,0,0,0.313660869665234,0.33255620220683,0,0,0,0,0,0,0.0288419699153211,0.33255620220683,0.0867064926512319,0
0,8.75020792704179e-05,0,0.269093199733797,0,0,0,0,0,0,0,0.33255620220683,0.166278101103448,0,0,0,0,0,0,0,0,0,0.166278101103415,0.33255620220683
0,0,0,0,0,0,0,0,0,0.33255620220683,0.000661957033849441,0,0.332110187973125,0.33255620220683,0,0,0,0,0.11085206740239,0.221704134804553,0.33255620220683,0,0,0
0,0.00155578495210337,0.33255620220683,0.332113262263645,0.000442939942565934,0,0,0.000340130587242725,0.33255620220683,0.00257844556081492,0.00201949166432939,0.00146053776784386,0.33255620220683,0.331997248310139,0,0,0,0,0,0.166278101103415,0.33255620220683,0.159248747674107,0,0
0,0,0,0,0,0,0,0,0,0,0,0,0,0.33255620220683,0,0,0,0,0,0,0,0.33255620220683,0,0
0,0,0,0,0,0,0,0,0,0.216703204969306,0.108351602484718,0,0.216703204969306,0.33255620220683,0,0,0,0,0,0,0,0.166278101103415,0.33255620220683,0
0,0,0,0,0,0,0,0,0,0.293512709430053,0.33255620220683,0.166278101103448,0,0,0,0,0,0,0,0,0,0,0.33255620220683,0
0,0,0,0,0,0,0,0,0,0,0.274879898217817,0.33255620220683,0.240865227464655,0,0,0,0,0,0,0,0,0.270187422305206,0.33255620220683,0
0,0,0,0,0,0,0,0,0.0518420267202668,0.33255620220683,0.277549021141544,0.0550071810652863,0,0,0,0,0,0,0,0,0,0.166278101103524,0.33255620220683,0
0,0,0,0.33255620220683,0,0.33255620220683,0,0,0,9.72722692720902e-05,0,0.300209243589788,0,0.33255620220683,0,0,0,0,0,0.33255620220683,0.331760166553955,0,0,0
0,0,0,0,0,0.33255620220683,0.33033840346604,0.328120604724596,0.00221779874079002,0,0,0,0,0,0,0,0,0,0,0,0,0.166278101103415,0.33255620220683,0.16657743710713
0,0,0,0,0,0,0,0,0,0,0,0,0,0.33255620220683,0,0,0,0,0,0,0.11085206740239,0.221704134804699,0.33255620220683,0
0.33255620220683,0,0,0,0,0,0,0,0,0,0.00412223173019864,0.33255620220683,0,0,0,0,0,0.0332556202207169,0.0665112404413224,0.0997668606619836,0.133022480882645,0.166278101103306,0.199533721323967,0.133022480883299
0.166278101103742,0.199533721324403,0.232789341545064,0.266044961765508,0.299300581986169,0.33255620220683,0.0304347084426842,0.0636903286633454,0.0969459488842246,0.130201569104886,0.163457189325547,0,0,0.33255620220683,0,0,0,0.0332556202207169,0,0,0,0,0,0.0332556202210972
0.0665112404415404,0.0997668606622016,0.133022480882863,0.166278101103524,0.199533721324185,0.232789341544847,0.266044961765508,0.299300581986169,0.33255620220683,0.0315249127032224,0.33255620220683,0.332474046089264,0.332391889971907,8.21561174945081e-05,0,0,0.0332556202207169,0,0,0,0,0.0332556202213152,0.0665112404417584,0.0997668606622016
0.133022480882863,0.166278101103524,0.199533721324185,0.232789341544847,0.266044961765508,0.299300581986169,0.33255620220683,0,0,0,0.33255620220683,0.166278101103448,0,0,0,0,0,0.0332556202207169,0,0,0,0,0,0
0,0,0.0332556202208792,0.0665112404415404,0.0997668606622016,0.133022480882863,0.166278101103524,0.199533721324185,0.232789341544847,0.266044961765508,0.299300581986169,0.33255620220683,0.301466519562592,0,0.0332556202207169,0,0,0,0,0,0,0,0.0332556202208792,0.0665112404415404
0.0997668606622016,0.133022480882863,0.166278101103524,0.199533721324185,0.232789341544847,0.266044961765508,0.299300581986169,0.33255620220683,0.33255620220683,0.33255620220683,0.33255620220683,0,0,0.33255620220683,0,0,0.0332556202207169,0,0,0,0,0,0,0
0,0,0.0332556202213152,0.0665112404419764,0.0997668606626376,0.133022480883299,0.16627810110396,0.199533721324403,0.232789341545064,0.266044961765726,0.299300581986387,0.33255620220683,0.221704134805053,0.110852067402663,0,0.0332556202204432,0.0665112404408865,0.0997668606615477,0.133022480882209,0.16627810110287,0.199533721323531,0.232789341544193,0.266044961764854,0.299300581985515
0.33255620220683,0.33255620220683,0.33255620220683,0.33255620220683,0.33255620220683,0.33255620220683,0.33255620220683,0.33255620220683,0.33255620220683,0,0.168522170907475,0.33255620220683,0.166278101103448,0,0,0.0332556202207169,0.0665112404413224,0.0997668606617657,0.133022480882427,0.166278101103088,0.199533721323749,0.232789341544411,0.266044961764854,0.299300581985515
0.33255620220683,0.33255620220683,0.33255620220683,0.33255620220683,0.33255620220683,0.33255620220683,0.33255620220683,0,0,0,0,0,0.156806611895423,0.33255620220683,0,0,0,0,0.0831390505515186,0.166278101103037,0.249417151654959,0.33255620220683,0,0
0,0,0,0,0,0,0,0,0,0.146669258990575,0.33255620220683,0.221704134804506,0.110852067402253,0,0,0,0,0,0,0,0,0.166278101103415,0.33255620220683,0.1613660884706
0,0,0,0,0,0,0,0,0,0,0.127677924529804,0.317183336591241,0.33255620220683,0,0,0,0,0,0,0,0,0,0.041569525275554,0.0831390505511081
0.124708575827483,0.166278101103311,0.207847626378454,0.249417151654966,0.290986676930976,0.33255620220683,0,0,0,0.33255620220683,0.330434503187071,0.328312804166972,0.326191105146873,0,0,0,0,0,0.047508028886758,0.0950160577732423,0.142524086660274,0.190032115547032,0.23754014443379,0.28504817332014
0.33255620220683,0,0,0,0,0,0,0,0,0,0,0,0.33255620220683,0.166278101103311,0,0,0,0,0,0.0831390505517923,0.166278101103585,0.249417151654959,0.33255620220683,0
0,0,0,0,0,0,0,0,0,0,0,0.33255620220683,0.268960111296923,0,0,0,0,0,0,0,0,0.33255620220683,0.323041754991784,0
0,0,0,0,0,0,0,0,0,0,0,0.33255620220683,0.299394295402835,0.0331619068037869,0,0,0,0,0,0,0,0.166278101103306,0.33255620220683,0
0,0,0,0,0,0,0,0,0,0,0.243806566661753,0.33255620220683,0.301513844751592,0.150756922375724,0,0,0,0,0,0,0,0.166278101103415,0.33255620220683,0
0,0,0,0,0,0,0,0,0.0594303467509329,0.270291981679611,0.33255620220683,0.246414544411437,0.0861416577954585,0,0,0,0,0,0,0,0,0.314091732852975,0.33255620220683,0
0,0,0,0,0,0,0,0,0,0,0.284332773489489,0.33255620220683,0.237747963042459,0,0,0,0,0,0,0,0.066511240441297,0.133022480882594,0.199533721324302,0.266044961765464
0.33255620220683,0,0,0,0,0,0,0,0,0,0,0.33255620220683,0.310819690250395,0.0217365119563637,0,0,0,0,0,0.11085206740239,0.221704134804553,0.33255620220683,0,0
0,0,0,0,0,0,0,0,0,0,0.0393405400821764,0.33255620220683,0.322671930896786,0.312787659586089,0,0,0,0,0,0.0665112404415707,0.133022480883141,0.199533721324302,0.266044961765464,0.33255620220683
0,0.109911851628981,0.219823703257743,0,0.109911851628981,0.219823703257762,0,0.33255620220683,0.00287598361106926,0.00143799180567148,0,0,0,0,0,0,0,0,0.0831390505517923,0.166278101103037,0.249417151654959,0.33255620220683,0,0
0,0,0,0,0,0,0,0,0,0.33255620220683,0.0474684163034541,0,0.285242095316597,0.33255620220683,0,0,0,0,0,0.0831390505517923,0.166278101103585,0.249417151655123,0.33255620220683,0.0762217982834043
0,0,0,0,0,0,0,0,0,0,0,0,0.33255620220683,0.329273401208317,0,0,0,0,0.11085206740239,0.221704134804699,0.33255620220683,0.102471702240179,0,0
0,0.00979577203011239,0.33255620220683,0,0,0.33255620220683,0,0,0,0.208440281887981,0.33255620220683,0.249417151654966,0.166278101103311,0.0831390505516555,0,0,0,0,0,0,0,0,0.110852067402116,0.221704134804408
0.33255620220683,0,0,0,0,0,0,0,0,0,0,0.33255620220683,0.328025034393016,0,0,0,0,0,0,0,0,0.166278101103415,0.33255620220683,0.160922529598421
0,0,0,0,0,0.33255620220683,0.330345285437805,0,0.166278101103415,0.33255620220683,0.170487293789431,0,0.33255620220683,0.00274097285192313,0,0,0,0,0,0.066511240441297,0.133022480882594,0.199533721324302,0.266044961765639,0.33255620220683
0,0,0,0,0.33255620220683,0.330780485015559,0,0,0,0.166278101103415,0.33255620220683,0.16876247444203,0.33255620220683,0.330886983942136,0,0,0,0,0,0.0475080288870317,0.0950160577737897,0.142524086660274,0.190032115547032,0.23754014443379
0.28504817332014,0.33255620220683,0.0458859520922775,0.0933939809789986,0.14090200986572,0.188410038752441,0.33255620220683,0,0,0.33255620220683,0,0.166815855714892,0.33255620220683,0.166278101103448,0,0,0,0,0.0332556202207169,0.0665112404413224,0.0997668606619836,0.133022480882645,0.166278101103306,0.199533721324185
0.232789341544847,0.266044961765508,0.299300581986169,0.33255620220683,0.33255620220683,0.166278101103415,0,0,0,0,0,0.169168187506328,0.33255620220683,0.166278101103415,0,0,0,0.0332556202217511,0.0665112404421943,0.0997668606626376,0.133022480883299,0.166278101103742,0.199533721324403,0.232789341545064
0.266044961765508,0.299300581986169,0.33255620220683,0.33255620220683,0,0,0,0,0,0,0,0.33255620220683,0.166278101103585,0,0,0,0,0.0475080288871686,0.0950160577743371,0.142524086661095,0.190032115547032,0.23754014443379,0.285048173319953,0.33255620220683
0,0,0,0,0,0,0,0,0,0,0.0665304825423602,0.199543342374595,0.33255620220683,0.241010067233667,0,0,0,0,0,0,0,0.289752719389086,0.33255620220683,0
0,0,0,0,0,0,0,0,0,0,0.145656496911252,0.33255620220683,0.283953623108173,0,0,0,0,0,0,0,0.0554260337014686,0.110852067402663,0.166278101103585,0.22170413480478
0.277130168505692,0.33255620220683,0.165198331664275,0.33255620220683,0.166278101103311,0,0,0.33255620220683,0.33255620220683,0,0,0,0.33255620220683,0,0,0,0,0,0,0.0665112404415707,0.133022480883141,0.199533721324302,0.266044961765464,0.33255620220683
0,0,0,0,0,0,0,0.33255620220683,0.33255620220683,0.00435399792575686,0,0,0,0,0,0,0,0,0,0.0332556202217511,0.0665112404424123,0.0997668606628556,0.133022480883299,0.16627810110396
0.199533721324621,0.232789341545282,0.266044961765726,0.299300581986169,0.33255620220683,0.0333620828099923,0.0666177030306535,0.199533721323891,0,0.132916018293532,0,0,0.33255620220683,0.166278101103306,0,0,0,0.0332556202207169,0.0665112404408865,0.0997668606615477,0.133022480882209,0.16627810110287,0.199533721323531,0.232789341544193
0.266044961764854,0.299300581986169,0.33255620220683,0.33255620220683,0,0,0.33255620220683,0.166278101103415,0,0.33255620220683,0.17059844011666,0.33255620220683,0.166278101103585,0,0,0,0,0,0.0831390505517923,0.166278101103585,0.249417151654959,0.33255620220683,0,0
0,0,0.33255620220683,0.166278101103448,0,0.0831390505517923,0.166278101103311,0.249417151655123,0.33255620220683,0.33255620220683,0.166278101103585,0,0,0,0,0,0,0,0.166278101103415,0.33255620220683,0,0,0,0
0,0,0,0,0,0,0,0,0,0,0.090270447806445,0.33255620220683,0.24792764492378,0,0,0,0,0,0,0,0,0.166278101103415,0.33255620220683,0
0,0,0,0,0,0,0,0,0,0,0.12939297190804,0.33255620220683,0.240052367123005,0,0,0,0,0,0,0,0,0.298619749410965,0.33255620220683,0
0,0,0,0,0,0,0,0,0,0,0,0.221040658013892,0.33255620220683,0,0,0,0,0,0,0,0.166278101103415,0.33255620220683,0,0
0,0,0,0,0,0,0,0,0,0,0,0.188695269898808,0.33255620220683,0.0629431239981709,0,0,0,0,0,0,0,0.166278101103524,0.33255620220683,0
0,0,0,0,0,0,0,0,0,0,0.33255620220683,0.221704134805053,0.110852067402663,0,0,0,0,0,0,0.0475080288868949,0.0950160577737897,0.142524086660685,0.190032115547032,0.23754014443379
0.285048173319953,0.33255620220683,0,0,0,0.33255620220683,0.166278101103448,0,0.33255620220683,0.33255620220683,0.00140306422875606,0,0,0,0,0,0,0,0.0665112404415707,0.133022480883141,0.199533721324302,0.266044961765464,0.33255620220683,0
0,0,0,0,0,0,0,0,0,0,0.0123361509144452,0.33255620220683,0.328374326730583,0,0,0,0,0,0,0,0.110852067402116,0.221704134804408,0.33255620220683,0
0,0,0,0,0,0,0,0,0,0,0,0.135504028624512,0.33255620220683,0,0,0,0,0,0,0,0.33255620220683,0.320866081076268,0,0
0,0,0,0,0,0,0,0,0,0,0,0.320549873794911,0.33255620220683,0,0,0,0,0,0,0,0.33255620220683,0.319361446157441,0,0
0,0,0,0,0,0,0,0,0,0,0,0.256612854411388,0.33255620220683,0,0,0,0,0,0,0,0.33255620220683,0.321096401808694,0,0
0,0,0,0,0,0,0,0,0.33255620220683,0.184636604119364,0.240237900146666,0.295839196174516,0.147919598087258,0,0,0,0,0,0,0,0.0831390505515186,0.166278101103037,0.249417151655123,0.33255620220683
0,0,0,0,0,0,0,0,0,0.046235248623066,0.33255620220683,0.320948649634065,0.309341097061235,0,0,0,0,0,0.0475080288871686,0.0950160577743371,0.142524086661095,0.190032115548127,0.237540144434474,0.285048173319953
0.33255620220683,0,0,0,0,0,0,0.33255620220683,0.332168896376309,0,0,0.166278101103415,0.33255620220683,0,0,0,0,0,0.0475080288871686,0.0950160577743371,0.142524086661095,0.190032115548127,0.237540144434474,0.285048173319953
0.33255620220683,0,0,0,0,0,0,0,0,0,0,0,0.33255620220683,0,0,0,0,0,0,0.0831390505517923,0.166278101103585,0.249417151654959,0.33255620220683,0
0,0,0,0,0,0,0,0,0,0,0.148977064685725,0.33255620220683,0.166278101103415,0,0,0,0,0,0,0,0.166278101103415,0.33255620220683,0,0
0,0,0,0,0,0,0,0,0,0,0.159218019926103,0.33255620220683,0.251079233893712,0,0,0,0,0,0,0,0,0.33255620220683,0,0
0,0,0,0,0,0,0,0,0,0,0,0.195755610123479,0.33255620220683,0,0,0,0,0,0,0,0.11085206740239,0.221704134804408,0.33255620220683,0
0,0,0,0,0,0,0,0,0,0,0.33255620220683,0.123634751151716,0.208921451055454,0,0,0,0,0,0,0,0.11085206740239,0.221704134804699,0.33255620220683,0
0,0,0,0,0,0,0,0,0.136095783177676,0.33255620220683,0,0.166278101103415,0.33255620220683,0,0,0,0,0,0,0,0,0.33255620220683,0,0
0,0,0,0,0,0,0,0,0,0,0,0,0.33255620220683,0,0,0,0,0,0,0,0,0.0831390505517923,0.166278101103585,0.249417151654959
0.33255620220683,0,0,0,0,0,0,0,0,0.33255620220683,0.22170413480478,0.11085206740239,0,0,0,0,0,0,0,0,0,0.33255620220683,0.321211446640281,0
0,0,0,0,0,0,0,0,0,0,0,0.323322536691267,0.33255620220683,0,0,0,0,0,0,0,0,0,0.11085206740239,0.221704134804553
0.33255620220683,0,0,0,0,0,0,0,0,0,0,0.0147043271037387,0.33255620220683,0,0,0,0,0,0,0.0475080288870317,0.0950160577737897,0.142524086660274,0.190032115547032,0.23754014443379
0.28504817332014,0.33255620220683,0,0,0,0,0,0,0,0,0,0,0.33255620220683,0,0,0,0,0,0.0831390505517923,0.166278101103585,0.249417151654959,0.33255620220683,0,0
0,0,0,0,0,0,0,0,0,0,0.187155089926521,0.33255620220683,0.270126220389646,0,0,0,0,0,0,0,0.11085206740239,0.221704134804408,0.33255620220683,0
0,0,0,0,0,0,0,0,0,0,0.262012828366743,0.33255620220683,0.166278101103448,0,0,0,0,0,0,0,0.0415695252762383,0.0831390505524765,0.124708575828304,0.166278101103858
0.207847626378454,0.249417151654966,0.290986676930976,0.33255620220683,0,0,0,0,0,0,0,0.33255620220683,0.166278101103585,0,0,0,0,0,0,0.0369506891342668,0.0739013782679862,0.11085206740239,0.14780275653652,0.184753445669281
0.221704134803137,0.258654823937952,0.295605513072544,0.33255620220683,0,0,0,0,0,0,0,0.33255620220683,0.166278101103311,0,0,0,0,0,0.0475080288871686,0.0950160577737897,0.142524086661095,0.190032115548127,0.23754014443379,0.28504817332014
0.33255620220683,0,0,0,0,0,0,0,0,0,0,0.0200011022648981,0.33255620220683,0,0,0,0,0,0,0.0831390505517923,0.166278101103585,0.249417151654959,0.33255620220683,0
0,0,0,0,0,0,0,0,0,0.283392989476215,0.33255620220683,0.23806061786138,0,0,0,0,0,0,0,0,0.0665112404415707,0.133022480883141,0.199533721324302,0.266044961765639
0.33255620220683,0,0,0,0,0,0,0,0,0,0,0.33255620220683,0.329581399669578,0,0,0,0,0,0,0.110852067402116,0.221704134804408,0.33255620220683,0,0
0,0,0,0,0,0,0,0,0,0,0.0550869307470603,0.33255620220683,0.314129934134349,0,0,0,0,0,0,0,0.0554260337009212,0.110852067402116,0.166278101103174,0.221704134804232
0.27713016850551,0.33255620220683,0,0,0,0,0,0,0.33255620220683,0.266044961765735,0.199533721323891,0.133022480882594,0.066511240441297,0,0,0,0,0,0,0,0.166278101103306,0.33255620220683,0,0
0,0,0,0,0,0,0,0,0,0,0.232346843662264,0.33255620220683,0.166278101103311,0,0,0,0,0,0,0,0,0.166278101103415,0.33255620220683,0
0,0,0,0,0,0,0,0,0,0,0.0562668505043881,0.33255620220683,0.018819157324528,0,0,0,0,0,0,0,0.166278101103415,0.33255620220683,0.159136572453055,0
0,0,0,0,0,0,0,0,0.0172147357651434,0.33255620220683,0.293654492230698,0.2547527822545,0.215851072278029,0,0,0,0,0,0,0.11085206740239,0.221704134804553,0.33255620220683,0,0
0,0,0,0,0.33255620220683,0.33124607885952,0,0.33255620220683,0.0152740187940496,0,0.151102511521932,0.302205023043882,0.151102511521941,0,0,0,0,0,0.33255620220683,0.33255620220683,0.33255620220683,0,0.0554260337014686,0.110852067402663
0.166278101103585,0.221704134804232,0.27713016850551,0.33255620220683,0,0,0,0,0,0,0,0.0069265874343234,0.33255620220683,0,0,0,0,0.0475080288870317,0.0950160577737897,0.142524086660274,0.190032115547032,0.23754014443379,0.285048173320327,0.33255620220683
0,0,0,0,0,0,0,0,0,0,0.206333199901332,0.33255620220683,0.166278101103585,0,0,0,0,0,0,0,0,0.166278101103415,0.33255620220683,0
0,0,0,0,0,0,0,0,0,0,0.0193583841507122,0.33255620220683,0,0,0,0,0,0,0,0.11085206740239,0.221704134804553,0.33255620220683,0,0
0,0,0,0,0,0,0,0,0,0.0111241451098063,0.33255620220683,0.328777145751597,0,0,0,0,0,0,0.0831390505517923,0.166278101103037,0.249417151654959,0.33255620220683,0,0
0,0,0,0,0,0,0.116582041307626,0.33255620220683,0.22170413480478,0.11085206740239,0,0,0,0,0,0,0,0,0,0.166278101103415,0.33255620220683,0.150860451403788,0,0
0,0,0,0,0,0,0,0,0.217759242786093,0.33255620220683,0.249417151655377,0.166278101103585,0.0831390505517923,0,0,0,0,0,0,0,0.166278101103415,0.33255620220683,0,0
0,0,0,0,0,0,0,0.264573752417378,0.33255620220683,0.249417151655172,0.166278101103585,0.0831390505518607,0,0,0,0,0,0,0,0,0,0.0554260337014686,0.110852067402663,0.166278101103585
0.22170413480478,0.277130168505873,0.33255620220683,0,0,0,0,0,0,0,0.0197483934695369,0.33255620220683,0,0,0,0,0,0,0.0332556202207169,0.0665112404408865,0.0997668606615477,0.133022480882209,0.16627810110287,0.199533721323531
0.232789341544193,0.266044961764854,0.299300581985515,0.33255620220683,0,0,0.225420895846972,0.112710447923486,0,0.160925833889672,0.33255620220683,0.166278101103415,0,0,0,0,0.0332556202207169,0.0665112404413224,0.0997668606619836,0.133022480882645,0.166278101103306,0.199533721323967,0.232789341544411,0.266044961765072
0.299300581985733,0.33255620220683,0,0,0,0,0,0,0,0,0.331096265426296,0.33255620220683,0,0,0,0.0332556202207169,0.0665112404413224,0.0997668606619836,0.133022480882645,0.166278101103306,0.199533721323967,0.232789341544629,0.26604496176529,0.266044961765508
0.299300581986169,0.33255620220683,0,0,0,0,0,0,0,0,0,0.33255620220683,0.166278101103174,0,0,0,0.0475080288871686,0.0950160577743371,0.142524086661095,0.190032115548127,0.237540144434474,0.285048173319953,0.33255620220683,0
0,0,0,0,0,0,0,0,0,0,0.0977625080240792,0.33255620220683,0.0326455543538264,0,0,0,0,0,0,0.0831390505517923,0.166278101103311,0.249417151654959,0.33255620220683,0.0727118909741951
0,0,0,0,0,0,0,0,0,0.216889783496875,0.33255620220683,0.3071814770694,0,0,0,0,0,0,0,0,0,0.33255620220683,0.317608902204708,0
0,0,0,0,0,0,0,0,0.084630085275303,0.250106857898382,0.33255620220683,0.249114544838114,0,0,0,0,0,0,0,0,0.0554260337011949,0.110852067402116,0.166278101103174,0.221704134804232
0.27713016850551,0.33255620220683,0,0,0,0,0,0,0,0,0.33255620220683,0.330799445065194,0.00175675714197489,0,0,0,0,0,0.0415695252758277,0.0831390505516555,0.124708575827483,0.166278101103311,0.207847626378454,0.249417151654966
0.290986676931167,0.33255620220683,0,0,0,0,0,0,0,0.0431125137788385,0.33255620220683,0.318119208583251,0,0,0,0,0,0,0.0415695252758277,0.0831390505516555,0.124708575827483,0.166278101103311,0.207847626379139,0.249417151654966
0.290986676930976,0.33255620220683,0,0,0,0,0,0,0,0,0.33255620220683,0.33035607348888,0,0,0,0,0,0.0415695252758277,0.0831390505516555,0.124708575827483,0.166278101102216,0.20784762637777,0.249417151653324,0.290986676929836
0.33255620220683,0.33255620220683,0,0,0,0,0,0.0867820714089582,0.33255620220683,0.249417151654966,0.166278101103585,0.0831390505517923,0,0,0,0,0,0,0.0475080288870317,0.0950160577737897,0.142524086660274,0.190032115547032,0.23754014443379,0.28504817332014
0.33255620220683,0,0,0,0,0,0,0,0,0,0.00536464379007374,0.33255620220683,0.0018596168157967,0,0,0,0,0,0.0475080288871686,0.0950160577743371,0.142524086661095,0.190032115547032,0.23754014443379,0.285048173319953
0.33255620220683,0,0,0,0,0,0,0,0,0,0.0238843527103336,0.33255620220683,0.166278101103448,0,0,0,0,0,0,0.0665112404415707,0.133022480883141,0.199533721324302,0.266044961765464,0.33255620220683
0,0,0,0,0,0,0,0,0,0.206503720201165,0.33255620220683,0.280901332209568,0.0516548699974647,0,0,0,0,0,0,0,0,0.110852067402116,0.221704134804408,0.33255620220683
0,0,0,0,0,0,0,0,0,0.33255620220683,0.293774665448895,0.254993128690621,0.0387815367582741,0,0,0,0,0,0,0,0.110852067402663,0.221704134804553,0.33255620220683,0
0,0,0,0,0,0,0,0,0,0,0.227775067379219,0.33255620220683,0,0,0,0,0,0,0,0,0,0.0831390505517923,0.166278101103585,0.249417151654959
0.33255620220683,0,0,0,0,0,0,0,0,0,0.33255620220683,0.253557392936891,0,0,0,0,0,0,0,0,0.0554260337014686,0.110852067402663,0.166278101103585,0.22170413480478
0.277130168505873,0.33255620220683,0,0,0,0,0,0,0,0,0.198251857553886,0.33255620220683,0,0,0,0,0,0,0,0,0.0831390505515186,0.166278101103037,0.249417151654959,0.33255620220683
0,0,0,0,0,0,0,0,0.33255620220683,0.117763113102964,0.0785087420686428,0.0392543710344582,0,0,0,0,0,0,0,0,0.166278101103415,0.33255620220683,0,0
0,0,0,0,0,0,0,0,0,0.267962197565572,0.33255620220683,0.166278101103448,0,0,0,0,0,0,0,0,0.110852067402116,0.221704134804408,0.33255620220683,0
0,0,0,0,0,0,0,0,0,0.283952604206863,0.33255620220683,0.237874322762152,0,0,0,0,0,0,0,0,0,0.33255620220683,0,0
0,0,0,0,0,0,0,0,0,0.0992441452762996,0.33255620220683,0.299416888890756,0,0,0,0,0,0,0,0.110852067402663,0.221704134804553,0.33255620220683,0,0
0,0,0,0,0,0,0,0,0,0,0,0.33255620220683,0,0,0,0,0,0,0,0.0554260337009212,0.110852067402116,0.166278101103585,0.22170413480478,0.277130168505692
0.33255620220683,0,0,0,0,0,0,0,0,0,0.33255620220683,0.329228165013314,0,0,0,0,0,0,0.0665112404415707,0.133022480882594,0.199533721324302,0.266044961765464,0.33255620220683,0
0,0,0,0,0,0,0,0,0,0,0.0148307057390784,0.33255620220683,0,0,0,0,0,0,0,0.0831390505517923,0.166278101103585,0.249417151654959,0.33255620220683,0.0705245541891651
0,0,0,0,0,0,0,0,0,0,0.00976684242567213,0.33255620220683,0,0,0,0,0,0,0,0.166278101103415,0.33255620220683,0,0,0
0,0,0,0,0,0,0,0,0,0,0.318584759271227,0.33255620220683,0,0,0,0,0,0,0,0,0.166278101103415,0.33255620220683,0,0
0,0,0,0,0,0,0,0,0,0.326814139545994,0.33255620220683,0.166278101103448,0,0,0,0,0,0,0,0.0475080288871686,0.0950160577743371,0.142524086661095,0.190032115547032,0.23754014443379
0.285048173319953,0.33255620220683,0,0,0,0,0,0,0,0,0.0109040281590637,0.33255620220683,0,0,0,0,0,0,0.0332556202207169,0,0,0.0332556202213152,0.0665112404419764,0.0997668606626376
0.133022480883299,0.16627810110396,0.199533721324621,0.232789341545282,0.266044961765726,0.299300581986169,0.33255620220683,0.33255620220683,0,0,0.32974871852622,0.33255620220683,0,0,0.0332556202207169,0,0.0332556202213152,0.0665112404419764,0.0997668606624196,0.133022480882863,0.166278101103524,0.199533721324185,0.232789341544847,0.266044961765508
0.299300581986169,0.33255620220683,0.266044961765508,0.299300581986169,0.33255620220683,0.33255620220683,0,0,0,0,0.33255620220683,0.166278101103306,0,0,0.0332556202207169,0.0332556202213152,0.0665112404419764,0.0997668606626376,0.133022480883081,0.166278101103524,0.199533721324185,0.232789341544847,0.266044961765508,0.299300581986169
0.33255620220683,0.33255620220683,0.266044961765508,0.299300581986169,0.33255620220683,0,0,0,0,0,0,0.33255620220683,0,0,0,0.0332556202207169,0.0665112404408865,0.0997668606615477,0.133022480882209,0.16627810110287,0.199533721323531,0.232789341544193,0.266044961764636,0.299300581985297
0.33255620220683,0,0,0,0,0,0,0,0.00307065240586285,0.33255620220683,0.331734519278285,0.330912836349959,0,0,0,0,0,0.0665112404415707,0.133022480882594,0.199533721324302,0.266044961765464,0.33255620220683,0.0522670856989968,0
0,0,0,0,0,0,0,0,0,0.33255620220683,0.281196741492624,0,0,0,0,0,0,0,0,0.166278101103415,0.33255620220683,0.15481830070517,0,0
0,0,0,0,0,0,0,0,0.240016889883364,0.33255620220683,0.252475486052938,0,0,0,0,0,0,0,0,0,0.0831390505517923,0.166278101103585,0.249417151654959,0.33255620220683
0,0,0,0,0,0,0,0,0,0.00327687479816822,0.33255620220683,0.00116418314751689,0,0,0,0,0,0.0665112404415707,0.133022480883141,0.199533721324302,0.266044961765464,0.33255620220683,0,0
0,0,0,0,0,0,0,0,0,0,0,0.33255620220683,0,0,0,0,0,0,0,0,0.0831390505517923,0.166278101103585,0.249417151654959,0.33255620220683
0,0,0,0,0,0,0,0,0,0,0.010911086919874,0.33255620220683,0,0,0,0,0,0,0,0.166278101103415,0.33255620220683,0,0,0
0,0,0,0,0,0,0,0,0.271807499241658,0.33255620220683,0.241888032022871,0,0,0,0,0,0,0,0,0,0,0.00819353563914132,0.33255620220683,0
0,0,0,0,0,0,0,0,0,0,0,0.33255620220683,0,0,0,0,0,0,0,0,0.166278101103306,0.33255620220683,0.151448189916901,0
0,0,0,0,0,0,0,0,0,0,0.33255620220683,0.293518158771192,0,0,0,0,0,0,0,0,0,0.33255620220683,0,0
0,0,0,0,0,0,0,0,0,0,0,0.33255620220683,0,0,0,0,0,0,0,0.0665112404415707,0.133022480883141,0.199533721324302,0.266044961765464,0.33255620220683
0,0,0,0,0,0,0,0,0,0,0.33255620220683,0.332282460901974,0,0,0,0,0.0332556202207169,0.0665112404413224,0.0997668606619836,0.133022480882645,0.166278101103306,0.199533721323967,0.232789341544629,0.26604496176529
0.299300581985951,0.33255620220683,0.266044961765944,0.299300581986387,0.33255620220683,0,0,0,0,0,0,0.33255620220683,0,0,0,0.0332556202207169,0.0665112404408865,0.0997668606615477,0.133022480882209,0.16627810110287,0.199533721323531,0.232789341544193,0.266044961764854,0.299300581985297
0.33255620220683,0.33255620220683,0.199533721324403,0.232789341545064,0.266044961765508,0.299300581986169,0.33255620220683,0.299300581986169,0.33255620220683,0.33255620220683,0,0.33255620220683,0,0,0.0332556202207169,0.0665112404413224,0.0997668606626376,0.133022480883299,0.166278101103742,0.199533721324403,0.232789341544847,0.266044961765508,0.299300581986169,0.33255620220683
0.33255620220683,0.166278101103742,0.199533721324185,0.232789341544847,0.266044961765508,0.299300581986169,0.33255620220683,0.199533721324185,0.232789341544847,0.266044961765508,0.299300581986169,0.33255620220683,0,0,0.0332556202204432,0.0665112404408865,0.0997668606615477,0.133022480882209,0.16627810110287,0.199533721323531,0.232789341544193,0.266044961764854,0.299300581985515,0.33255620220683
0.33255620220683,0.33255620220683,0.232789341545064,0.266044961765726,0.299300581986387,0.33255620220683,0.33255620220683,0,0,0.33255620220683,0.221704134804481,0.110852067402349,0,0,0.0369506891339931,0.0739013782679862,0.110852067401979,0.147802756535425,0.184753445669281,0.221704134803137,0.258654823937952,0.295605513072544,0.33255620220683,0
0,0,0,0,0,0,0,0,0,0.33255620220683,0.33255620220683,0,0,0,0,0,0,0.0665112404418444,0.133022480883415,0.199533721324712,0.266044961765464,0.33255620220683,0,0
0,0,0,0,0,0,0,0,0.234748398260927,0.33255620220683,0,0,0,0,0,0,0,0,0,0.33255620220683,0,0,0,0
0,0,0,0,0,0,0,0,0.00821570438680912,0.33255620220683,0,0.165290511979815,0,0,0,0,0,0,0.110852067402116,0.221704134804408,0.33255620220683,0.0971916970447667,0,0
0,0,0,0,0,0,0.00159202331217083,0.33255620220683,0.332194162916722,0.000724078581988904,0.000362039290994452,0,0,0,0,0,0,0,0,0.166278101103306,0.33255620220683,0.153315682882779,0,0
0,0,0,0,0,0,0,0,0.11241173587173,0.33255620220683,0.22170413480478,0.11085206740239,0,0,0,0,0,0,0.166278101103306,0.33255620220683,0.15179988098973,0,0,0
0,0,0,0,0,0,0,0.0357761904370806,0.254910962822599,0.33255620220683,0.268805169354203,0.205054136501467,0,0,0,0,0,0,0,0,0.33255620220683,0.176490232535341,0,0
0,0,0,0,0,0,0,0,0,0,0.33255620220683,0.282685538153767,0,0,0,0,0,0,0,0,0.33255620220683,0,0,0
0,0,0,0,0,0,0,0,0.111155468488294,0.33255620220683,0.22170413480478,0.11085206740239,0,0,0,0,0,0.0665112404415707,0.133022480883141,0.199533721324302,0.266044961765464,0.33255620220683,0.0461980629246704,0
0,0,0,0,0,0,0,0,0,0.0419334936877815,0.33255620220683,0,0,0,0,0,0,0.0554260337009212,0.110852067402116,0.166278101103174,0.221704134804232,0.277130168505692,0.33255620220683,0
0,0,0.33255620220683,0,0.11085206740239,0.221704134804553,0.33255620220683,0.33255620220683,0,0.33255620220683,0.324741635703904,0.33255620220683,0,0.0332556202208792,0.0665112404415404,0.0997668606622016,0.133022480882863,0.166278101103524,0.199533721324185,0.232789341544847,0.266044961765508,0.299300581986169,0.33255620220683,0.33255620220683
0.33255620220683,0.33255620220683,0,0,0.0415695252758277,0.0831390505511081,0.124708575827483,0.166278101103311,0.207847626378454,0.249417151654966,0.290986676930976,0.33255620220683,0,0.0332556202204432,0.0332556202208792,0.0665112404415404,0.0997668606622016,0.133022480882863,0.166278101103524,0.199533721324185,0.232789341544847,0.266044961765508,0.299300581986169,0.33255620220683
0.33255620220683,0.33255620220683,0.0207569421563474,0,0,0,0,0,0,0,0,0.33255620220683,0,0,0,0,0,0.066511240441297,0.133022480882594,0.199533721324302,0.266044961765464,0.33255620220683,0,0
0,0,0,0,0,0,0,0,0,0,0.33255620220683,0.166278101103585,0,0,0,0,0,0,0.0831390505517923,0.166278101103585,0.249417151654959,0.33255620220683,0,0
0,0,0,0,0,0,0,0,0,0.00795508287633718,0.33255620220683,0,0,0,0,0,0,0,0.11085206740239,0.221704134804553,0.33255620220683,0,0,0
0,0,0,0,0,0,0,0,0,0,0.00900241111364924,0.33255620220683,0,0,0,0,0,0,0,0.166278101103415,0.33255620220683,0,0,0
0,0,0,0,0,0,0,0.0167355048871868,0.21308607193529,0.33255620220683,0.298416685355776,0.187547859035577,0,0,0,0,0,0,0,0,0.33255620220683,0.105829552441669,0,0
0,0,0,0,0,0,0.149094396594719,0.326912867638501,0.33255620220683,0.252196581643931,0,0,0,0,0,0,0,0,0,0,0.33255620220683,0.0353463870387852,0,0
0,0,0,0,0,0,0,0,0,0.197932891419996,0.33255620220683,0.166278101103415,0,0,0,0,0,0,0.0831390505515186,0.166278101103037,0.249417151654959,0.33255620220683,0,0
0,0,0,0,0,0,0,0,0,0,0.33255620220683,0.308128781617241,0,0,0,0,0,0,0,0.110852067402116,0.221704134804408,0.33255620220683,0,0
0,0,0,0,0,0,0,0,0,0.0890759050470247,0.33255620220683,0,0,0,0,0,0,0.0831390505517923,0.166278101103585,0.249417151654959,0.33255620220683,0,0,0
0,0,0,0,0,0.105967867338681,0.33255620220683,0.22170413480478,0.11085206740239,0,0.33255620220683,0.33255620220683,0,0,0,0.0475080288871686,0.0950160577743371,0.142524086661095,0.190032115548127,0.23754014443379,0.28504817332014,0.33255620220683,0,0
0,0,0,0,0,0,0.330456155079677,0.331506178643254,0.33255620220683,0,0,0,0,0,0,0.0369506891342668,0.0739013782679862,0.110852067401979,0.147802756535425,0.184753445669281,0.221704134803137,0.258654823937952,0.295605513072544,0.33255620220683
0,0,0,0,0,0,0,0,0,0.33255620220683,0,0.167694285370325,0,0,0,0,0.0332556202207169,0.0665112404414339,0.0997668606617657,0.133022480882427,0.166278101103088,0.199533721323531,0.232789341544193,0.266044961764854
0.166278101103524,0.199533721324185,0.232789341544847,0.266044961765508,0.299300581986169,0.33255620220683,0.33255620220683,0.33255620220683,0,0.33255620220683,0,0.33255620220683,0,0,0.0332556202215331,0.0665112404419764,0.0997668606626376,0.133022480883299,0.16627810110396,0.199533721324621,0.232789341545064,0.266044961765726,0.299300581986387,0.33255620220683
0.299300581986169,0.33255620220683,0.232789341544847,0.266044961765508,0.299300581986169,0.33255620220683,0,0,0,0,0,0.33255620220683,0,0.00334859072917726,0,0.0332556202207169,0.0665112404408865,0.0997668606615477,0.133022480882209,0.16627810110287,0.199533721323531,0.232789341544193,0.266044961764636,0.299300581985297
0.33255620220683,0.33255620220683,0,0,0,0,0,0,0,0,0.33255620220683,0.166278101103585,0,0,0,0,0.0665112404418444,0.133022480883415,0.199533721324712,0.266044961765464,0.33255620220683,0.053083833890587,0,0
0,0,0,0,0,0,0,0,0,0,0.0645987095063872,0.33255620220683,0,0,0,0,0,0,0.11085206740239,0.221704134804553,0.33255620220683,0,0,0
0,0,0,0,0,0,0,0,0,0,0.208866485699569,0.33255620220683,0,0,0,0,0,0,0.11085206740239,0.221704134804553,0.33255620220683,0,0,0
0,0,0,0,0,0,0,0.156808578523866,0.33255620220683,0.280186567890062,0,0,0,0,0,0,0,0,0,0.166278101103524,0.33255620220683,0,0,0
0,0,0,0,0,0,0,0.0591531781265089,0.33255620220683,0.254144481849675,0,0,0,0,0,0,0,0,0.0554260337014686,0.110852067402663,0.166278101103585,0.22170413480478,0.277130168505692,0.33255620220683
0,0,0,0.33255620220683,0,0.33255620220683,0,0,0,0.159383408485509,0.33255620220683,0.166278101103174,0,0,0,0.0554260337014686,0.110852067402663,0.166278101103585,0.22170413480478,0.277130168505692,0.33255620220683,0,0,0
0,0,0,0,0,0,0,0,0,0,0.33255620220683,0,0,0,0,0,0,0.0554260337009212,0.110852067402116,0.166278101103585,0.22170413480478,0.277130168505692,0.33255620220683,0
0,0,0,0,0,0,0,0,0,0.33255620220683,0,0.33255620220683,0,0,0,0,0,0.0831390505515186,0.166278101103037,0.249417151654959,0.33255620220683,0,0,0
0,0,0,0,0,0,0,0,0,0,0,0.33255620220683,0,0,0,0,0,0,0.0831390505517923,0.166278101103585,0.249417151655123,0.33255620220683,0,0
0,0,0,0,0,0,0,0,0,0,0.33255620220683,0,0,0,0,0,0,0.0665112404415707,0.133022480882594,0.199533721324302,0.266044961765639,0.33255620220683,0,0
0,0,0,0,0,0,0,0,0.33255620220683,0.270270185245887,0,0,0,0,0,0,0,0,0.11085206740239,0.221704134804553,0.33255620220683,0,0,0
0,0,0,0,0,0.128499299283753,0.142031193987879,0.0406717389197606,0.33255620220683,0.280676938481896,0,0,0,0,0,0,0,0,0,0.166278101103415,0.33255620220683,0,0,0
0,0,0,0,0,0,0,0,0.330938326756095,0.33255620220683,0,0.167990058735259,0,0,0,0,0.0665112404415707,0.133022480883141,0.199533721324302,0.266044961765464,0.33255620220683,0,0,0
0,0,0,0,0,0,0,0,0,0,0.33255620220683,0,0,0,0,0,0,0.0475080288870317,0.0950160577737897,0.142524086660274,0.190032115547032,0.23754014443379,0.285048173320327,0.33255620220683
0,0,0.33255620220683,0,0,0.33255620220683,0,0,0,0.33255620220683,0.221704134804232,0.110852067402116,0,0,0.0332556202204432,0.0332556202208792,0.0665112404415404,0.0997668606622016,0.133022480882863,0.166278101103524,0.199533721324185,0.232789341544847,0.266044961765508,0.299300581986169
0.33255620220683,0.33255620220683,0.33255620220683,0.133022480883299,0.16627810110396,0.199533721324403,0.232789341545064,0.266044961765726,0.299300581986387,0.33255620220683,0.33255620220683,0.166278101103448,0,0.0332556202204432,0.0332556202215331,0.0665112404421943,0.0997668606628556,0.133022480883299,0.166278101103742,0.199533721324403,0.232789341545064,0.266044961765726,0.299300581986387,0.33255620220683
0.33255620220683,0.33255620220683,0.0665112404424123,0.0997668606628556,0.133022480883517,0.166278101104178,0.199533721324621,0.232789341545282,0.266044961765726,0.299300581986387,0.33255620220683,0.33255620220683,0,0.0332556202204432,0.0332556202217511,0.0665112404424123,0.0997668606628556,0.133022480883299,0.16627810110396,0.199533721324403,0.232789341545064,0.266044961765508,0.299300581986169,0.33255620220683
0.33255620220683,0.33255620220683,0.299300581986169,0.33255620220683,0.33255620220683,0,0,0,0,0,0,0.33255620220683,0,0,0,0.0554260337011949,0.110852067402116,0.166278101103174,0.221704134804232,0.277130168505692,0.33255620220683,0.0388269203905757,0,0
0,0,0,0,0,0,0,0,0,0.154083800509263,0.33255620220683,0.281144310284872,0,0,0,0,0,0,0.0831390505517923,0.166278101103585,0.249417151655123,0.33255620220683,0,0
0.33255620220683,0.33255620220683,0,0.33255620220683,0,0,0,0,0,0,0.33255620220683,0.33255620220683,0,0,0.0369506891339931,0.0739013782679862,0.11085206740239,0.147802756535425,0.184753445669281,0.221704134803137,0.258654823937952,0.295605513072544,0.33255620220683,0
0,0.33255620220683,0,0,0.33255620220683,0,0,0,0,0.33255620220683,0.33255620220683,0.33255620220683,0,0,0.0332556202210972,0.0665112404417584,0.0997668606624196,0.133022480883081,0.166278101103742,0.199533721324403,0.232789341545064,0.266044961765508,0.299300581986169,0.33255620220683
0.166278101103524,0.199533721324185,0.232789341544847,0.266044961765508,0.299300581986169,0.33255620220683,0,0,0,0,0,0.33255620220683,0,0,0,0.0332556202207169,0.0665112404411602,0.0997668606621508,0.133022480883081,0.166278101103524,0.199533721324185,0.232789341544847,0.266044961765508,0.299300581986169
0.266044961765508,0.299300581986169,0.33255620220683,0,0,0,0,0,0,0,0.000101240793122444,0.33255620220683,0.000106694448982645,0,0,0,0.0554260337014686,0.110852067402663,0.166278101103585,0.22170413480478,0.277130168505692,0.33255620220683,0,0
0,0,0,0,0,0,0,0,0,0.100124960668095,0.33255620220683,0,0,0,0,0,0,0.0831390505517923,0.166278101103037,0.249417151654959,0.33255620220683,0,0,0
0,0,0,0,0,0,0,0,0.118329646747915,0,0.33255620220683,0.322748179406276,0,0,0,0,0,0,0,0,0.33255620220683,0,0,0
0,0,0,0,0,0,0,0.175816741780301,0.33255620220683,0.273855889847091,0,0,0,0,0,0,0,0,0,0,0.33255620220683,0.318077982092819,0,0
0,0,0,0,0,0,0,0,0,0,0.33255620220683,0.331441834052171,0,0,0,0,0,0.0369506891342668,0.0739013782685335,0.11085206740239,0.147802756535425,0.184753445669281,0.221704134803137,0.258654823937952
0.295605513072544,0.33255620220683,0,0,0,0,0,0,0.329338288248865,0.33255620220683,0,0,0,0,0,0.0332556202207169,0.0665112404408865,0.0997668606615477,0.133022480881991,0.166278101102652,0.199533721323313,0.232789341543757,0.2660449617642,0.299300581984861
0.33255620220683,0.33255620220683,0.199533721324185,0.232789341544847,0.266044961765508,0.299300581986169,0.33255620220683,0.232789341544847,0.266044961765508,0.299300581986169,0.33255620220683,0.33255620220683,0.166278101103448,0,0.0332556202204432,0.0665112404408865,0.0997668606613297,0.133022480881991,0.166278101102652,0.199533721323313,0.232789341543975,0.266044961764636,0.299300581985079,0.33255620220683
0.33255620220683,0.33255620220683,0,0.110852067402527,0.221704134804481,0.33255620220683,0,0,0,0.325531774120684,0.33255620220683,0,0,0,0.0332556202204432,0.0665112404408865,0.0997668606613297,0.133022480881773,0.166278101102434,0.199533721323095,0.232789341543757,0.266044961764418,0.299300581985079,0.266044961765508
0.299300581986169,0.33255620220683,0.232789341544847,0.266044961765508,0.299300581986169,0.33255620220683,0,0,0,0.33255620220683,0,0.33255620220683,0.33255620220683,0,0,0.0475080288870317,0.0950160577737897,0.142524086660274,0.190032115547032,0.23754014443379,0.28504817332014,0.33255620220683,0,0
0,0,0,0,0,0,0,0,0,0,0.0037708732823283,0.33255620220683,0,0,0,0,0,0,0.11085206740239,0.221704134804553,0.33255620220683,0.0946082347086741,0,0
0,0,0,0,0,0,0,0,0,0,0.33255620220683,0.332238182855189,0,0,0,0,0,0,0.0831390505517923,0.166278101103585,0.249417151654959,0.33255620220683,0,0
0,0,0,0,0,0,0,0,0,0.33255620220683,0,0.33255620220683,0.33255620220683,0,0,0,0.0332556202207169,0.0665112404413224,0.0997668606619836,0.133022480882645,0.166278101103306,0.199533721323967,0.232789341544629,0.26604496176529
0.299300581985951,0.33255620220683,0.33255620220683,0,0,0,0,0,0,0,0,0.33255620220683,0.166278101103174,0,0,0,0.0665112404415707,0.133022480883141,0.199533721324302,0.266044961765464,0.33255620220683,0,0,0
0,0,0,0,0,0,0,0.0891005343079873,0.33255620220683,0.266044961765726,0.199533721324229,0.133022480882209,0.0665112404411044,0,0,0,0,0,0,0,0,0.33255620220683,0.0214181695884546,0
0,0,0,0,0,0,0,0.112349455975971,0.33255620220683,0.249417151655068,0.166278101103524,0.083139050551762,0,0,0,0,0,0,0,0,0,0.326075534198767,0.33255620220683,0
0,0,0,0,0,0,0,0,0,0,0.194484475716255,0.33255620220683,0.166278101103306,0,0,0,0,0,0,0,0.00712854343034782,0.33255620220683,0,0
0,0,0,0,0,0,0,0,0.220405148420756,0.33255620220683,0.288444181039577,0.244332159872259,0.122166079936061,0,0,0,0,0,0,0,0.0506278190614676,0.33255620220683,0.267650625472136,0
0,0,0,0,0,0,0.137791929593636,0.33255620220683,0.304953743676072,0.277351285145424,0.138675642572712,0,0,0,0,0,0,0,0,0,0.00802674699626133,0.33255620220683,0.0242934977872937,0
0,0,0,0,0,0,0,0,0,0,0.195156783183607,0.33255620220683,0.166278101103415,0,0,0,0,0,0,0,0.00727731947642076,0.33255620220683,0,0
0,0,0,0,0,0,0,0,0.111795096623609,0.33255620220683,0.249417151655068,0.166278101103524,0.083139050551762,0,0,0,0,0,0,0,0.325251787526676,0.33255620220683,0,0
0,0,0,0,0,0,0,0,0,0,0.195813986325073,0.33255620220683,0.166278101103524,0,0,0,0,0,0,0,0.33255620220683,0.0255481919939248,0,0
0,0,0,0,0,0,0,0,0,0.33255620220683,0.166278101103415,0,0,0,0,0,0,0,0.0831390505515186,0.166278101103037,0.249417151654959,0.33255620220683,0,0
0,0,0,0,0,0,0.33255620220683,0.166278101103311,0,0,0,0,0,0,0,0,0,0.0665112404415707,0.133022480883141,0.199533721324302,0.266044961765464,0.33255620220683,0.0459557306977321,0
0,0,0,0,0,0,0,0,0,0.330184943484687,0.33255620220683,0,0.169307945899519,0,0,0,0.0831390505517923,0.166278101103585,0.249417151654959,0.33255620220683,0.0631887483661099,0,0,0
0,0,0,0,0,0,0,0,0,0.33255620220683,0.22170413480478,0.11085206740239,0,0,0,0,0,0.0831390505517923,0.166278101103037,0.249417151654959,0.33255620220683,0.0657081277956874,0,0
0,0,0,0,0,0,0,0,0.332333527559025,0.33255620220683,0,0,0,0,0,0,0.0665112404415707,0.133022480882594,0.199533721324302,0.266044961765464,0.33255620220683,0,0,0
0,0,0,0,0,0,0,0,0,0,0.00464616215967506,0.33255620220683,0,0,0,0,0,0,0.11085206740239,0.221704134804553,0.33255620220683,0.0962566960800006,0,0
0,0,0,0,0,0,0,0,0,0,0,0.33255620220683,0.295446374543801,0,0,0,0,0,0,0,0.166278101103415,0.33255620220683,0,0
0,0,0,0,0,0,0,0,0,0,0,0.33255620220683,0.310025416098332,0,0,0,0,0,0,0,0.33255620220683,0,0,0
0,0,0,0,0,0,0,0,0,0.12443164139625,0.33255620220683,0.221704134804553,0.110852067402349,0,0,0,0,0,0,0.166278101103306,0.33255620220683,0,0,0
0,0,0,-2.17981222603056e-13,0,1.08990611301528e-13,0,0.0952732863588825,0.33255620220683,0.221704134804369,0.110852067402116,0,0,0,0,0,0,0,0.0831390505517923,0.166278101103585,0.249417151654959,0.33255620220683,0,0
0,0,0,0,0.0542989769180384,0.147051385347636,0.239803793777233,0.33255620220683,0.249417151655377,0.166278101103585,0.0831390505517923,0,0,0,0,0,0,0,0.0831390505517923,0.166278101103585,0.249417151654959,0.33255620220683,0,0
0,0,0,2.17981222603056e-13,0,-2.17981222603056e-13,0,0.049726670873702,0.33255620220683,0.322571751556797,0.0199689013002842,0.0099844506500331,0,0,0,0,0,0.110852067402116,0.221704134804408,0.33255620220683,0.0888355456906399,0,0,0
0,0,0,0,0,0,0,0,0,0,0.33255620220683,0,0.33255620220683,0,0,0,0.0332556202207169,0.0665112404408865,0.0997668606615477,0.133022480882209,0.16627810110287,0.199533721323531,0.166278101103524,0.199533721324185
0.232789341544847,0.266044961765508,0.299300581986169,0.33255620220683,0.166278101103448,0,0.0475080288870317,0.0950160577737897,0.142524086660274,0.190032115547032,0.23754014443379,0.28504817332014,0.33255620220683,0,0.0332556202207169,0,0,0,0,0,0,0,0,0
0,0,0.0332556202210972,0.0665112404417584,0.0997668606624196,0.133022480883081,0.166278101103742,0.199533721324403,0.232789341545064,0.266044961765726,0.299300581986169,0.33255620220683,0.33255620220683,0,0.0332556202207169,0,0,0.0332556202210972,0.0665112404415404,0.0997668606622016,0.133022480882863,0.166278101103524,0.199533721324185,0.232789341544847
0.266044961765508,0.299300581986169,0.33255620220683,0,0,0,0,0,0,0,0,0.325999192762126,0.33255620220683,0,0,0,0.0665112404418444,0.133022480883415,0.199533721324712,0.26604496176529,0.33255620220683,0,0,0
0,0,0,0,0,0,0,0,0,0,0,0.00535018137551094,0.33255620220683,0,0,0,0,0.0831390505515186,0.166278101103037,0.249417151654959,0.33255620220683,0,0,0
0,0,0,0,0,0,0,0,0,0.33255620220683,0.316441391176009,0.300326580144849,0.284211769113553,0,0,0,0,0,0.0831390505517923,0.166278101103585,0.249417151654959,0.33255620220683,0,0
0,0,0,0,0.331123209654273,0.33255620220683,0,0,0.33255620220683,0.33255620220683,0.33255620220683,0,0,0,0,0,0,0.0831390505517923,0.166278101103585,0.249417151654959,0.33255620220683,0.0647526221366481,0,0
0,0,0,0,0,0,0,0,0,0.00727594293426422,0.33255620220683,0,0.33255620220683,0,0,0,0,0.0831390505517923,0.166278101103585,0.249417151654959,0.33255620220683,0.0678391076031652,0,0
0,0,0,0,0,0,0,0,0,0.00344296144603565,0.33255620220683,0.33255620220683,0.0036594635319849,0,0,0,0,0,0.11085206740239,0.221704134804553,0.33255620220683,0,0,0
0,0,0,0,0,0,0,0,0,0,0,0.33255620220683,0.319724453601083,0,0,0,0,0,0.0831390505517923,0.166278101103585,0.249417151654959,0.33255620220683,0,0
0,0,0,0,0,0,0,0,0,1.08990611301528e-13,0,0.33255620220683,0.301027208936496,0,0,0,0,0,0,0.11085206740239,0.221704134804699,0.33255620220683,0,0
0,0,0,0,0,0,0,0,0,0.270839281331827,0.33255620220683,0.280219451584763,0,0,0,0,0,0,0,0,0.166278101103415,0.33255620220683,0,0
0,0,0,0,0,0,0.0434573710649722,0.217603186642493,0.313952353930815,0.33255620220683,0.27346600996456,0.13673300498228,0,0,0,0,0,0,0,0,0,0.0831390505515186,0.166278101103037,0.249417151655123
0.33255620220683,0,0,0,0,0,0,0,0,0,0.00147367925260056,0.33255620220683,0.331992109110725,0,0,0,0,0.0332556202207169,0.0665112404408865,0.0997668606615477,0.133022480881991,0.166278101102652,0.199533721323313,0.232789341543975
0.266044961764636,0.266044961765508,0.299300581986169,0.33255620220683,0.33255620220683,0.166278101103415,0,0,0,0,0,0.325670668407318,0.33255620220683,0,0,0.0369506891342668,0.0739013782679862,0.11085206740239,0.14780275653652,0.184753445669281,0.221704134803137,0.258654823937952,0.295605513072544,0.33255620220683
0,0,0,0.33255620220683,0.166278101103311,0,0,0.33255620220683,0.329429058108404,0.33255620220683,0,0,0,0,0,0,0,0.0665112404415707,0.133022480883141,0.199533721324302,0.266044961765464,0.33255620220683,0,0
0,0,0,0,0,0,0,0,0,0,0.33255620220683,0.331861491013673,0,0,0,0,0,0.0665112404415707,0.133022480883141,0.199533721324302,0.266044961765464,0.33255620220683,0,0
0,0,0,0,0,0,0,0,0,0,0,0.33255620220683,0.331406145672649,0,0,0,0,0.0831390505517923,0.166278101103585,0.249417151654959,0.33255620220683,0,0,0
0,0,0,0,0,0,0,0.205333455369292,0.33255620220683,0.22170413480478,0.11085206740239,0,0,0,0,0,0,0,0,0,0.166278101103415,0.33255620220683,0,0
0,0,0,0,0,0,0,0,0,0.185007889677201,0.33255620220683,0.324972370061056,0.239899104882293,0,0,0,0,0,0,0,0.33255620220683,0.0423694131218047,0,0
0,0,0,0,0,0,0,0,0,0,0.33255620220683,0.266881763030987,0,0,0,0,0,0,0,0,0,0,0.33255620220683,0
0,0,0,0,0,0,0,0,0,0,0,0.33255620220683,0,0,0,0,0,0,0,0,0,0,0.11085206740239,0.221704134804553
0.33255620220683,0.33255620220683,0,0.33255620220683,0,0,0,0,0,0,0,0.00537457567222489,0.33255620220683,0,0,0,0,0.0554260337016054,0.110852067403211,0.166278101104406,0.221704134805327,0.27713016850551,0.33255620220683,0
0,0,0,0,0,0,0,0,0,0,0.00232815836964527,0.33255620220683,0.3317073599366,0,0,0,0,0.0475080288870317,0.0950160577737897,0.142524086660274,0.190032115547032,0.23754014443379,0.285048173320327,0.33255620220683
0,0,0.0084100152874114,0.17188477796158,0,0.163474762674169,0.33255620220683,0.166278101103311,0,0,0,0,0.33255620220683,0.166278101103585,0,0,0,0.0665112404415707,0.133022480883141,0.199533721324302,0.266044961765464,0.33255620220683,0,0
0,0,0,0.33255620220683,0.166278101103311,0,0,0.33255620220683,0.331891263878738,0,0,0.33255620220683,0.166278101103311,0,0,0,0,0,0.11085206740239,0.221704134804553,0.33255620220683,0,0,0
0,0,0,0.166658915535583,0,0.166658915535801,0,0,0.141264597803409,0.33255620220683,0.285415198818108,0,0,0,0,0,0,0.0332556202207169,0.0665112404426303,0.0997668606630736,0.133022480883517,0.16627810110396,0.199533721324403,0.232789341545282
0.266044961765726,0.299300581986169,0.33255620220683,0.322015377129665,0.33255620220683,0,0,0,0.166278101103415,0.33255620220683,0.15481830070517,0,0,0.33255620220683,0,0,0.0332556202204432,0.0665112404408865,0.0997668606617657,0.133022480882209,0.166278101103088,0.199533721323531,0.232789341544411,0.26604496176529
0.299300581986169,0.33255620220683,0.33255620220683,0,0,0,0,0,0,0,0,0.329786692892668,0.33255620220683,0,0,0,0,0.0475080288870317,0.0950160577737897,0.142524086660274,0.190032115547032,0.23754014443379,0.28504817332014,0.33255620220683
0,0.33255620220683,0.33255620220683,0.166278101103415,0,0.33255620220683,0,0,0,0,0,0,0,0.33255620220683,0,0,0,0.0332556202207169,0.0665112404408865,0.0997668606617657,0.133022480882427,0.166278101103088,0.199533721323749,0.232789341544411
0.266044961764418,0.199533721323531,0.232789341544411,0.26604496176529,0.299300581986169,0.33255620220683,0,0,0,0,0.33255620220683,0,0.00423494766108469,0.17062411746381,0,0,0.0332556202211275,0.0665112404422549,0.0997668606629719,0.133022480883415,0.166278101103585,0.199533721324302,0.232789341545019,0.26604496176486
0.299300581985951,0.33255620220683,0,0,0,0,0,0,0,0.167008069493573,0,0.167008069494009,6.53943667809169e-13,0.33255620220683,0,0,0,0,0,0.11085206740239,0.221704134804553,0.33255620220683,0.100081383730389,0
0,0,0,0,0,0,0,0,0.21473852826396,0.33255620220683,0.297866527343239,0.186997880974028,0,0,0,0,0,0,0,0,0,0.33255620220683,0.327309036441725,0
0,0,0,0,0,0,0,0,0.26745963646831,0.33255620220683,0.243335424306833,0,0,0,0,0,0,0,0,0,0,0.33255620220683,0,0
0,0,0,0,0,0,0,0,0,0,0.224091165670682,0.33255620220683,0,0,0,0,0,0,0,0,0.11085206740239,0.221704134804553,0.33255620220683,0
0,0,0,0,0,0,0,0,0,0,0.0802278256414741,0.33255620220683,0,0,0,0,0,0,0,0,0.047508028886758,0.0950160577732423,0.142524086660274,0.190032115547032
0.23754014443379,0.28504817332014,0.33255620220683,0,0,0,0,0,0,0,0.33255620220683,0.290132643367602,0.0424235588397046,0,0,0,0,0,0,0.0369506891342668,0.0739013782685335,0.11085206740239,0.14780275653652,0.184753445669965
0.221704134803958,0.258654823938909,0.295605513072544,0.33255620220683,0,0,0,0,0,0.0890096322295406,0.30172020152449,0.33255620220683,0,0,0,0,0,0,0.0332556202207169,0.0665112404413224,0.0997668606617657,0.133022480882427,0.16627810110287,0.199533721323531
0.232789341543975,0.266044961764418,0.299300581985079,0.33255620220683,0.33255620220683,0,0,0,0,0.254356645857231,0.33255620220683,0.166278101103415,0,0,0,0,0,0.0415695252762383,0.0831390505524765,0.124708575828304,0.166278101102764,0.207847626378454,0.249417151654966,0.290986676930976
0.33255620220683,0,0,0,0,0,0,0,0,0,0.33255620220683,0.269924966136797,0,0,0,0,0,0.0415695252759646,0.0831390505519292,0.124708575828304,0.166278101102764,0.207847626378454,0.249417151654966,0.290986676930976
0.33255620220683,0,0,0,0,0,0,0,0,0,0.131297265733114,0.33255620220683,0,0,0,0,0,0,0,0.0369506891339931,0.0739013782679862,0.11085206740239,0.147802756535425,0.184753445669281
0.221704134803137,0.258654823937952,0.295605513072544,0.33255620220683,0.166278101103448,0,0,0,0,0,0,0,0.33255620220683,0,0,0,0,0,0,0.0332556202207169,0.0665112404413224,0.0997668606617657,0.133022480882427,0.166278101103088
0.199533721323749,0.232789341544411,0.26604496176529,0.299300581986169,0.33255620220683,0.33255620220683,0,0,0,0,0,0.0891229361260829,0.33255620220683,0.302789196653481,0,0,0,0.0332556202207169,0.0665112404413224,0.0997668606617657,0.133022480882427,0.166278101103088,0.199533721323531,0.232789341543975
0.266044961764418,0.232789341544411,0.26604496176529,0.299300581986169,0.33255620220683,0.33255620220683,0.166278101103415,0,0.328755708540401,0.1643778542702,0,0.166278101103415,0.33255620220683,0.331498101663686,0,0,0,0.0332556202204432,0.0665112404408865,0.0997668606617657,0.133022480882427,0.16627810110287,0.199533721323531,0.232789341544193
0.26604496176529,0.299300581986169,0.33255620220683,0.332556202207048,0.332556202206612,0.33255620220683,0,0,0,0,0.163379448132186,0.33255620220683,0.166278101103448,0,0,0,0,0.0369506891339931,0.0739013782679862,0.11085206740239,0.14780275653652,0.184753445669965,0.221704134803958,0.258654823938909
0.295605513072738,0.33255620220683,0,0,0,0,0,0,0,0,0.0803702990204381,0.33255620220683,0.31241882679516,0.0201373754114621,0,0,0,0,0.166278101103415,0.33255620220683,0,0,0,0
0,0,0,0,0,0,0,0,0.206091553149808,0.307613191348795,0.33255620220683,0.204492295425819,0,0,0,0,0,0,0,0,0,0.33255620220683,0,0
0,0,0,0,0,0,0,0,0.33255620220683,0.0649518313831118,0.0324759156914469,0,0,0,0,0,0,0,0,0,0.0665112404418444,0.133022480883415,0.199533721324712,0.26604496176529
0.33255620220683,0.33255620220683,0.221704134805053,0.110852067402663,0,0,0,0,0.166278101103415,0.33255620220683,0.158911999534301,0,0,0,0.33255620220683,0.166278101103585,0,0,0.0831390505517923,0.166278101103585,0.249417151654959,0.33255620220683,0,0
0,0,0,0,0,0,0,0,0,0.231614890405174,0.33255620220683,0.255312472661699,0,0,0,0,0,0,0,0,0.0554260337016054,0.110852067403211,0.166278101104406,0.221704134805327
0.277130168505692,0.33255620220683,0,0,0,0,0,0,0,0.171872717349141,0.33255620220683,0.221704134804232,0.110852067402116,0,0,0,0,0.0332556202207169,0.0665112404413224,0.0997668606617657,0.133022480882427,0.166278101103088,0.199533721323749,0.232789341544411
0.266044961765072,0.299300581982245,0.26604496176529,0.299300581986169,0.33255620220683,0.33255620220683,0,0,0,0,0,0,0.327772473484803,0.33255620220683,0,0,0.0332556202207169,0.0665112404413224,0.0997668606617657,0.133022480882427,0.166278101103088,0.199533721323749,0.232789341544411,0.266044961764854
0.299300581987477,0.199533721323531,0.232789341544411,0.26604496176529,0.299300581986169,0.33255620220683,0,0,0,0,0.327106672694821,0.33255620220683,0,0,0,0,0.0554260337014686,0.110852067402663,0.166278101103585,0.221704134804232,0.27713016850551,0.33255620220683,0,0
0,0,0,0,0,0,0,0,0,0,0.201550186473352,0.33255620220683,0.166278101103311,0,0,0,0,0,0.110852067402663,0.221704134804553,0.33255620220683,0,0,0
0,0,0,0,0,0,0,0,0,0,0,0,0.00622834201399568,0.33255620220683,0,0,0,0,0,0.0421420386394963,0.0842840772792303,0.126426115918845,0.168568154558461,0.210710193198486
0.252852231838786,0.294994270478674,0,0.0332556202207169,0.0665112404413224,0.0997668606617657,0.133022480882427,0.166278101103088,0.199533721323531,0.232789341544193,0.266044961764854,0.133022480882427,0,0.0332556202213152,0.0665112404426303,0.0997668606630736,0.133022480883517,0.16627810110396,0.199533721324403,0.232789341545282,0.266044961765726,0.299300581986169,0.33255620220683,0.33255620220683
0.33255620220683,0,0,0,0,0,0.00476144219801508,0,0.33255620220683,0,0,0.162259636318357,0.33255620220683,0.166278101103585,0,0,0.0369506891342668,0.0739013782685335,0.11085206740239,0.14780275653652,0.184753445669965,0.221704134803137,0.258654823937952,0.295605513072544
0.33255620220683,0,0,0,0,0,0,0,0,0,0,0,0.331637747435481,0.33255620220683,0,0,0,0.0554260337009212,0.110852067402116,0.166278101103585,0.221704134804232,0.27713016850551,0.33255620220683,0
0,0,0,0,0,0,0,0,0.117367275887708,0.33255620220683,0.309051332487634,0.0470097394385228,0.0235048697192614,0,0,0,0,0,0,0.11085206740239,0.221704134804699,0.33255620220683,0.0970750974544799,0
0,0.33255620220683,0,0,0.33255620220683,0,0,0,0,0,0,0,0.0039960457035032,0.33255620220683,0,0,0,0.0554260337014686,0.110852067402663,0.166278101103585,0.22170413480478,0.277130168505692,0.33255620220683,0
0,0,0,0,0,0,0,0,0,0,0,0.0562695170084124,0.33255620220683,0,0,0,0,0,0,0,0,0.0112264296647057,0.33255620220683,0
0,0,0,0,0,0,0,0,0,0.0414112425136012,0.33255620220683,0.31848693076766,0,0,0,0,0,0,0,0,0.00407843504758422,0.328477767159464,0.33255620220683,0
0,0,0,0,0,0,0.0494615157210983,0.33255620220683,0,0,0.166278101103415,0.33255620220683,0,0.33255620220683,0,0,0,0.0415695252762383,0.0831390505519292,0.124708575827894,0.166278101102764,0.207847626378454,0.249417151654966,0.290986676930976
0.33255620220683,0,0,0,0,0,0.164237676153947,0.33255620220683,0.166278101103311,0,0,0,0,0,0,0,0,0.0665112404418444,0.133022480882868,0.199533721324712,0.26604496176529,0.33255620220683,0,0
0,0,0,0,0,0,0,0,0,0,0,0,0.332404626219527,0.33255620220683,0,0,0,0.0554260337009212,0.110852067402116,0.166278101103585,0.22170413480478,0.277130168505692,0.33255620220683,0
0,0,0,0,0,0,0,0,0,0.0853217198631268,0.33255620220683,0.249417151655377,0.166278101103858,0.083139050552066,0,0,0,0.0554260337009212,0.110852067402116,0.166278101103585,0.22170413480478,0.277130168505692,0.33255620220683,0
0,0,0,0,0,0,0,0,0.33255620220683,0.331982355768131,0.331408509328407,0.00114769287862496,0.000573846439312482,0,0,0,0,0,0,0.11085206740239,0.221704134804408,0.33255620220683,0,0
0,0,0,0,0,0,0,0,0,0.216669591148008,0.33255620220683,0.260250336182559,0,0,0,0,0,0,0,0,0,0.282282023549225,0.33255620220683,0
0,0,0,0,0,0,0,0.253051566697083,0.33255620220683,0.269269757580455,0.205983312954357,0,0,0,0,0,0,0,0,0,0.33255620220683,0,0,0
0,0,0.33255620220683,0,0,0.33255620220683,0.33255620220683,0,0.00521853357293726,0,0.33255620220683,0.327113700710034,0.33255620220683,0.166278101103585,0,0,0,0.0554260337016054,0.110852067402663,0.166278101104406,0.221704134805327,0.27713016850551,0.33255620220683,0
0,0,0.33255620220683,0,0,0.33255620220683,0,0,0,0,0,0,0,0.33255620220683,0,0,0,0.0332556202207169,0.0665112404413224,0.0997668606617657,0.133022480882427,0.166278101103088,0.199533721323749,0.232789341544411
0.266044961765072,0.299300581985515,0.232789341545282,0.266044961766162,0.299300581986387,0.33255620220683,0,0,0,0,0.33255620220683,0,0,0,0,0,0.0332556202207169,0.0665112404413224,0.0997668606617657,0.133022480882427,0.166278101103088,0.199533721323749,0.232789341544411,0.266044961764854
0.299300581984425,0.299300581986169,0.33255620220683,0.166278101103585,0,0.166278101103415,0.33255620220683,0.161587431516674,0,0,0,0.33255620220683,0.221704134804506,0.11085206740239,0,0,0.0332556202207169,0.0665112404413224,0.0997668606617657,0.133022480882427,0.166278101103088,0.199533721323531,0.232789341544193,0.266044961764636
0.299300581985733,0.33255620220683,0.33255620220683,0.266044961765726,0.299300581986169,0.33255620220683,0,0,0,0,0,0,0,0.33255620220683,0,0,0,0.0554260337014686,0.110852067402663,0.166278101103585,0.22170413480478,0.277130168505692,0.33255620220683,0
0,0,0,0,0,0,0,0.165312854380916,0,0.165312854381134,0.33255620220683,0.249417151655788,0.166278101103858,0.0831390505519292,0,0,0,0,0,0.0831390505517923,0.166278101103585,0.249417151654959,0.33255620220683,0
0,0,0,0,0,0,0,0,0.33255620220683,0.22170413480459,0.11085206740224,0,0,0,0,0,0,0,0,0,0,0.0554260337014686,0.110852067402663,0.166278101103585
0.22170413480478,0.277130168505692,0.33255620220683,0,0,0,0,0,0,0,0,0,0,0.33255620220683,0,0,0.0475080288870317,0.0950160577737897,0.142524086660274,0.190032115547032,0.23754014443379,0.28504817332014,0.33255620220683,0
0,0,0,0,0,0,0,0,0,0,0,0,0,0.33255620220683,0,0,0,0,0,0.11085206740239,0.221704134804553,0.33255620220683,0,0
0,0,0,0,0,0,0,0,0,0,0,0,0.33255620220683,0,0,0,0,0,0.0665112404418444,0.133022480883415,0.199533721324712,0.26604496176529,0.33255620220683,0
0,0,0,0,0,0,0,0,0,0.33255620220683,0.204218740721049,0,0,0,0,0,0,0,0,0,0,0.33255620220683,0,0
0,0,0,0,0,0,0,0,0.33255620220683,0.31856547557378,0.159282737786822,0,0,0,0,0,0,0,0,0,0,0.166278101103415,0.33255620220683,0
0,0,0,0,0,0,0,0,0,0.33255620220683,0.157710855623359,0.0788554278116251,0,0,0,0,0,0,0,0,0,0.166278101103415,0.33255620220683,0
0,0,0,0,0,0,0,0,0.33255620220683,0.165939888104933,0.0829699440524664,0,0,0,0,0,0,0,0,0,0,0.0415695252762383,0.0831390505519292,0.124708575827894
0.166278101102764,0.207847626378454,0.249417151654966,0.290986676930976,0.33255620220683,0,0,0,0,0,0,0.164572623751198,0.33255620220683,0.166278101103174,0,0,0.0369506891339931,0.0739013782679862,0.11085206740239,0.14780275653652,0.184753445669965,0.221704134803958,0.258654823937952,0.295605513072544
0.33255620220683,0,0,0,0,0,0,0,0,0,0,0,0.33255620220683,0.332531672583633,0,0,0,0.0415695252758277,0.0831390505516555,0.124708575827483,0.166278101103311,0.207847626379139,0.249417151654966,0.290986676930976
0.33255620220683,0,0,0,0,0.328771795248583,0.33255620220683,0,0,0.33255620220683,0.33255620220683,0,0.32965754923571,0.33255620220683,0,0,0.0332556202213152,0.0665112404426303,0.0997668606630736,0.133022480883517,0.166278101103088,0.199533721323531,0.232789341544411,0.26604496176529
0.299300581986169,0.33255620220683,0.33255620220683,0.166278101103311,0,0.170637963189123,0,0.33255620220683,0,0,0,0,0,0.33255620220683,0,0,0,0,0.0475080288871686,0.0950160577743371,0.142524086661095,0.190032115548127,0.23754014443379,0.285048173319953
0.33255620220683,0,0,0,0,0,0,0,0,0,0,0,0,0.33255620220683,0,0,0,0,0.0831390505517923,0.166278101103585,0.249417151654959,0.33255620220683,0,0
0,0,0,0,0,0,0,0,0,0.33255620220683,0.192425219308064,0.0522942364091631,0,0,0,0,0,0,0,0,0,0.166278101103415,0.33255620220683,0
0,0,0,0,0,0,0,0,0.192307405973729,0.33255620220683,0.246784880078559,0.0857713221284046,0,0,0,0,0,0,0,0,0,0,0.33255620220683,0
0,0,0,0,0,0,0,0,0.0430125680762461,0.33255620220683,0.323915017000596,0.315273831795016,0.306632646588999,0,0,0,0,0,0.066511240441297,0.133022480882594,0.199533721324302,0.266044961765464,0.33255620220683,0
0,0,0,0,0.33255620220683,0,0.33255620220683,0,0,0,0,0,0,0.33255620220683,0.166278101103311,0,0,0,0.0665112404415707,0.133022480883141,0.199533721324302,0.266044961765464,0.33255620220683,0
0,0,0,0.33255620220683,0,0.33255620220683,0,-2.17981222603056e-13,0,0,0,0.33255620220683,0.221704134804506,0.11085206740239,0,0,0,0,0.110852067402663,0.221704134804553,0.33255620220683,0.103035928028882,0,0
0,0,0,0.33255620220683,0,0,0,0,0,0.0831390505517923,0.166278101103585,0.249417151654959,0.33255620220683,0.0794408421030042,0,0.33255620220683,0,0,0.0665112404415707,0.133022480883141,0.199533721324302,0.266044961765464,0.33255620220683,0
0,0,0,0,0,0,0,0,0,0,0.33255620220683,0.331106906754249,0.00289859090638895,0.00144929545319448,0,0,0,0,0.0665112404415707,0.133022480883141,0.199533721324302,0.266044961765464,0.33255620220683,0
0,0,0,0,0,0,0,0,0,0.33255620220683,0.308121130700849,0.283686059194758,0,0,0,0,0,0,0,0,0.166278101103524,0.33255620220683,0,0
0,0,-1.08990611301528e-13,0,0,0,0,0,0.23589848696533,0.33255620220683,0.253847586922674,0,0,0,0,0,0,0,0,0,0,0.33255620220683,0,0
0,0.33255620220683,0.166278101103448,0,0,0.167469876365168,0,0,0.0332556202207169,0.0665112404413224,0.0997668606617657,0.133022480882427,0.166278101103088,0.199533721323749,0.232789341544411,0.26604496176529,0.232789341545282,0.266044961766162,0.299300581986387,0.33255620220683,0.299300581986169,0.33255620220683,0.33255620220683,0.161587867763584
0.33255620220683,0.166278101103174,0,0,0,0.0332556202207169,0.0665112404413224,0.0997668606617657,0.133022480882427,0.166278101103088,0.199533721323749,0.232789341543103,0.166278101103088,0.199533721323531,0.232789341544411,0.26604496176529,0.299300581986169,0.33255620220683,0.166278101103448,0,0.166278101103415,0.33255620220683,0.164547393585867,0
0,0,0,0,0.33255620220683,0.22170413480478,0.11085206740239,0,0,0,0,0.166278101103415,0.33255620220683,0.33255620220683,0,0,0,0.0665112404415707,0.133022480883141,0.199533721324302,0.266044961765464,0.33255620220683,0.0625929902069791,0
0,0,0.33255620220683,0.331620826054392,0.000935376152504042,0,0,0,0.33255620220683,0,0,0,0,0,0,0,0,0.0665112404415707,0.133022480883141,0.199533721324302,0.266044961765464,0.33255620220683,0.0602650439629268,0
0,0,0,0,0,0,0,0,0,0,0,0,0.0179260003913722,0.33255620220683,0,0,0,0,0.0665112404415707,0.133022480883141,0.199533721324302,0.266044961765464,0.33255620220683,0
0,0,0,0,0,0,0,0,0,0.33255620220683,0.0932166277175654,0,0,0,0,0,0,0,0,0,0,0.33255620220683,0.326644539721356,0
0,0,0,0,0,0,0,0,0,0.33255620220683,0.221704134804535,0.110852067402295,0,0,0,0,0,0,0,0,0.0332556202207169,0.0665112404413224,0.0997668606617657,0.133022480882427
0.166278101103088,0.0997668606630736,0.133022480883517,0.16627810110396,0.199533721324403,0.232789341545282,0.266044961765726,0.299300581986387,0.33255620220683,0.0326080521151706,0,0.33255620220683,0.221704134804506,0.11085206740239,0,0,0.0332556202207169,0.0665112404413224,0.0997668606617657,0.133022480882209,0.16627810110287,0.199533721323313,0.232789341544411,0.26604496176529
0.299300581986169,0.33255620220683,0.199533721324185,0.232789341544847,0.266044961765508,0.299300581986169,0.33255620220683,0,0,0,0,0.33255620220683,0.33255620220683,0.33255620220683,0,0,0.0332556202207169,0.0665112404413224,0.0997668606617657,0.133022480882427,0.166278101103088,0.199533721323749,0.232789341544411,0.266044961765072
0.299300581985733,0.33255620220683,0.232789341544629,0.26604496176529,0.299300581986169,0.33255620220683,0.33255620220683,0.166278101103448,0,0,0.0332556202207169,0.0665112404413224,0,0,0.0332556202207169,0,0.0332556202210972,0.0665112404415404,0.0997668606622016,0.133022480882863,0.166278101103524,0.199533721324185,0.232789341544847,0.266044961765508
0.299300581986169,0.33255620220683,0.33255620220683,0.221704134804232,0.110852067402116,0,0.0332556202207169,0,0,0,0,0,0,0,0.0332556202210972,0.0665112404417584,0.0997668606624196,0.133022480883081,0.166278101103524,0.199533721324185,0.232789341544847,0.26604496176529,0.299300581986169,0.33255620220683
0,0,0.33255620220683,0.33255620220683,0,0.33255620220683,0,0,0,0.33255620220683,0,0,0,0.11160750619636,0.223215012392906,0,0,0,0,0.0831390505517923,0.166278101103585,0.249417151654959,0.33255620220683,0
0,0,0.0058552504088088,0.33255620220683,0,0.164926795952569,0,0,0,0.00081535518629285,0.33255620220683,0.00383995251072488,0.33255620220683,0.331204897055822,0,0,0,0,0,0.166278101103415,0.33255620220683,0,0,0
0,0,0.12168571167589,0,0,0,0,0.23268715625756,0.33255620220683,0.251782074373918,0.171007946541009,0,0,0,0,0,0,0,0,0,0,0.0332556202204432,0.0665112404408865,0.0665112404415404
0.0997668606622016,0.133022480882863,0.166278101103524,0.199533721324185,0.232789341544847,0.266044961765508,0.299300581986169,0.33255620220683,0.166278101103311,0,0.0332556202207169,0,0,0,0.0332556202210972,0.0665112404415404,0.0997668606622016,0.133022480883081,0.166278101103742,0.199533721324403,0.232789341544847,0.26604496176529,0.299300581986169,0.33255620220683
0.33255620220683,0.33255620220683,0.199533721323967,0.232789341544629,0.26604496176529,0.299300581986169,0.33255620220683,0.33255620220683,0.166278101103448,0,0,0.166278101103415,0.33255620220683,0.332128013482525,0.000428188723960212,0,0.0332556202207169,0.0665112404413224,0.0997668606617657,0.133022480882427,0.166278101103088,0.199533721324403,0.232789341545064,0.266044961765726
0.299300581986387,0.33255620220683,0.299300581986169,0.33255620220683,0.33255620220683,0.33255620220683,0.166278101103415,0,0.0332556202207169,0,0,0,0,0,0,0.0332556202208792,0.0665112404415404,0.0997668606622016,0.133022480882863,0.166278101103524,0.199533721324185,0.232789341544847,0.266044961765508,0.299300581986169
0.33255620220683,0.33255620220683,0.133022480883081,0.166278101103524,0.199533721323967,0.232789341544847,0.266044961765508,0.299300581986169,0.33255620220683,0,0,0.00171820179584405,0.33255620220683,0.331912049960671,0,0,0.0332556202207169,0.0665112404413224,0.0997668606617657,0.133022480882427,0.166278101103088,0.199533721323749,0.232789341544411,0.266044961765072
0.299300581985515,0.33255620220683,0.199533721324839,0.2327893415455,0.266044961766162,0.299300581986387,0.33255620220683,0.0319590123966482,0,0,0.00264696719433398,0.33255620220683,0.0014302648327917,0.000715132416532697,0,0,0,0.0554260337014686,0.110852067402663,0.166278101103585,0.221704134804232,0.27713016850551,0.33255620220683,0
