Time,Clearsky_DNI
30,0
90,0
150,0
210,0
270,0
330,0
390,0
450,0
510,87
570,374
630,516
690,767
750,976
810,965
870,576
930,414
990,31
1050,0
1110,0
1170,0
1230,0
1290,0
1350,0
1410,0
1470,0
1530,0
1590,0
1650,0
1710,0
1770,0
1830,0
1890,0
1950,478
2010,765
2070,716
2130,826
2190,83
2250,430
2310,512
2370,808
2430,631
2490,0
2550,0
2610,0
2670,0
2730,0
2790,0
2850,0
2910,0
2970,0
3030,0
3090,0
3150,0
3210,0
3270,0
3330,0
3390,629
3450,812
3510,402
3570,543
3630,921
3690,332
3750,391
3810,343
3870,47
3930,0
3990,0
4050,0
4110,0
4170,0
4230,0
4290,0
4350,0
4410,0
4470,0
4530,0
4590,0
4650,0
4710,0
4770,0
4830,107
4890,485
4950,17
5010,374
5070,916
5130,904
5190,6
5250,769
5310,344
5370,0
5430,0
5490,0
5550,0
5610,0
5670,0
5730,0
5790,0
5850,0
5910,0
5970,0
6030,0
6090,0
6150,0
6210,0
6270,182
6330,57
6390,451
6450,346
6510,318
6570,271
6630,269
6690,177
6750,329
6810,0
6870,0
6930,0
6990,0
7050,0
7110,0
7170,0
7230,0
7290,0
7350,0
7410,0
7470,0
7530,0
7590,0
7650,0
7710,146
7770,97
7830,362
7890,8
7950,8
8010,442
8070,5
8130,173
8190,18
8250,0
8310,0
8370,0
8430,0
8490,0
8550,0
8610,0
8670,0
8730,0
8790,0
8850,0
8910,0
8970,0
9030,0
9090,0
9150,110
9210,630
9270,386
9330,0
9390,202
9450,118
9510,235
9570,405
9630,24
9690,0
9750,0
9810,0
9870,0
9930,0
9990,0
10050,0
10110,0
10170,0
10230,0
10290,0
10350,0
10410,0
10470,0
10530,0
10590,640
10650,838
10710,928
10770,957
10830,970
10890,958
10950,646
11010,551
11070,363
11130,0
11190,0
11250,0
11310,0
11370,0
11430,0
11490,0
11550,0
11610,0
11670,0
11730,0
11790,0
11850,0
11910,0
11970,0
12030,317
12090,611
12150,642
12210,416
12270,968
12330,960
12390,921
12450,841
12510,657
12570,0
12630,0
12690,0
12750,0
12810,0
12870,0
12930,0
12990,0
13050,0
13110,0
13170,0
13230,0
13290,0
13350,0
13410,0
13470,682
13530,863
13590,940
13650,942
13710,622
13770,474
13830,406
13890,818
13950,647
14010,0
14070,0
14130,0
14190,0
14250,0
14310,0
14370,0
14430,0
14490,0
14550,0
14610,0
14670,0
14730,0
14790,0
14850,0
14910,641
14970,821
15030,905
15090,947
15150,964
15210,957
15270,912
15330,835
15390,666
15450,0
15510,0
15570,0
15630,0
15690,0
15750,0
15810,0
15870,0
15930,0
15990,0
16050,0
16110,0
16170,0
16230,0
16290,0
16350,688
16410,866
16470,944
16530,976
16590,986
16650,973
16710,934
16770,854
16830,672
16890,0
16950,0
17010,0
17070,0
17130,0
17190,0
17250,0
17310,0
17370,0
17430,0
17490,0
17550,0
17610,0
17670,0
17730,0
17790,666
17850,848
17910,929
17970,964
18030,974
18090,964
18150,920
18210,838
18270,656
18330,128
18390,0
18450,0
18510,0
18570,0
18630,0
18690,0
18750,0
18810,0
18870,0
18930,0
18990,0
19050,0
19110,0
19170,0
19230,635
19290,821
19350,905
19410,933
19470,952
19530,945
19590,920
19650,846
19710,680
19770,177
19830,0
19890,0
19950,0
20010,0
20070,0
20130,0
20190,0
20250,0
20310,0
20370,0
20430,0
20490,0
20550,0
20610,0
20670,206
20730,875
20790,945
20850,970
20910,980
20970,971
21030,928
21090,845
21150,408
21210,0
21270,0
21330,0
21390,0
21450,0
21510,0
21570,0
21630,0
21690,0
21750,0
21810,0
21870,0
21930,0
21990,0
22050,0
22110,636
22170,822
22230,904
22290,713
22350,572
22410,623
22470,664
22530,58
22590,299
22650,0
22710,0
22770,0
22830,0
22890,0
22950,0
23010,0
23070,0
23130,0
23190,0
23250,0
23310,0
23370,0
23430,0
23490,0
23550,578
23610,778
23670,868
23730,900
23790,919
23850,912
23910,903
23970,829
24030,664
24090,178
24150,0
24210,0
24270,0
24330,0
24390,0
24450,0
24510,0
24570,0
24630,0
24690,0
24750,0
24810,0
24870,0
24930,0
24990,660
25050,841
25110,922
25170,958
25230,971
25290,961
25350,924
25410,851
25470,691
25530,221
25590,0
25650,0
25710,0
25770,0
25830,0
25890,0
25950,0
26010,0
26070,0
26130,0
26190,0
26250,0
26310,0
26370,0
26430,718
26490,892
26550,970
26610,1005
26670,1018
26730,1010
26790,968
26850,900
26910,749
26970,287
27030,0
27090,0
27150,0
27210,0
27270,0
27330,0
27390,0
27450,0
27510,0
27570,0
27630,0
27690,0
27750,0
27810,0
27870,716
27930,888
27990,962
28050,995
28110,1005
28170,992
28230,541
28290,859
28350,367
28410,0
28470,0
28530,0
28590,0
28650,0
28710,0
28770,0
28830,0
28890,0
28950,0
29010,0
29070,0
29130,0
29190,0
29250,0
29310,188
29370,876
29430,959
29490,985
29550,999
29610,990
29670,953
29730,879
29790,723
29850,273
29910,0
29970,0
30030,0
30090,0
30150,0
30210,0
30270,0
30330,0
30390,0
30450,0
30510,0
30570,0
30630,0
30690,0
30750,653
30810,844
30870,929
30930,964
30990,977
31050,965
31110,926
31170,853
31230,257
31290,0
31350,0
31410,0
31470,0
31530,0
31590,0
31650,0
31710,0
31770,0
31830,0
31890,0
31950,0
32010,0
32070,0
32130,0
32190,0
32250,465
32310,443
32370,420
32430,968
32490,291
32550,0
32610,29
32670,24
32730,0
32790,0
32850,0
32910,0
32970,0
33030,0
33090,0
33150,0
33210,0
33270,0
33330,0
33390,0
33450,0
33510,0
33570,0
33630,643
33690,787
33750,382
33810,16
33870,364
33930,17
33990,920
34050,0
34110,310
34170,243
34230,0
34290,0
34350,0
34410,0
34470,0
34530,0
34590,0
34650,0
34710,0
34770,0
34830,0
34890,0
34950,0
35010,0
35070,652
35130,842
35190,930
35250,969
35310,985
35370,981
35430,950
35490,774
35550,744
35610,349
35670,0
35730,0
35790,0
35850,0
35910,0
35970,0
36030,0
36090,0
36150,0
36210,0
36270,0
36330,0
36390,0
36450,0
36510,11
36570,288
36630,541
36690,582
36750,603
36810,383
36870,548
36930,488
36990,356
37050,223
37110,0
37170,0
37230,0
37290,0
37350,0
37410,0
37470,0
37530,0
37590,0
37650,0
37710,0
37770,0
37830,0
37890,0
37950,0
38010,0
38070,0
38130,0
38190,0
38250,0
38310,817
38370,0
38430,0
38490,0
38550,0
38610,0
38670,0
38730,0
38790,0
38850,0
38910,0
38970,0
39030,0
39090,0
39150,0
39210,0
39270,0
39330,0
39390,685
39450,856
39510,941
39570,981
39630,994
39690,986
39750,937
39810,872
39870,733
39930,344
39990,0
40050,0
40110,0
40170,0
40230,0
40290,0
40350,0
40410,0
40470,0
40530,0
40590,0
40650,0
40710,0
40770,104
40830,649
40890,847
40950,936
41010,975
41070,992
41130,986
41190,945
41250,878
41310,733
41370,339
41430,0
41490,0
41550,0
41610,0
41670,0
41730,0
41790,0
41850,0
41910,0
41970,0
42030,0
42090,0
42150,0
42210,158
42270,621
42330,597
42390,915
42450,940
42510,954
42570,214
42630,911
42690,838
42750,678
42810,267
42870,0
42930,0
42990,0
43050,0
43110,0
43170,0
43230,0
43290,0
43350,0
43410,0
43470,0
43530,0
43590,0
43650,0
43710,773
43770,928
43830,998
43890,1017
43950,1030
44010,1023
44070,984
44130,922
44190,791
44250,311
44310,0
44370,0
44430,0
44490,0
44550,0
44610,0
44670,0
44730,0
44790,0
44850,0
44910,0
44970,0
45030,0
45090,0
45150,744
45210,905
45270,976
45330,1006
45390,1019
45450,1014
45510,986
45570,927
45630,800
45690,460
45750,0
45810,0
45870,0
45930,0
45990,0
46050,0
46110,0
46170,0
46230,0
46290,0
46350,0
46410,0
46470,0
46530,0
46590,754
46650,904
46710,969
46770,998
46830,1008
46890,1002
46950,968
47010,911
47070,788
47130,454
47190,0
47250,0
47310,0
47370,0
47430,0
47490,0
47550,0
47610,0
47670,0
47730,0
47790,0
47850,0
47910,0
47970,0
48030,11
48090,169
48150,0
48210,0
48270,0
48330,0
48390,0
48450,0
48510,0
48570,381
48630,0
48690,0
48750,0
48810,0
48870,0
48930,0
48990,0
49050,0
49110,0
49170,0
49230,0
49290,0
49350,0
49410,0
49470,632
49530,815
49590,905
49650,952
49710,103
49770,571
49830,429
49890,434
49950,650
50010,407
50070,0
50130,0
50190,0
50250,0
50310,0
50370,0
50430,0
50490,0
50550,0
50610,0
50670,0
50730,0
50790,0
50850,187
50910,678
50970,847
51030,924
51090,941
51150,952
51210,948
51270,22
51330,0
51390,0
51450,416
51510,0
51570,0
51630,0
51690,0
51750,0
51810,0
51870,0
51930,0
51990,0
52050,0
52110,0
52170,0
52230,0
52290,276
52350,756
52410,908
52470,980
52530,1011
52590,1024
52650,1018
52710,988
52770,928
52830,804
52890,493
52950,0
53010,0
53070,0
53130,0
53190,0
53250,0
53310,0
53370,0
53430,0
53490,0
53550,0
53610,0
53670,0
53730,316
53790,175
53850,901
53910,971
53970,996
54030,1008
54090,1002
54150,976
54210,914
54270,788
54330,477
54390,0
54450,0
54510,0
54570,0
54630,0
54690,0
54750,0
54810,0
54870,0
54930,0
54990,0
55050,0
55110,0
55170,355
55230,788
55290,930
55350,996
55410,1019
55470,1029
55530,1022
55590,996
55650,942
55710,829
55770,540
55830,0
55890,0
55950,0
56010,0
56070,0
56130,0
56190,0
56250,0
56310,0
56370,0
56430,0
56490,0
56550,0
56610,373
56670,789
56730,930
56790,995
56850,1026
56910,1037
56970,1031
57030,998
57090,940
57150,821
57210,521
57270,0
57330,0
57390,0
57450,0
57510,0
57570,0
57630,0
57690,0
57750,0
57810,0
57870,0
57930,0
57990,0
58050,324
58110,288
58170,889
58230,959
58290,990
58350,1002
58410,994
58470,965
58530,903
58590,777
58650,464
58710,0
58770,0
58830,0
58890,0
58950,0
59010,0
59070,0
59130,0
59190,0
59250,0
59310,0
59370,0
59430,0
59490,321
59550,739
59610,887
59670,957
59730,990
59790,1003
59850,998
59910,971
59970,914
60030,795
60090,501
60150,0
60210,0
60270,0
60330,0
60390,0
60450,0
60510,0
60570,0
60630,0
60690,0
60750,0
60810,0
60870,0
60930,372
60990,789
61050,931
61110,997
61170,1021
61230,1033
61290,1026
61350,998
61410,941
61470,824
61530,530
61590,0
61650,0
61710,0
61770,0
61830,0
61890,0
61950,0
62010,0
62070,0
62130,0
62190,0
62250,0
62310,0
62370,401
62430,801
62490,939
62550,1004
62610,1032
62670,1042
62730,1033
62790,1001
62850,944
62910,831
62970,556
63030,0
63090,0
63150,0
63210,0
63270,0
63330,0
63390,0
63450,0
63510,0
63570,0
63630,0
63690,0
63750,0
63810,408
63870,798
63930,932
63990,993
64050,1009
64110,1016
64170,1004
64230,975
64290,905
64350,351
64410,0
64470,0
64530,0
64590,0
64650,0
64710,0
64770,0
64830,0
64890,0
64950,0
65010,0
65070,0
65130,0
65190,0
65250,383
65310,779
65370,915
65430,977
65490,992
65550,1003
65610,998
65670,968
65730,911
65790,795
65850,527
65910,0
65970,0
66030,0
66090,0
66150,0
66210,0
66270,0
66330,0
66390,0
66450,0
66510,0
66570,0
66630,0
66690,292
66750,737
66810,879
66870,942
66930,972
66990,978
67050,122
67110,560
67170,601
67230,498
67290,154
67350,0
67410,0
67470,0
67530,0
67590,0
67650,0
67710,0
67770,0
67830,0
67890,0
67950,0
68010,0
68070,0
68130,393
68190,766
68250,900
68310,963
68370,986
68430,995
68490,987
68550,958
68610,900
68670,279
68730,503
68790,0
68850,0
68910,0
68970,0
69030,0
69090,0
69150,0
69210,0
69270,0
69330,0
69390,0
69450,0
69510,0
69570,0
69630,440
69690,465
69750,767
69810,659
69870,613
69930,565
69990,527
70050,185
70110,359
70170,241
70230,0
70290,0
70350,0
70410,0
70470,0
70530,0
70590,0
70650,0
70710,0
70770,0
70830,0
70890,0
70950,0
71010,352
71070,700
71130,848
71190,923
71250,935
71310,951
71370,949
71430,926
71490,871
71550,757
71610,476
71670,0
71730,0
71790,0
71850,0
71910,0
71970,0
72030,0
72090,0
72150,0
72210,0
72270,0
72330,0
72390,0
72450,0
72510,278
72570,427
72630,833
72690,299
72750,150
72810,4
72870,14
72930,0
72990,136
73050,193
73110,0
73170,0
73230,0
73290,0
73350,0
73410,0
73470,0
73530,0
73590,0
73650,0
73710,0
73770,0
73830,0
73890,158
73950,20
74010,807
74070,910
74130,619
74190,105
74250,950
74310,925
74370,864
74430,444
74490,322
74550,0
74610,0
74670,0
74730,0
74790,0
74850,0
74910,0
74970,0
75030,0
75090,0
75150,0
75210,0
75270,0
75330,0
75390,174
75450,742
75510,892
75570,923
75630,508
75690,519
75750,170
75810,662
75870,571
75930,0
75990,0
76050,0
76110,0
76170,0
76230,0
76290,0
76350,0
76410,0
76470,0
76530,0
76590,0
76650,0
76710,0
76770,0
76830,313
76890,680
76950,0
77010,0
77070,308
77130,916
77190,352
77250,421
77310,460
77370,257
77430,0
77490,0
77550,0
77610,0
77670,0
77730,0
77790,0
77850,0
77910,0
77970,0
78030,0
78090,0
78150,0
78210,0
78270,0
78330,127
78390,128
78450,385
78510,16
78570,0
78630,0
78690,2
78750,0
78810,110
78870,0
78930,0
78990,0
79050,0
79110,0
79170,0
79230,0
79290,0
79350,0
79410,0
79470,0
79530,0
79590,0
79650,371
79710,712
79770,853
79830,926
79890,945
79950,960
80010,956
80070,931
80130,869
80190,749
80250,497
80310,0
80370,0
80430,0
80490,0
80550,0
80610,0
80670,0
80730,0
80790,0
80850,0
80910,0
80970,0
81030,0
81090,415
81150,750
81210,884
81270,644
81330,989
81390,999
81450,990
81510,961
81570,901
81630,786
81690,513
81750,0
81810,0
81870,0
81930,0
81990,0
82050,0
82110,0
82170,0
82230,0
82290,0
82350,0
82410,0
82470,0
82530,0
82590,0
82650,9
82710,25
82770,61
82830,35
82890,17
82950,3
83010,34
83070,0
83130,0
83190,0
83250,0
83310,0
83370,0
83430,0
83490,0
83550,0
83610,0
83670,0
83730,0
83790,0
83850,0
83910,0
83970,376
84030,744
84090,887
84150,953
84210,955
84270,964
84330,0
84390,0
84450,486
84510,374
84570,569
84630,0
84690,0
84750,0
84810,0
84870,0
84930,0
84990,0
85050,0
85110,0
85170,0
85230,0
85290,0
85350,0
85410,516
85470,811
85530,930
85590,990
85650,1001
85710,1012
85770,1006
85830,978
85890,928
85950,829
86010,612
86070,0
86130,0
86190,0
86250,0
86310,0
86370,0
86430,0
86490,0
86550,0
86610,0
86670,0
86730,0
86790,0
86850,540
86910,823
86970,936
87030,992
87090,1013
87150,1020
87210,1011
87270,981
87330,926
87390,497
87450,586
87510,0
87570,0
87630,0
87690,0
87750,0
87810,0
87870,0
87930,0
87990,0
88050,0
88110,0
88170,0
88230,0
88290,477
88350,673
88410,875
88470,928
88530,377
88590,488
88650,558
88710,592
88770,281
88830,627
88890,475
88950,0
89010,0
89070,0
89130,0
89190,0
89250,0
89310,0
89370,0
89430,0
89490,0
89550,0
89610,0
89670,0
89730,0
89790,301
89850,294
89910,211
89970,592
90030,161
90090,8
90150,93
90210,237
90270,329
90330,0
90390,0
90450,0
90510,0
90570,0
90630,0
90690,0
90750,0
90810,0
90870,0
90930,0
90990,0
91050,0
91110,0
91170,6
91230,0
91290,52
91350,437
91410,606
91470,251
91530,160
91590,44
91650,78
91710,0
91770,7
91830,0
91890,0
91950,0
92010,0
92070,0
92130,0
92190,0
92250,0
92310,0
92370,0
92430,0
92490,0
92550,0
92610,0
92670,0
92730,114
92790,196
92850,18
92910,80
92970,8
93030,25
93090,127
93150,94
93210,171
93270,0
93330,0
93390,0
93450,0
93510,0
93570,0
93630,0
93690,0
93750,0
93810,0
93870,0
93930,0
93990,0
94050,507
94110,780
94170,897
94230,955
94290,685
94350,976
94410,961
94470,926
94530,860
94590,743
94650,521
94710,0
94770,0
94830,0
94890,0
94950,0
95010,0
95070,0
95130,0
95190,0
95250,0
95310,0
95370,0
95430,0
95490,225
95550,278
95610,671
95670,724
95730,547
95790,537
95850,217
95910,74
95970,7
96030,0
96090,0
96150,0
96210,0
96270,0
96330,0
96390,0
96450,0
96510,0
96570,0
96630,0
96690,0
96750,0
96810,0
96870,0
96930,0
96990,50
97050,166
97110,49
97170,74
97230,9
97290,11
97350,69
97410,860
97470,760
97530,531
97590,0
97650,0
97710,0
97770,0
97830,0
97890,0
97950,0
98010,0
98070,0
98130,0
98190,0
98250,0
98310,0
98370,518
98430,367
98490,891
98550,952
98610,976
98670,988
98730,981
98790,948
98850,892
98910,785
98970,554
99030,0
99090,0
99150,0
99210,0
99270,0
99330,0
99390,0
99450,0
99510,0
99570,0
99630,0
99690,0
99750,0
99810,478
99870,739
99930,855
99990,913
100050,936
100110,941
100170,931
100230,94
100290,844
100350,733
100410,492
100470,0
100530,0
100590,0
100650,0
100710,0
100770,0
100830,0
100890,0
100950,0
101010,0
101070,0
101130,0
101190,0
101250,509
101310,760
101370,872
101430,929
101490,949
101550,952
101610,941
101670,904
101730,835
101790,708
101850,466
101910,0
101970,0
102030,0
102090,0
102150,0
102210,0
102270,0
102330,0
102390,0
102450,0
102510,0
102570,0
102630,0
102690,421
102750,691
102810,818
102870,887
102930,927
102990,940
103050,937
103110,906
103170,849
103230,741
103290,503
103350,0
103410,0
103470,0
103530,0
103590,0
103650,0
103710,0
103770,0
103830,0
103890,0
103950,0
104010,0
104070,0
104130,0
104190,667
104250,112
104310,219
104370,46
104430,645
104490,548
104550,463
104610,546
104670,683
104730,455
104790,0
104850,0
104910,0
104970,0
105030,0
105090,0
105150,0
105210,0
105270,0
105330,0
105390,0
105450,0
105510,0
105570,428
105630,685
105690,815
105750,885
105810,928
105870,935
105930,928
105990,909
106050,854
106110,745
106170,514
106230,0
106290,0
106350,0
106410,0
106470,0
106530,0
106590,0
106650,0
106710,0
106770,0
106830,0
106890,0
106950,0
107010,550
107070,785
107130,891
107190,947
107250,973
107310,983
107370,978
107430,943
107490,885
107550,771
107610,540
107670,0
107730,0
107790,0
107850,0
107910,0
107970,0
108030,0
108090,0
108150,0
108210,0
108270,0
108330,0
108390,0
108450,320
108510,808
108570,913
108630,968
108690,987
108750,996
108810,989
108870,957
108930,905
108990,808
109050,596
109110,0
109170,0
109230,0
109290,0
109350,0
109410,0
109470,0
109530,0
109590,0
109650,0
109710,0
109770,0
109830,0
109890,579
109950,523
110010,917
110070,970
110130,996
110190,1004
110250,996
110310,967
110370,917
110430,821
110490,615
110550,0
110610,0
110670,0
110730,0
110790,0
110850,0
110910,0
110970,0
111030,0
111090,0
111150,0
111210,0
111270,0
111330,320
111390,819
111450,912
111510,958
111570,970
111630,972
111690,674
111750,531
111810,322
111870,528
111930,520
111990,0
112050,0
112110,0
112170,0
112230,0
112290,0
112350,0
112410,0
112470,0
112530,0
112590,0
112650,0
112710,0
112770,0
112830,0
112890,741
112950,488
113010,810
113070,241
113130,154
113190,131
113250,509
113310,749
113370,288
113430,0
113490,0
113550,0
113610,0
113670,0
113730,0
113790,0
113850,0
113910,0
113970,0
114030,0
114090,0
114150,0
114210,538
114270,757
114330,868
114390,917
114450,929
114510,935
114570,933
114630,908
114690,857
114750,624
114810,340
114870,0
114930,0
114990,0
115050,0
115110,0
115170,0
115230,0
115290,0
115350,0
115410,0
115470,0
115530,0
115590,0
115650,0
115710,712
115770,651
115830,942
115890,974
115950,982
116010,979
116070,954
116130,911
116190,824
116250,626
116310,0
116370,0
116430,0
116490,0
116550,0
116610,0
116670,0
116730,0
116790,0
116850,0
116910,0
116970,0
117030,0
117090,571
117150,797
117210,904
117270,962
117330,981
117390,989
117450,980
117510,935
117570,865
117630,736
117690,493
117750,0
117810,0
117870,0
117930,0
117990,0
118050,0
118110,0
118170,0
118230,0
118290,0
118350,0
118410,0
118470,0
118530,562
118590,783
118650,889
118710,943
118770,956
118830,958
118890,946
118950,931
119010,870
119070,758
119130,545
119190,0
119250,0
119310,0
119370,0
119430,0
119490,0
119550,0
119610,0
119670,0
119730,0
119790,0
119850,0
119910,39
119970,571
120030,779
120090,877
120150,928
120210,953
120270,955
120330,937
120390,897
120450,832
120510,717
120570,488
120630,18
120690,0
120750,0
120810,0
120870,0
120930,0
120990,0
121050,0
121110,0
121170,0
121230,0
121290,0
121350,54
121410,577
121470,787
121530,887
121590,940
121650,945
121710,950
121770,933
121830,898
121890,835
121950,721
122010,482
122070,13
122130,0
122190,0
122250,0
122310,0
122370,0
122430,0
122490,0
122550,0
122610,0
122670,0
122730,0
122790,119
122850,670
122910,857
122970,945
123030,993
123090,1016
123150,1023
123210,1014
123270,980
123330,929
123390,831
123450,627
123510,79
123570,0
123630,0
123690,0
123750,0
123810,0
123870,0
123930,0
123990,0
124050,0
124110,0
124170,0
124230,121
124290,632
124350,819
124410,910
124470,959
124530,977
124590,987
124650,980
124710,953
124770,905
124830,814
124890,622
124950,93
125010,0
125070,0
125130,0
125190,0
125250,0
125310,0
125370,0
125430,0
125490,0
125550,0
125610,0
125670,0
125730,641
125790,783
125850,713
125910,902
125970,666
126030,956
126090,964
126150,939
126210,629
126270,785
126330,423
126390,0
126450,0
126510,0
126570,0
126630,0
126690,0
126750,0
126810,0
126870,0
126930,0
126990,0
127050,0
127110,66
127170,522
127230,724
127290,825
127350,879
127410,872
127470,878
127530,874
127590,833
127650,730
127710,598
127770,385
127830,9
127890,0
127950,0
128010,0
128070,0
128130,0
128190,0
128250,0
128310,0
128370,0
128430,0
128490,0
128550,81
128610,549
128670,752
128730,854
128790,909
128850,949
128910,956
128970,946
129030,915
129090,856
129150,749
129210,647
129270,156
129330,0
129390,0
129450,0
129510,0
129570,0
129630,0
129690,0
129750,0
129810,0
129870,0
129930,0
129990,217
130050,669
130110,837
130170,920
130230,966
130290,978
130350,986
130410,978
130470,953
130530,907
130590,821
130650,642
130710,149
130770,0
130830,0
130890,0
130950,0
131010,0
131070,0
131130,0
131190,0
131250,0
131310,0
131370,0
131430,189
131490,635
131550,814
131610,905
131670,957
131730,983
131790,990
131850,981
131910,943
131970,890
132030,420
132090,488
132150,0
132210,0
132270,0
132330,0
132390,0
132450,0
132510,0
132570,0
132630,0
132690,0
132750,0
132810,0
132870,120
132930,395
132990,842
133050,927
133110,972
133170,959
133230,968
133290,962
133350,926
133410,873
133470,513
133530,130
133590,0
133650,0
133710,0
133770,0
133830,0
133890,0
133950,0
134010,0
134070,0
134130,0
134190,0
134250,0
134310,144
134370,587
134430,785
134490,887
134550,949
134610,986
134670,1002
134730,1001
134790,967
134850,925
134910,842
134970,671
135030,186
135090,0
135150,0
135210,0
135270,0
135330,0
135390,0
135450,0
135510,0
135570,0
135630,0
135690,0
135750,273
135810,690
135870,840
135930,912
135990,956
136050,962
136110,973
136170,965
136230,908
136290,457
136350,670
136410,538
136470,0
136530,0
136590,0
136650,0
136710,0
136770,0
136830,0
136890,0
136950,0
137010,0
137070,0
137130,0
137190,0
137250,418
137310,440
137370,500
137430,75
137490,53
137550,15
137610,13
137670,9
137730,0
137790,0
137850,0
137910,0
137970,0
138030,0
138090,0
138150,0
138210,0
138270,0
138330,0
138390,0
138450,0
138510,0
138570,0
138630,188
138690,116
138750,822
138810,901
138870,945
138930,964
138990,967
139050,953
139110,919
139170,867
139230,772
139290,384
139350,0
139410,0
139470,0
139530,0
139590,0
139650,0
139710,0
139770,0
139830,0
139890,0
139950,0
140010,0
140070,278
140130,677
140190,830
140250,901
140310,937
140370,942
140430,669
140490,475
140550,478
140610,871
140670,783
140730,600
140790,146
140850,0
140910,0
140970,0
141030,0
141090,0
141150,0
141210,0
141270,0
141330,0
141390,0
141450,0
141510,0
141570,37
141630,0
141690,0
141750,0
141810,46
141870,32
141930,14
141990,10
142050,8
142110,0
142170,0
142230,0
142290,0
142350,0
142410,0
142470,0
142530,0
142590,0
142650,0
142710,0
142770,0
142830,0
142890,0
142950,343
143010,327
143070,856
143130,865
143190,504
143250,878
143310,837
143370,811
143430,897
143490,835
143550,755
143610,596
143670,148
143730,0
143790,0
143850,0
143910,0
143970,0
144030,0
144090,0
144150,0
144210,0
144270,0
144330,0
144390,374
144450,743
144510,884
144570,953
144630,992
144690,1010
144750,1016
144810,1007
144870,966
144930,923
144990,837
145050,744
145110,107
145170,0
145230,0
145290,0
145350,0
145410,0
145470,0
145530,0
145590,0
145650,0
145710,0
145770,0
145830,161
145890,598
145950,880
146010,920
146070,970
146130,974
146190,978
146250,969
146310,926
146370,867
146430,770
146490,601
146550,181
146610,0
146670,0
146730,0
146790,0
146850,0
146910,0
146970,0
147030,0
147090,0
147150,0
147210,0
147270,303
147330,663
147390,820
147450,901
147510,942
147570,952
147630,956
147690,946
147750,925
147810,869
147870,771
147930,586
147990,149
148050,0
148110,0
148170,0
148230,0
148290,0
148350,0
148410,0
148470,0
148530,0
148590,0
148650,0
148710,201
148770,580
148830,760
148890,862
148950,916
149010,906
149070,908
149130,903
149190,868
149250,825
149310,736
149370,560
149430,140
149490,0
149550,0
149610,0
149670,0
149730,0
149790,0
149850,0
149910,0
149970,0
150030,0
150090,0
150150,312
150210,670
150270,822
150330,903
150390,948
150450,939
150510,954
150570,953
150630,929
150690,883
150750,797
150810,627
150870,203
150930,0
150990,0
151050,0
151110,0
151170,0
151230,0
151290,0
151350,0
151410,0
151470,0
151530,0
151590,376
151650,712
151710,851
151770,925
151830,967
151890,983
151950,989
152010,981
152070,926
152130,879
152190,795
152250,627
152310,217
152370,0
152430,0
152490,0
152550,0
152610,0
152670,0
152730,0
152790,0
152850,0
152910,0
152970,0
153030,325
153090,648
153150,792
153210,868
153270,908
153330,903
153390,908
153450,902
153510,916
153570,868
153630,783
153690,614
153750,204
153810,0
153870,0
153930,0
153990,0
154050,0
154110,0
154170,0
154230,0
154290,0
154350,0
154410,0
154470,254
154530,686
154590,829
154650,903
154710,946
154770,973
154830,982
154890,976
154950,940
155010,888
155070,798
155130,628
155190,225
155250,0
155310,0
155370,0
155430,0
155490,0
155550,0
155610,0
155670,0
155730,0
155790,0
155850,0
155910,358
155970,675
156030,817
156090,890
156150,930
156210,892
156270,898
156330,673
156390,509
156450,596
156510,545
156570,95
156630,82
156690,0
156750,0
156810,0
156870,0
156930,0
156990,0
157050,0
157110,0
157170,0
157230,0
157290,0
157350,316
157410,639
157470,790
157530,870
157590,915
157650,935
157710,939
157770,930
157830,924
157890,880
157950,570
158010,182
158070,58
158130,0
158190,0
158250,0
158310,0
158370,0
158430,0
158490,0
158550,0
158610,0
158670,0
158730,0
158790,421
158850,717
158910,849
158970,920
159030,959
159090,957
159150,958
159210,941
159270,914
159330,870
159390,789
159450,625
159510,234
159570,0
159630,0
159690,0
159750,0
159810,0
159870,0
159930,0
159990,0
160050,0
160110,0
160170,0
160230,395
160290,698
160350,834
160410,905
160470,945
160530,949
160590,955
160650,950
160710,917
160770,872
160830,792
160890,642
160950,37
161010,0
161070,0
161130,0
161190,0
161250,0
161310,0
161370,0
161430,0
161490,0
161550,0
161610,0
161670,389
161730,675
161790,434
161850,750
161910,245
161970,920
162030,889
162090,484
162150,78
162210,5
162270,105
162330,368
162390,126
162450,0
162510,0
162570,0
162630,0
162690,0
162750,0
162810,0
162870,0
162930,0
162990,0
163050,0
163110,351
163170,644
163230,782
163290,857
163350,900
163410,898
163470,890
163530,877
163590,864
163650,775
163710,313
163770,37
163830,5
163890,0
163950,0
164010,0
164070,0
164130,0
164190,0
164250,0
164310,0
164370,0
164430,0
164490,0
164550,251
164610,456
164670,583
164730,820
164790,869
164850,873
164910,863
164970,854
165030,776
165090,725
165150,625
165210,443
165270,99
165330,0
165390,0
165450,0
165510,0
165570,0
165630,0
165690,0
165750,0
165810,0
165870,0
165930,0
165990,393
166050,685
166110,818
166170,888
166230,928
166290,910
166350,910
166410,904
166470,929
166530,881
166590,778
166650,590
166710,189
166770,0
166830,0
166890,0
166950,0
167010,0
167070,0
167130,0
167190,0
167250,0
167310,0
167370,0
167430,536
167490,790
167550,901
167610,958
167670,989
167730,997
167790,999
167850,992
167910,949
167970,906
168030,834
168090,692
168150,353
168210,0
168270,0
168330,0
168390,0
168450,0
168510,0
168570,0
168630,0
168690,0
168750,0
168810,0
168870,513
168930,764
168990,876
169050,934
169110,963
169170,960
169230,961
169290,946
169350,887
169410,833
169470,715
169530,542
169590,230
169650,0
169710,0
169770,0
169830,0
169890,0
169950,0
170010,0
170070,0
170130,0
170190,0
170250,0
170310,504
170370,771
170430,893
170490,953
170550,985
170610,1002
170670,1000
170730,982
170790,921
170850,878
170910,801
170970,649
171030,294
171090,0
171150,0
171210,0
171270,0
171330,0
171390,0
171450,0
171510,0
171570,0
171630,0
171690,0
171750,384
171810,675
171870,805
171930,874
171990,913
172050,918
172110,904
172170,887
172230,857
172290,823
172350,733
172410,622
172470,255
172530,0
172590,0
172650,0
172710,0
172770,0
172830,0
172890,0
172950,0
173010,0
173070,0
173130,0
173190,295
173250,657
173310,793
173370,867
173430,908
173490,925
173550,936
173610,932
173670,887
173730,849
173790,770
173850,615
173910,273
173970,0
174030,0
174090,0
174150,0
174210,0
174270,0
174330,0
174390,0
174450,0
174510,0
174570,0
174630,512
174690,757
174750,870
174810,933
174870,969
174930,960
174990,966
175050,958
175110,962
175170,921
175230,849
175290,710
175350,382
175410,0
175470,0
175530,0
175590,0
175650,0
175710,0
175770,0
175830,0
175890,0
175950,0
176010,0
176070,537
176130,772
176190,881
176250,941
176310,975
176370,1002
176430,1007
176490,1000
176550,951
176610,906
176670,829
176730,682
176790,344
176850,0
176910,0
176970,0
177030,0
177090,0
177150,0
177210,0
177270,0
177330,0
177390,0
177450,0
177510,474
177570,732
177630,853
177690,918
177750,954
177810,962
177870,963
177930,951
177990,921
178050,872
178110,786
178170,623
178230,270
178290,0
178350,0
178410,0
178470,0
178530,0
178590,0
178650,0
178710,0
178770,0
178830,0
178890,0
178950,417
179010,678
179070,806
179130,876
179190,914
179250,952
179310,954
179370,946
179430,923
179490,881
179550,799
179610,665
179670,360
179730,0
179790,0
179850,0
179910,0
179970,0
180030,0
180090,0
180150,0
180210,0
180270,0
180330,0
180390,549
180450,768
180510,871
180570,929
180630,960
180690,970
180750,967
180810,948
180870,898
180930,151
180990,723
181050,299
181110,0
181170,0
181230,0
181290,0
181350,0
181410,0
181470,0
181530,0
181590,0
181650,0
181710,0
181770,0
181830,338
181890,611
181950,754
182010,78
182070,58
182130,918
182190,918
182250,900
182310,879
182370,832
182430,748
182490,587
182550,244
182610,0
182670,0
182730,0
182790,0
182850,0
182910,0
182970,0
183030,0
183090,0
183150,0
183210,0
183270,368
183330,633
183390,768
183450,692
183510,873
183570,921
183630,911
183690,577
183750,603
183810,497
183870,169
183930,566
183990,13
184050,0
184110,0
184170,0
184230,0
184290,0
184350,0
184410,0
184470,0
184530,0
184590,0
184650,0
184710,453
184770,694
184830,814
184890,883
184950,923
185010,937
185070,689
185130,745
185190,452
185250,651
185310,533
185370,662
185430,345
185490,0
185550,0
185610,0
185670,0
185730,0
185790,0
185850,0
185910,0
185970,0
186030,0
186090,0
186150,502
186210,733
186270,845
186330,906
186390,942
186450,965
186510,969
186570,959
186630,926
186690,881
186750,801
186810,659
186870,352
186930,0
186990,0
187050,0
187110,0
187170,0
187230,0
187290,0
187350,0
187410,0
187470,0
187530,0
187590,442
187650,698
187710,824
187770,891
187830,923
187890,878
187950,876
188010,861
188070,896
188130,855
188190,777
188250,634
188310,321
188370,0
188430,0
188490,0
188550,0
188610,0
188670,0
188730,0
188790,0
188850,0
188910,0
188970,0
189030,502
189090,733
189150,851
189210,917
189270,954
189330,989
189390,994
189450,986
189510,954
189570,911
189630,833
189690,689
189750,373
189810,0
189870,0
189930,0
189990,0
190050,0
190110,0
190170,0
190230,0
190290,0
190350,0
190410,0
190470,529
190530,753
190590,863
190650,925
190710,961
190770,967
190830,970
190890,961
190950,930
191010,888
191070,812
191130,669
191190,360
191250,0
191310,0
191370,0
191430,0
191490,0
191550,0
191610,0
191670,0
191730,0
191790,0
191850,0
191910,518
191970,742
192030,850
192090,911
192150,947
192210,974
192270,983
192330,977
192390,928
192450,888
192510,817
192570,681
192630,376
192690,0
192750,0
192810,0
192870,0
192930,0
192990,0
193050,0
193110,0
193170,0
193230,0
193290,0
193350,446
193410,689
193470,815
193530,887
193590,931
193650,964
193710,969
193770,961
193830,908
193890,863
193950,786
194010,647
194070,354
194130,0
194190,0
194250,0
194310,0
194370,0
194430,0
194490,0
194550,0
194610,0
194670,0
194730,0
194790,499
194850,720
194910,829
194970,891
195030,929
195090,959
195150,963
195210,955
195270,930
195330,887
195390,812
195450,672
195510,371
195570,0
195630,0
195690,0
195750,0
195810,0
195870,0
195930,0
195990,0
196050,0
196110,0
196170,0
196230,536
196290,704
196350,821
196410,662
196470,925
196530,946
196590,949
196650,939
196710,874
196770,814
196830,714
196890,546
196950,248
197010,0
197070,0
197130,0
197190,0
197250,0
197310,0
197370,0
197430,0
197490,0
197550,0
197610,0
197670,410
197730,463
197790,688
197850,922
197910,688
197970,765
198030,752
198090,653
198150,638
198210,825
198270,373
198330,253
198390,343
198450,0
198510,0
198570,0
198630,0
198690,0
198750,0
198810,0
198870,0
198930,0
198990,0
199050,0
199110,553
199170,768
199230,874
199290,933
199350,967
199410,995
199470,994
199530,982
199590,920
199650,867
199710,495
199770,319
199830,335
199890,0
199950,0
200010,0
200070,0
200130,0
200190,0
200250,0
200310,0
200370,0
200430,0
200490,0
200550,301
200610,794
200670,891
200730,944
200790,974
200850,932
200910,942
200970,941
201030,893
201090,857
201150,294
201210,268
201270,123
201330,0
201390,0
201450,0
201510,0
201570,0
201630,0
201690,0
201750,0
201810,0
201870,0
201930,0
201990,472
202050,667
202110,856
202170,909
202230,938
202290,956
202350,955
202410,941
202470,903
202530,858
202590,785
202650,655
202710,379
202770,0
202830,0
202890,0
202950,0
203010,0
203070,0
203130,0
203190,0
203250,0
203310,0
203370,0
203430,542
203490,749
203550,851
203610,908
203670,940
203730,953
203790,957
203850,949
203910,919
203970,879
204030,808
204090,674
204150,392
204210,0
204270,0
204330,0
204390,0
204450,0
204510,0
204570,0
204630,0
204690,0
204750,0
204810,0
204870,0
204930,121
204990,825
205050,889
205110,925
205170,940
205230,947
205290,940
205350,918
205410,877
205470,804
205530,670
205590,391
205650,0
205710,0
205770,0
205830,0
205890,0
205950,0
206010,0
206070,0
206130,0
206190,0
206250,0
206310,454
206370,672
206430,785
206490,853
206550,893
206610,914
206670,921
206730,913
206790,860
206850,543
206910,723
206970,570
207030,291
207090,0
207150,0
207210,0
207270,0
207330,0
207390,0
207450,0
207510,0
207570,0
207630,0
207690,0
207750,0
207810,471
207870,627
207930,749
207990,815
208050,822
208110,31
208170,499
208230,447
208290,545
208350,166
208410,598
208470,347
208530,0
208590,0
208650,0
208710,0
208770,0
208830,0
208890,0
208950,0
209010,0
209070,0
209130,46
209190,493
209250,700
209310,808
209370,871
209430,909
209490,936
209550,945
209610,943
209670,908
209730,869
209790,799
209850,672
209910,409
209970,0
210030,0
210090,0
210150,0
210210,0
210270,0
210330,0
210390,0
210450,0
210510,0
210570,25
210630,410
210690,629
210750,749
210810,820
210870,862
210930,856
210990,867
211050,861
211110,826
211170,780
211230,698
211290,557
211350,220
211410,0
211470,0
211530,0
211590,0
211650,0
211710,0
211770,0
211830,0
211890,0
211950,0
212010,0
212070,396
212130,155
212190,113
212250,339
212310,499
212370,618
212430,916
212490,892
212550,485
212610,674
212670,663
212730,481
212790,142
212850,0
212910,0
212970,0
213030,0
213090,0
213150,0
213210,0
213270,0
213330,0
213390,0
213450,0
213510,0
213570,464
213630,101
213690,6
213750,136
213810,15
213870,17
213930,0
213990,11
214050,453
214110,656
214170,534
214230,310
214290,0
214350,0
214410,0
214470,0
214530,0
214590,0
214650,0
214710,0
214770,0
214830,0
214890,68
214950,523
215010,724
215070,824
215130,879
215190,909
215250,924
215310,926
215370,917
215430,876
215490,828
215550,749
215610,614
215670,363
215730,0
215790,0
215850,0
215910,0
215970,0
216030,0
216090,0
216150,0
216210,0
216270,0
216330,70
216390,530
216450,732
216510,837
216570,896
216630,930
216690,952
216750,959
216810,954
216870,919
216930,884
216990,821
217050,695
217110,445
217170,0
217230,0
217290,0
217350,0
217410,0
217470,0
217530,0
217590,0
217650,0
217710,0
217770,44
217830,522
217890,729
217950,833
218010,889
218070,921
218130,929
218190,930
218250,919
218310,900
218370,856
218430,782
218490,662
218550,404
218610,0
218670,0
218730,0
218790,0
218850,0
218910,0
218970,0
219030,0
219090,0
219150,0
219210,109
219270,606
219330,796
219390,898
219450,952
219510,982
219570,991
219630,992
219690,980
219750,959
219810,915
219870,845
219930,728
219990,476
220050,0
220110,0
220170,0
220230,0
220290,0
220350,0
220410,0
220470,0
220530,0
220590,0
220650,57
220710,476
220770,685
220830,822
220890,890
220950,928
221010,948
221070,951
221130,941
221190,921
221250,882
221310,815
221370,689
221430,438
221490,0
221550,0
221610,0
221670,0
221730,0
221790,0
221850,0
221910,0
221970,0
222030,0
222090,96
222150,588
222210,781
222270,885
222330,937
222390,966
222450,958
222510,963
222570,956
222630,939
222690,898
222750,830
222810,700
222870,444
222930,0
222990,0
223050,0
223110,0
223170,0
223230,0
223290,0
223350,0
223410,0
223470,0
223530,70
223590,554
223650,753
223710,853
223770,912
223830,946
223890,964
223950,969
224010,963
224070,944
224130,908
224190,845
224250,731
224310,490
224370,0
224430,0
224490,0
224550,0
224610,0
224670,0
224730,0
224790,0
224850,0
224910,0
224970,97
225030,589
225090,782
225150,882
225210,937
225270,969
225330,977
225390,982
225450,976
225510,958
225570,923
225630,861
225690,754
225750,521
225810,0
225870,0
225930,0
225990,0
226050,0
226110,0
226170,0
226230,0
226290,0
226350,0
226410,104
226470,597
226530,788
226590,885
226650,939
226710,970
226770,985
226830,990
226890,983
226950,966
227010,931
227070,871
227130,767
227190,540
227250,0
227310,0
227370,0
227430,0
227490,0
227550,0
227610,0
227670,0
227730,0
227790,0
227850,108
227910,581
227970,769
228030,863
228090,913
228150,940
228210,942
228270,943
228330,933
228390,913
228450,868
228510,790
228570,665
228630,422
228690,0
228750,0
228810,0
228870,0
228930,0
228990,0
229050,0
229110,0
229170,0
229230,0
229290,81
229350,538
229410,735
229470,844
229530,902
229590,936
229650,952
229710,957
229770,949
229830,937
229890,900
229950,835
230010,731
230070,496
230130,0
230190,0
230250,0
230310,0
230370,0
230430,0
230490,0
230550,0
230610,0
230670,0
230730,96
230790,567
230850,760
230910,863
230970,916
231030,946
231090,955
231150,957
231210,947
231270,928
231330,888
231390,819
231450,705
231510,464
231570,0
231630,0
231690,0
231750,0
231810,0
231870,0
231930,0
231990,0
232050,0
232110,0
232170,76
232230,425
232290,705
232350,806
232410,855
232470,883
232530,891
232590,523
232650,897
232710,881
232770,572
232830,578
232890,350
232950,236
233010,0
233070,0
233130,0
233190,0
233250,0
233310,0
233370,0
233430,0
233490,0
233550,0
233610,132
233670,604
233730,778
233790,866
233850,916
233910,945
233970,960
234030,958
234090,941
234150,912
234210,870
234270,806
234330,689
234390,452
234450,0
234510,0
234570,0
234630,0
234690,0
234750,0
234810,0
234870,0
234930,0
234990,0
235050,53
235110,515
235170,720
235230,838
235290,897
235350,927
235410,933
235470,934
235530,922
235590,906
235650,861
235710,790
235770,674
235830,435
235890,0
235950,0
236010,0
236070,0
236130,0
236190,0
236250,0
236310,0
236370,0
236430,0
236490,54
236550,541
236610,743
236670,853
236730,911
236790,945
236850,968
236910,972
236970,966
237030,948
237090,912
237150,850
237210,739
237270,510
237330,0
237390,0
237450,0
237510,0
237570,0
237630,0
237690,0
237750,0
237810,0
237870,0
237930,91
237990,585
238050,778
238110,877
238170,932
238230,964
238290,982
238350,986
238410,979
238470,960
238530,925
238590,865
238650,762
238710,543
238770,0
238830,0
238890,0
238950,0
239010,0
239070,0
239130,0
239190,0
239250,0
239310,0
239370,99
239430,571
239490,758
239550,855
239610,907
239670,938
239730,956
239790,962
239850,958
239910,945
239970,912
240030,855
240090,754
240150,543
240210,0
240270,0
240330,0
240390,0
240450,0
240510,0
240570,0
240630,0
240690,0
240750,0
240810,0
240870,330
240930,685
240990,790
241050,842
241110,630
241170,347
241230,565
241290,881
241350,866
241410,545
241470,0
241530,138
241590,482
241650,0
241710,0
241770,0
241830,0
241890,0
241950,0
242010,0
242070,0
242130,0
242190,0
242250,56
242310,494
242370,695
242430,802
242490,861
242550,897
242610,915
242670,922
242730,916
242790,895
242850,858
242910,795
242970,680
243030,450
243090,0
243150,0
243210,0
243270,0
243330,0
243390,0
243450,0
243510,0
243570,0
243630,0
243690,37
243750,443
243810,651
243870,755
243930,823
243990,861
244050,872
244110,876
244170,866
244230,847
244290,811
244350,749
244410,633
244470,400
244530,0
244590,0
244650,0
244710,0
244770,0
244830,0
244890,0
244950,0
245010,0
245070,0
245130,0
245190,362
245250,578
245310,551
245370,500
245430,812
245490,821
245550,825
245610,815
245670,807
245730,577
245790,619
245850,0
245910,0
245970,0
246030,0
246090,0
246150,0
246210,0
246270,0
246330,0
246390,0
246450,0
246510,0
246570,42
246630,442
246690,638
246750,761
246810,820
246870,856
246930,878
246990,883
247050,874
247110,851
247170,813
247230,540
247290,275
247350,0
247410,0
247470,0
247530,0
247590,0
247650,0
247710,0
247770,0
247830,0
247890,0
247950,0
248010,0
248070,0
248130,374
248190,731
248250,798
248310,838
248370,857
248430,862
248490,851
248550,815
248610,761
248670,684
248730,0
248790,0
248850,0
248910,0
248970,0
249030,0
249090,0
249150,0
249210,0
249270,0
249330,0
249390,0
249450,0
249510,386
249570,631
249630,768
249690,830
249750,866
249810,902
249870,587
249930,892
249990,849
250050,810
250110,749
250170,644
250230,212
250290,0
250350,0
250410,0
250470,0
250530,0
250590,0
250650,0
250710,0
250770,0
250830,0
250890,62
250950,507
251010,706
251070,822
251130,877
251190,907
251250,926
251310,492
251370,415
251430,387
251490,656
251550,470
251610,419
251670,411
251730,0
251790,0
251850,0
251910,0
251970,0
252030,0
252090,0
252150,0
252210,0
252270,0
252330,38
252390,448
252450,191
252510,317
252570,14
252630,112
252690,33
252750,15
252810,0
252870,12
252930,13
252990,0
253050,0
253110,94
253170,0
253230,0
253290,0
253350,0
253410,0
253470,0
253530,0
253590,0
253650,0
253710,0
253770,68
253830,522
253890,718
253950,822
254010,879
254070,913
254130,936
254190,942
254250,936
254310,16
254370,888
254430,829
254490,730
254550,523
254610,0
254670,0
254730,0
254790,0
254850,0
254910,0
254970,0
255030,0
255090,0
255150,0
255210,70
255270,534
255330,725
255390,802
255450,883
255510,574
255570,934
255630,627
255690,930
255750,913
255810,878
255870,817
255930,713
255990,503
256050,0
256110,0
256170,0
256230,0
256290,0
256350,0
256410,0
256470,0
256530,0
256590,0
256650,80
256710,544
256770,707
256830,825
256890,619
256950,910
257010,925
257070,928
257130,918
257190,896
257250,859
257310,799
257370,661
257430,435
257490,0
257550,0
257610,0
257670,0
257730,0
257790,0
257850,0
257910,0
257970,0
258030,0
258090,0
258150,525
258210,711
258270,802
258330,852
258390,879
258450,892
258510,895
258570,891
258630,879
258690,849
258750,790
258810,682
258870,459
258930,0
258990,0
259050,0
259110,0
259170,0
259230,0
259290,0
259350,0
259410,0
259470,0
259530,0
259590,27
259650,693
259710,373
259770,827
259830,264
259890,493
259950,897
260010,888
260070,868
260130,694
260190,489
260250,754
260310,540
260370,0
260430,0
260490,0
260550,0
260610,0
260670,0
260730,0
260790,0
260850,0
260910,0
260970,0
261030,523
261090,724
261150,828
261210,887
261270,917
261330,944
261390,930
261450,908
261510,873
261570,818
261630,745
261690,605
261750,367
261810,0
261870,0
261930,0
261990,0
262050,0
262110,0
262170,0
262230,0
262290,0
262350,0
262410,0
262470,416
262530,630
262590,742
262650,795
262710,793
262770,731
262830,644
262890,552
262950,674
263010,548
263070,451
263130,410
263190,190
263250,0
263310,0
263370,0
263430,0
263490,0
263550,0
263610,0
263670,0
263730,0
263790,0
263850,0
263910,372
263970,590
264030,704
264090,767
264150,793
264210,843
264270,808
264330,761
264390,762
264450,697
264510,634
264570,547
264630,371
264690,0
264750,0
264810,0
264870,0
264930,0
264990,0
265050,0
265110,0
265170,0
265230,0
265290,0
265350,372
265410,178
265470,494
265530,752
265590,790
265650,799
265710,800
265770,786
265830,783
265890,737
265950,664
266010,295
266070,329
266130,0
266190,0
266250,0
266310,0
266370,0
266430,0
266490,0
266550,0
266610,0
266670,0
266730,0
266790,278
266850,495
266910,633
266970,725
267030,786
267090,883
267150,893
267210,890
267270,861
267330,825
267390,761
267450,642
267510,399
267570,0
267630,0
267690,0
267750,0
267810,0
267870,0
267930,0
267990,0
268050,0
268110,0
268170,0
268230,349
268290,578
268350,705
268410,779
268470,820
268530,836
268590,834
268650,811
268710,790
268770,726
268830,649
268890,241
268950,137
269010,0
269070,0
269130,0
269190,0
269250,0
269310,0
269370,0
269430,0
269490,0
269550,0
269610,0
269670,412
269730,637
269790,758
269850,829
269910,873
269970,882
270030,892
270090,887
270150,868
270210,825
270270,752
270330,621
270390,367
270450,0
270510,0
270570,0
270630,0
270690,0
270750,0
270810,0
270870,0
270930,0
270990,0
271050,0
271110,455
271170,671
271230,784
271290,850
271350,888
271410,569
271470,894
271530,879
271590,836
271650,790
271710,689
271770,28
271830,0
271890,0
271950,0
272010,0
272070,0
272130,0
272190,0
272250,0
272310,0
272370,0
272430,0
272490,0
272550,345
272610,544
272670,656
272730,727
272790,773
272850,819
272910,819
272970,804
273030,36
273090,0
273150,0
273210,86
273270,38
273330,0
273390,0
273450,0
273510,0
273570,0
273630,0
273690,0
273750,0
273810,0
273870,0
273930,0
273990,321
274050,548
274110,685
274170,773
274230,827
274290,877
274350,889
274410,886
274470,841
274530,803
274590,187
274650,0
274710,0
274770,0
274830,0
274890,0
274950,0
275010,0
275070,0
275130,0
275190,0
275250,0
275310,0
275370,0
275430,0
275490,0
275550,52
275610,132
275670,404
275730,840
275790,163
275850,213
275910,82
275970,776
276030,701
276090,576
276150,346
276210,0
276270,0
276330,0
276390,0
276450,0
276510,0
276570,0
276630,0
276690,0
276750,0
276810,0
276870,110
276930,248
276990,585
277050,686
277110,756
277170,848
277230,851
277290,398
277350,53
277410,795
277470,228
277530,94
277590,41
277650,0
277710,0
277770,0
277830,0
277890,0
277950,0
278010,0
278070,0
278130,0
278190,0
278250,0
278310,226
278370,482
278430,640
278490,716
278550,749
278610,814
278670,825
278730,824
278790,840
278850,801
278910,377
278970,23
279030,0
279090,0
279150,0
279210,0
279270,0
279330,0
279390,0
279450,0
279510,0
279570,0
279630,0
279690,0
279750,229
279810,424
279870,676
279930,753
279990,796
280050,855
280110,860
280170,856
280230,845
280290,805
280350,731
280410,493
280470,306
280530,0
280590,0
280650,0
280710,0
280770,0
280830,0
280890,0
280950,0
281010,0
281070,0
281130,0
281190,315
281250,74
281310,687
281370,770
281430,820
281490,367
281550,845
281610,834
281670,800
281730,749
281790,668
281850,38
281910,0
281970,0
282030,0
282090,0
282150,0
282210,0
282270,0
282330,0
282390,0
282450,0
282510,0
282570,0
282630,170
282690,413
282750,583
282810,687
282870,747
282930,798
282990,803
283050,794
283110,500
283170,82
283230,0
283290,0
283350,0
283410,0
283470,0
283530,0
283590,0
283650,0
283710,0
283770,0
283830,0
283890,0
283950,0
284010,0
284070,149
284130,259
284190,565
284250,530
284310,811
284370,867
284430,438
284490,197
284550,0
284610,0
284670,0
284730,0
284790,0
284850,0
284910,0
284970,0
285030,0
285090,0
285150,0
285210,0
285270,0
285330,0
285390,0
285450,0
285510,322
285570,549
285630,662
285690,172
285750,760
285810,784
285870,785
285930,773
285990,746
286050,0
286110,0
286170,0
286230,0
286290,0
286350,0
286410,0
286470,0
286530,0
286590,0
286650,0
286710,0
286770,0
286830,0
286890,0
286950,94
287010,183
287070,528
287130,691
287190,744
287250,807
287310,820
287370,511
287430,444
287490,526
287550,97
287610,211
287670,131
287730,0
287790,0
287850,0
287910,0
287970,0
288030,0
288090,0
288150,0
288210,0
288270,0
288330,0
288390,291
288450,92
288510,0
288570,737
288630,786
288690,533
288750,834
288810,549
288870,119
288930,200
288990,327
289050,100
289110,53
289170,0
289230,0
289290,0
289350,0
289410,0
289470,0
289530,0
289590,0
289650,0
289710,0
289770,0
289830,309
289890,542
289950,366
290010,424
290070,489
290130,827
290190,844
290250,847
290310,812
290370,781
290430,720
290490,609
290550,386
290610,0
290670,0
290730,0
290790,0
290850,0
290910,0
290970,0
291030,0
291090,0
291150,0
291210,0
291270,325
291330,444
291390,665
291450,734
291510,782
291570,803
291630,482
291690,403
291750,356
291810,596
291870,135
291930,20
291990,0
292050,0
292110,0
292170,0
292230,0
292290,0
292350,0
292410,0
292470,0
292530,0
292590,0
292650,0
292710,11
292770,57
292830,660
292890,735
292950,322
293010,803
293070,573
293130,426
293190,27
293250,0
293310,0
293370,0
293430,0
293490,0
293550,0
293610,0
293670,0
293730,0
293790,0
293850,0
293910,0
293970,0
294030,0
294090,0
294150,230
294210,370
294270,86
294330,136
294390,181
294450,142
294510,396
294570,247
294630,3
294690,495
294750,125
294810,67
294870,19
294930,0
294990,0
295050,0
295110,0
295170,0
295230,0
295290,0
295350,0
295410,0
295470,0
295530,0
295590,345
295650,596
295710,722
295770,793
295830,831
295890,811
295950,814
296010,802
296070,322
296130,580
296190,670
296250,550
296310,316
296370,0
296430,0
296490,0
296550,0
296610,0
296670,0
296730,0
296790,0
296850,0
296910,0
296970,0
297030,357
297090,234
297150,480
297210,538
297270,466
297330,201
297390,898
297450,891
297510,451
297570,123
297630,21
297690,0
297750,0
297810,0
297870,0
297930,0
297990,0
298050,0
298110,0
298170,0
298230,0
298290,0
298350,0
298410,0
298470,398
298530,639
298590,756
298650,821
298710,855
298770,504
298830,855
298890,490
298950,413
299010,310
299070,514
299130,99
299190,47
299250,0
299310,0
299370,0
299430,0
299490,0
299550,0
299610,0
299670,0
299730,0
299790,0
299850,0
299910,355
299970,615
300030,748
300090,823
300150,866
300210,898
300270,908
300330,902
300390,42
300450,21
300510,0
300570,0
300630,0
300690,0
300750,0
300810,0
300870,0
300930,0
300990,0
301050,0
301110,0
301170,0
301230,0
301290,0
301350,291
301410,429
301470,685
301530,565
301590,795
301650,797
301710,178
301770,0
301830,0
301890,0
301950,144
302010,79
302070,27
302130,0
302190,0
302250,0
302310,0
302370,0
302430,0
302490,0
302550,0
302610,0
302670,0
302730,0
302790,11
302850,55
302910,78
302970,185
303030,343
303090,451
303150,826
303210,272
303270,24
303330,15
303390,0
303450,0
303510,0
303570,0
303630,0
303690,0
303750,0
303810,0
303870,0
303930,0
303990,0
304050,0
304110,0
304170,0
304230,382
304290,629
304350,751
304410,817
304470,852
304530,876
304590,876
304650,864
304710,829
304770,54
304830,0
304890,189
304950,0
305010,0
305070,0
305130,0
305190,0
305250,0
305310,0
305370,0
305430,0
305490,0
305550,0
305610,0
305670,149
305730,56
305790,208
305850,761
305910,818
305970,836
306030,437
306090,262
306150,0
306210,31
306270,168
306330,45
306390,13
306450,0
306510,0
306570,0
306630,0
306690,0
306750,0
306810,0
306870,0
306930,0
306990,0
307050,0
307110,453
307170,689
307230,806
307290,638
307350,900
307410,872
307470,876
307530,865
307590,867
307650,831
307710,770
307770,655
307830,415
307890,0
307950,0
308010,0
308070,0
308130,0
308190,0
308250,0
308310,0
308370,0
308430,0
308490,0
308550,431
308610,684
308670,805
308730,871
308790,908
308850,920
308910,927
308970,920
309030,888
309090,847
309150,778
309210,678
309270,429
309330,0
309390,0
309450,0
309510,0
309570,0
309630,0
309690,0
309750,0
309810,0
309870,0
309930,0
309990,370
310050,630
310110,781
310170,847
310230,884
310290,898
310350,904
310410,895
310470,885
310530,844
310590,775
310650,670
310710,421
310770,0
310830,0
310890,0
310950,0
311010,0
311070,0
311130,0
311190,0
311250,0
311310,0
311370,0
311430,446
311490,690
311550,793
311610,246
311670,889
311730,908
311790,910
311850,901
311910,860
311970,391
312030,586
312090,608
312150,232
312210,0
312270,0
312330,0
312390,0
312450,0
312510,0
312570,0
312630,0
312690,0
312750,0
312810,0
312870,0
312930,519
312990,485
313050,687
313110,808
313170,557
313230,549
313290,778
313350,508
313410,630
313470,649
313530,41
313590,162
313650,0
313710,0
313770,0
313830,0
313890,0
313950,0
314010,0
314070,0
314130,0
314190,0
314250,0
314310,50
314370,526
314430,679
314490,749
314550,789
314610,855
314670,860
314730,847
314790,800
314850,79
314910,394
314970,78
315030,215
315090,0
315150,0
315210,0
315270,0
315330,0
315390,0
315450,0
315510,0
315570,0
315630,0
315690,0
315750,240
315810,528
315870,682
315930,769
315990,817
316050,890
316110,895
316170,882
316230,852
316290,791
316350,59
316410,0
316470,0
316530,0
316590,0
316650,0
316710,0
316770,0
316830,0
316890,0
316950,0
317010,0
317070,0
317130,0
317190,296
317250,219
317310,222
317370,826
317430,867
317490,897
317550,903
317610,894
317670,867
317730,454
317790,674
317850,582
317910,61
317970,0
318030,0
318090,0
318150,0
318210,0
318270,0
318330,0
318390,0
318450,0
318510,0
318570,0
318630,270
318690,551
318750,694
318810,773
318870,819
318930,855
318990,860
319050,851
319110,588
319170,776
319230,412
319290,490
319350,0
319410,0
319470,0
319530,0
319590,0
319650,0
319710,0
319770,0
319830,0
319890,0
319950,0
320010,0
320070,0
320130,118
320190,389
320250,612
320310,488
320370,500
320430,465
320490,482
320550,492
320610,285
320670,555
320730,491
320790,214
320850,0
320910,0
320970,0
321030,0
321090,0
321150,0
321210,0
321270,0
321330,0
321390,0
321450,0
321510,268
321570,522
321630,676
321690,768
321750,822
321810,870
321870,875
321930,863
321990,826
322050,766
322110,408
322170,504
322230,214
322290,0
322350,0
322410,0
322470,0
322530,0
322590,0
322650,0
322710,0
322770,0
322830,0
322890,0
322950,145
323010,439
323070,170
323130,710
323190,749
323250,170
323310,23
323370,12
323430,62
323490,229
323550,33
323610,29
323670,0
323730,0
323790,0
323850,0
323910,0
323970,0
324030,0
324090,0
324150,0
324210,0
324270,0
324330,0
324390,0
324450,179
324510,383
324570,583
324630,663
324690,565
324750,21
324810,588
324870,129
324930,105
324990,0
325050,0
325110,0
325170,0
325230,0
325290,0
325350,0
325410,0
325470,0
325530,0
325590,0
325650,0
325710,0
325770,0
325830,0
325890,0
325950,0
326010,6
326070,5
326130,11
326190,47
326250,15
326310,20
326370,169
326430,162
326490,438
326550,232
326610,0
326670,0
326730,0
326790,0
326850,0
326910,0
326970,0
327030,0
327090,0
327150,0
327210,0
327270,97
327330,573
327390,719
327450,801
327510,848
327570,858
327630,869
327690,864
327750,516
327810,788
327870,711
327930,569
327990,266
328050,0
328110,0
328170,0
328230,0
328290,0
328350,0
328410,0
328470,0
328530,0
328590,0
328650,0
328710,294
328770,584
328830,740
328890,815
328950,857
329010,875
329070,881
329130,872
329190,855
329250,809
329310,730
329370,447
329430,281
329490,0
329550,0
329610,0
329670,0
329730,0
329790,0
329850,0
329910,0
329970,0
330030,0
330090,0
330150,304
330210,61
330270,0
330330,204
330390,848
330450,852
330510,838
330570,814
330630,0
330690,0
330750,0
330810,0
330870,0
330930,0
330990,0
331050,0
331110,0
331170,0
331230,0
331290,0
331350,0
331410,0
331470,0
331530,0
331590,25
331650,94
331710,307
331770,598
331830,119
331890,11
331950,18
332010,52
332070,298
332130,591
332190,713
332250,478
332310,171
332370,0
332430,0
332490,0
332550,0
332610,0
332670,0
332730,0
332790,0
332850,0
332910,0
332970,0
333030,296
333090,430
333150,743
333210,187
333270,479
333330,653
333390,457
333450,508
333510,817
333570,546
333630,452
333690,17
333750,0
333810,0
333870,0
333930,0
333990,0
334050,0
334110,0
334170,0
334230,0
334290,0
334350,0
334410,0
334470,0
334530,125
334590,244
334650,776
334710,557
334770,482
334830,481
334890,499
334950,542
335010,460
335070,407
335130,321
335190,95
335250,0
335310,0
335370,0
335430,0
335490,0
335550,0
335610,0
335670,0
335730,0
335790,0
335850,0
335910,0
335970,0
336030,729
336090,805
336150,846
336210,870
336270,871
336330,852
336390,838
336450,787
336510,413
336570,0
336630,0
336690,0
336750,0
336810,0
336870,0
336930,0
336990,0
337050,0
337110,0
337170,0
337230,0
337290,0
337350,292
337410,593
337470,734
337530,813
337590,857
337650,891
337710,892
337770,875
337830,836
337890,772
337950,674
338010,215
338070,59
338130,0
338190,0
338250,0
338310,0
338370,0
338430,0
338490,0
338550,0
338610,0
338670,0
338730,0
338790,161
338850,381
338910,449
338970,553
339030,839
339090,861
339150,867
339210,851
339270,846
339330,783
339390,38
339450,0
339510,0
339570,0
339630,0
339690,0
339750,0
339810,0
339870,0
339930,0
339990,0
340050,0
340110,0
340170,0
340230,298
340290,603
340350,744
340410,816
340470,856
340530,877
340590,873
340650,853
340710,824
340770,765
340830,674
340890,4
340950,0
341010,0
341070,0
341130,0
341190,0
341250,0
341310,0
341370,0
341430,0
341490,0
341550,0
341610,0
341670,196
341730,260
341790,452
341850,761
341910,813
341970,817
342030,824
342090,808
342150,814
342210,749
342270,0
342330,0
342390,0
342450,0
342510,0
342570,0
342630,0
342690,0
342750,0
342810,0
342870,0
342930,0
342990,0
343050,0
343110,254
343170,572
343230,722
343290,136
343350,845
343410,518
343470,11
343530,12
343590,3
343650,0
343710,43
343770,124
343830,22
343890,0
343950,0
344010,0
344070,0
344130,0
344190,0
344250,0
344310,0
344370,0
344430,0
344490,0
344550,192
344610,122
344670,193
344730,344
344790,855
344850,878
344910,882
344970,872
345030,840
345090,791
345150,707
345210,572
345270,204
345330,0
345390,0
345450,0
345510,0
345570,0
345630,0
345690,0
345750,0
345810,0
345870,0
345930,0
345990,303
346050,623
346110,773
346170,845
346230,884
346290,874
346350,877
346410,486
346470,844
346530,677
346590,456
346650,540
346710,164
346770,0
346830,0
346890,0
346950,0
347010,0
347070,0
347130,0
347190,0
347250,0
347310,0
347370,0
347430,273
347490,599
347550,748
347610,824
347670,867
347730,887
347790,892
347850,880
347910,851
347970,801
348030,633
348090,487
348150,140
348210,0
348270,0
348330,0
348390,0
348450,0
348510,0
348570,0
348630,0
348690,0
348750,0
348810,0
348870,147
348930,480
348990,659
349050,764
349110,822
349170,878
349230,883
349290,866
349350,846
349410,782
349470,448
349530,0
349590,0
349650,0
349710,0
349770,0
349830,0
349890,0
349950,0
350010,0
350070,0
350130,0
350190,0
350250,0
350310,238
350370,564
350430,717
350490,801
350550,850
350610,875
350670,550
350730,880
350790,861
350850,819
350910,740
350970,550
351030,0
351090,0
351150,0
351210,0
351270,0
351330,0
351390,0
351450,0
351510,0
351570,0
351630,0
351690,0
351750,256
351810,592
351870,743
351930,823
351990,870
352050,897
352110,905
352170,895
352230,867
352290,817
352350,728
352410,536
352470,0
352530,0
352590,0
352650,0
352710,0
352770,0
352830,0
352890,0
352950,0
353010,0
353070,0
353130,0
353190,383
353250,715
353310,850
353370,916
353430,951
353490,969
353550,973
353610,965
353670,942
353730,898
353790,820
353850,660
353910,218
353970,0
354030,0
354090,0
354150,0
354210,0
354270,0
354330,0
354390,0
354450,0
354510,0
354570,0
354630,386
354690,718
354750,847
354810,912
354870,947
354930,964
354990,968
355050,959
355110,936
355170,894
355230,816
355290,657
355350,214
355410,0
355470,0
355530,0
355590,0
355650,0
355710,0
355770,0
355830,0
355890,0
355950,0
356010,0
356070,370
356130,698
356190,828
356250,893
356310,926
356370,940
356430,938
356490,921
356550,888
356610,831
356670,742
356730,569
356790,128
356850,0
356910,0
356970,0
357030,0
357090,0
357150,0
357210,0
357270,0
357330,0
357390,0
357450,0
357510,332
357570,676
357630,816
357690,888
357750,928
357810,948
357870,953
357930,943
357990,918
358050,871
358110,785
358170,609
358230,147
358290,0
358350,0
358410,0
358470,0
358530,0
358590,0
358650,0
358710,0
358770,0
358830,0
358890,0
358950,352
359010,692
359070,827
359130,895
359190,932
359250,951
359310,955
359370,945
359430,920
359490,873
359550,790
359610,618
359670,150
359730,0
359790,0
359850,0
359910,0
359970,0
360030,0
360090,0
360150,0
360210,0
360270,0
360330,0
360390,374
360450,717
360510,849
360570,914
360630,948
360690,964
360750,966
360810,954
360870,926
360930,873
360990,780
361050,593
361110,0
361170,0
361230,0
361290,0
361350,0
361410,0
361470,0
361530,0
361590,0
361650,0
361710,0
361770,0
361830,0
361890,0
361950,0
362010,3
362070,4
362130,133
362190,347
362250,851
362310,412
362370,0
362430,0
362490,0
362550,0
362610,0
362670,0
362730,0
362790,0
362850,0
362910,0
362970,0
363030,0
363090,0
363150,0
363210,0
363270,0
363330,0
363390,284
363450,206
363510,70
363570,281
363630,592
363690,333
363750,582
363810,557
363870,320
363930,278
363990,0
364050,0
364110,0
364170,0
364230,0
364290,0
364350,0
364410,0
364470,0
364530,0
364590,0
364650,0
364710,236
364770,599
364830,754
364890,834
364950,877
365010,899
365070,905
365130,897
365190,872
365250,549
365310,587
365370,531
365430,0
365490,0
365550,0
365610,0
365670,0
365730,0
365790,0
365850,0
365910,0
365970,0
366030,0
366090,0
366150,260
366210,631
366270,776
366330,854
366390,896
366450,917
366510,921
366570,909
366630,880
366690,826
366750,726
366810,523
366870,0
366930,0
366990,0
367050,0
367110,0
367170,0
367230,0
367290,0
367350,0
367410,0
367470,0
367530,0
367590,233
367650,606
367710,763
367770,843
367830,281
367890,483
367950,905
368010,519
368070,513
368130,785
368190,676
368250,454
368310,0
368370,0
368430,0
368490,0
368550,0
368610,0
368670,0
368730,0
368790,0
368850,0
368910,0
368970,0
369030,219
369090,598
369150,758
369210,841
369270,886
369330,907
369390,912
369450,898
369510,320
369570,0
369630,0
369690,389
369750,0
369810,0
369870,0
369930,0
369990,0
370050,0
370110,0
370170,0
370230,0
370290,0
370350,0
370410,0
370470,239
370530,621
370590,773
370650,846
370710,884
370770,43
370830,463
370890,0
370950,0
371010,0
371070,0
371130,0
371190,0
371250,0
371310,0
371370,0
371430,0
371490,0
371550,0
371610,0
371670,0
371730,0
371790,0
371850,0
371910,233
371970,617
372030,771
372090,847
372150,886
372210,899
372270,894
372330,292
372390,12
372450,0
372510,0
372570,0
372630,0
372690,0
372750,0
372810,0
372870,0
372930,0
372990,0
373050,0
373110,0
373170,0
373230,0
373290,0
373350,197
373410,583
373470,753
373530,839
373590,889
373650,916
373710,924
373770,918
373830,893
373890,843
373950,745
374010,533
374070,0
374130,0
374190,0
374250,0
374310,0
374370,0
374430,0
374490,0
374550,0
374610,0
374670,0
374730,0
374790,217
374850,608
374910,766
374970,844
375030,884
375090,150
375150,902
375210,883
375270,844
375330,775
375390,659
375450,368
375510,0
375570,0
375630,0
375690,0
375750,0
375810,0
375870,0
375930,0
375990,0
376050,0
376110,0
376170,0
376230,79
376290,303
376350,216
376410,261
376470,899
376530,110
376590,332
376650,28
376710,0
376770,0
376830,0
376890,0
376950,0
377010,0
377070,0
377130,0
377190,0
377250,0
377310,0
377370,0
377430,0
377490,0
377550,0
377610,0
377670,208
377730,609
377790,768
377850,847
377910,623
377970,467
378030,426
378090,399
378150,346
378210,109
378270,514
378330,0
378390,0
378450,0
378510,0
378570,0
378630,0
378690,0
378750,0
378810,0
378870,0
378930,0
378990,0
379050,0
379110,0
379170,67
379230,0
379290,394
379350,287
379410,429
379470,414
379530,213
379590,489
379650,290
379710,341
379770,369
379830,0
379890,0
379950,0
380010,0
380070,0
380130,0
380190,0
380250,0
380310,0
380370,0
380430,0
380490,0
380550,153
380610,550
380670,712
380730,793
380790,834
380850,850
380910,841
380970,801
381030,309
381090,0
381150,0
381210,0
381270,0
381330,0
381390,0
381450,0
381510,0
381570,0
381630,0
381690,0
381750,0
381810,0
381870,0
381930,0
381990,134
382050,540
382110,715
382170,803
382230,853
382290,881
382350,207
382410,62
382470,458
382530,800
382590,287
382650,196
382710,0
382770,0
382830,0
382890,0
382950,0
383010,0
383070,0
383130,0
383190,0
383250,0
383310,0
383370,0
383430,182
383490,624
383550,803
383610,887
383670,934
383730,958
383790,965
383850,957
383910,931
383970,882
384030,785
384090,557
384150,0
384210,0
384270,0
384330,0
384390,0
384450,0
384510,0
384570,0
384630,0
384690,0
384750,0
384810,0
384870,260
384930,687
384990,836
385050,908
385110,946
385170,964
385230,966
385290,955
385350,927
385410,875
385470,773
385530,539
385590,0
385650,0
385710,0
385770,0
385830,0
385890,0
385950,0
386010,0
386070,0
386130,0
386190,0
386250,0
386310,228
386370,658
386430,808
386490,886
386550,928
386610,949
386670,954
386730,943
386790,914
386850,859
386910,751
386970,500
387030,0
387090,0
387150,0
387210,0
387270,0
387330,0
387390,0
387450,0
387510,0
387570,0
387630,0
387690,0
387750,168
387810,611
387870,782
387930,867
387990,913
388050,935
388110,939
388170,926
388230,891
388290,826
388350,704
388410,417
388470,0
388530,0
388590,0
388650,0
388710,0
388770,0
388830,0
388890,0
388950,0
389010,0
389070,0
389130,0
389190,94
389250,538
389310,734
389370,835
389430,894
389490,929
389550,944
389610,942
389670,921
389730,871
389790,768
389850,505
389910,0
389970,0
390030,0
390090,0
390150,0
390210,0
390270,0
390330,0
390390,0
390450,0
390510,0
390570,0
390630,109
390690,568
390750,756
390810,848
390870,897
390930,921
390990,925
391050,912
391110,879
391170,817
391230,696
391290,415
391350,0
391410,0
391470,0
391530,0
391590,0
391650,0
391710,0
391770,0
391830,0
391890,0
391950,0
392010,0
392070,159
392130,629
392190,801
392250,886
392310,932
392370,955
392430,960
392490,948
392550,918
392610,858
392670,740
392730,401
392790,0
392850,0
392910,0
392970,0
393030,0
393090,0
393150,0
393210,0
393270,0
393330,0
393390,0
393450,0
393510,110
393570,562
393630,754
393690,842
393750,890
393810,914
393870,922
393930,914
393990,863
394050,802
394110,676
394170,399
394230,0
394290,0
394350,0
394410,0
394470,0
394530,0
394590,0
394650,0
394710,0
394770,0
394830,0
394890,0
394950,91
395010,533
395070,715
395130,358
395190,299
395250,271
395310,313
395370,428
395430,393
395490,492
395550,372
395610,156
395670,0
395730,0
395790,0
395850,0
395910,0
395970,0
396030,0
396090,0
396150,0
396210,0
396270,0
396330,0
396390,128
396450,605
396510,797
396570,876
396630,917
396690,934
396750,935
396810,920
396870,881
396930,814
396990,686
397050,384
397110,0
397170,0
397230,0
397290,0
397350,0
397410,0
397470,0
397530,0
397590,0
397650,0
397710,0
397770,0
397830,144
397890,637
397950,812
398010,890
398070,931
398130,948
398190,951
398250,937
398310,895
398370,828
398430,699
398490,402
398550,0
398610,0
398670,0
398730,0
398790,0
398850,0
398910,0
398970,0
399030,0
399090,0
399150,0
399210,0
399270,131
399330,627
399390,808
399450,890
399510,932
399570,945
399630,948
399690,935
399750,895
399810,830
399870,702
399930,402
399990,0
400050,0
400110,0
400170,0
400230,0
400290,0
400350,0
400410,0
400470,0
400530,0
400590,0
400650,0
400710,0
400770,644
400830,813
400890,887
400950,472
401010,461
401070,249
401130,113
401190,282
401250,405
401310,29
401370,0
401430,0
401490,0
401550,0
401610,0
401670,0
401730,0
401790,0
401850,0
401910,0
401970,0
402030,0
402090,0
402150,0
402210,0
402270,46
402330,60
402390,0
402450,17
402510,15
402570,26
402630,7
402690,0
402750,0
402810,0
402870,0
402930,0
402990,0
403050,0
403110,0
403170,0
403230,0
403290,0
403350,0
403410,0
403470,0
403530,0
403590,0
403650,591
403710,786
403770,868
403830,911
403890,896
403950,897
404010,877
404070,821
404130,740
404190,590
404250,261
404310,0
404370,0
404430,0
404490,0
404550,0
404610,0
404670,0
404730,0
404790,0
404850,0
404910,0
404970,0
405030,0
405090,574
405150,95
405210,310
405270,561
405330,0
405390,15
405450,12
405510,0
405570,258
405630,139
405690,35
405750,0
405810,0
405870,0
405930,0
405990,0
406050,0
406110,0
406170,0
406230,0
406290,0
406350,0
406410,0
406470,0
406530,93
406590,808
406650,897
406710,149
406770,936
406830,939
406890,924
406950,880
407010,805
407070,657
407130,299
407190,0
407250,0
407310,0
407370,0
407430,0
407490,0
407550,0
407610,0
407670,0
407730,0
407790,0
407850,0
407910,0
407970,495
408030,684
408090,797
408150,857
408210,897
408270,900
408330,885
408390,851
408450,779
408510,639
408570,296
408630,0
408690,0
408750,0
408810,0
408870,0
408930,0
408990,0
409050,0
409110,0
409170,0
409230,0
409290,0
409350,0
409410,524
409470,740
409530,833
409590,884
409650,914
409710,920
409770,907
409830,864
409890,792
409950,646
410010,284
410070,0
410130,0
410190,0
410250,0
410310,0
410370,0
410430,0
410490,0
410550,0
410610,0
410670,0
410730,0
410790,0
410850,590
410910,780
410970,868
411030,914
411090,935
411150,937
411210,921
411270,872
411330,795
411390,641
411450,288
411510,0
411570,0
411630,0
411690,0
411750,0
411810,0
411870,0
411930,0
411990,0
412050,0
412110,0
412170,0
412230,0
412290,605
412350,795
412410,880
412470,923
412530,935
412590,933
412650,912
412710,850
412770,761
412830,593
412890,235
412950,0
413010,0
413070,0
413130,0
413190,0
413250,0
413310,0
413370,0
413430,0
413490,0
413550,0
413610,0
413670,0
413730,552
413790,755
413850,846
413910,893
413970,910
414030,907
414090,884
414150,836
414210,756
414270,598
414330,228
414390,0
414450,0
414510,0
414570,0
414630,0
414690,0
414750,0
414810,0
414870,0
414930,0
414990,0
415050,0
415110,0
415170,548
415230,767
415290,860
415350,909
415410,922
415470,927
415530,914
415590,883
415650,814
415710,669
415770,263
415830,0
415890,0
415950,0
416010,0
416070,0
416130,0
416190,0
416250,0
416310,0
416370,0
416430,0
416490,0
416550,0
416610,618
416670,811
416730,900
416790,944
416850,963
416910,965
416970,949
417030,899
417090,824
417150,668
417210,272
417270,0
417330,0
417390,0
417450,0
417510,0
417570,0
417630,0
417690,0
417750,0
417810,0
417870,0
417930,0
417990,0
418050,608
418110,810
418170,899
418230,943
418290,960
418350,961
418410,944
418470,903
418530,829
418590,674
418650,250
418710,0
418770,0
418830,0
418890,0
418950,0
419010,0
419070,0
419130,0
419190,0
419250,0
419310,0
419370,0
419430,0
419490,644
419550,839
419610,925
419670,968
419730,981
419790,983
419850,968
419910,922
419970,848
420030,692
420090,262
420150,0
420210,0
420270,0
420330,0
420390,0
420450,0
420510,0
420570,0
420630,0
420690,0
420750,0
420810,0
420870,0
420930,597
420990,806
421050,898
421110,945
421170,963
421230,965
421290,949
421350,904
421410,826
421470,662
421530,228
421590,0
421650,0
421710,0
421770,0
421830,0
421890,0
421950,0
422010,0
422070,0
422130,0
422190,0
422250,0
422310,0
422370,613
422430,813
422490,908
422550,956
422610,972
422670,975
422730,960
422790,908
422850,833
422910,672
422970,229
423030,0
423090,0
423150,0
423210,0
423270,0
423330,0
423390,0
423450,0
423510,0
423570,0
423630,0
423690,0
423750,0
423810,604
423870,823
423930,913
423990,959
424050,978
424110,983
424170,971
424230,918
424290,843
424350,682
424410,224
424470,0
424530,0
424590,0
424650,0
424710,0
424770,0
424830,0
424890,0
424950,0
425010,0
425070,0
425130,0
425190,0
425250,642
425310,841
425370,930
425430,974
425490,974
425550,975
425610,957
425670,907
425730,825
425790,652
425850,171
425910,0
425970,0
426030,0
426090,0
426150,0
426210,0
426270,0
426330,0
426390,0
426450,0
426510,0
426570,0
426630,0
426690,575
426750,791
426810,887
426870,934
426930,955
426990,955
427050,937
427110,888
427170,802
427230,622
427290,135
427350,0
427410,0
427470,0
427530,0
427590,0
427650,0
427710,0
427770,0
427830,0
427890,0
427950,0
428010,0
428070,0
428130,491
428190,730
428250,838
428310,892
428370,918
428430,919
428490,901
428550,877
428610,794
428670,614
428730,114
428790,0
428850,0
428910,0
428970,0
429030,0
429090,0
429150,0
429210,0
429270,0
429330,0
429390,0
429450,0
429510,0
429570,588
429630,787
429690,881
429750,933
429810,959
429870,967
429930,957
429990,900
430050,825
430110,657
430170,142
430230,0
430290,0
430350,0
430410,0
430470,0
430530,0
430590,0
430650,0
430710,0
430770,0
430830,0
430890,0
430950,0
431010,650
431070,847
431130,938
431190,982
431250,975
431310,784
431370,960
431430,920
431490,544
431550,304
431610,0
431670,0
431730,0
431790,0
431850,0
431910,0
431970,0
432030,0
432090,0
432150,0
432210,0
432270,0
432330,0
432390,0
432450,277
432510,546
432570,370
432630,614
432690,551
432750,728
432810,638
432870,593
432930,486
432990,497
433050,0
433110,0
433170,0
433230,0
433290,0
433350,0
433410,0
433470,0
433530,0
433590,0
433650,0
433710,0
433770,0
433830,0
433890,517
433950,781
434010,889
434070,946
434130,972
434190,711
434250,680
434310,596
434370,760
434430,319
434490,0
434550,0
434610,0
434670,0
434730,0
434790,0
434850,0
434910,0
434970,0
435030,0
435090,0
435150,0
435210,0
435270,0
435330,285
435390,287
435450,559
435510,414
435570,556
435630,465
435690,417
435750,634
435810,448
435870,259
435930,0
435990,0
436050,0
436110,0
436170,0
436230,0
436290,0
436350,0
436410,0
436470,0
436530,0
436590,0
436650,0
436710,0
436770,211
436830,540
436890,328
436950,482
437010,569
437070,376
437130,315
437190,393
437250,525
437310,43
437370,0
437430,0
437490,0
437550,0
437610,0
437670,0
437730,0
437790,0
437850,0
437910,0
437970,0
438030,0
438090,0
438150,0
438210,83
438270,354
438330,884
438390,933
438450,955
438510,956
438570,938
438630,885
438690,77
438750,40
438810,0
438870,0
438930,0
438990,0
439050,0
439110,0
439170,0
439230,0
439290,0
439350,0
439410,0
439470,0
439530,0
439590,0
439650,336
439710,212
439770,609
439830,767
439890,949
439950,664
440010,493
440070,161
440130,116
440190,26
440250,0
440310,0
440370,0
440430,0
440490,0
440550,0
440610,0
440670,0
440730,0
440790,0
440850,0
440910,0
440970,0
441030,0
441090,8
441150,107
441210,149
441270,124
441330,90
441390,61
441450,32
441510,0
441570,0
441630,76
441690,0
441750,0
441810,0
441870,0
441930,0
441990,0
442050,0
442110,0
442170,0
442230,0
442290,0
442350,0
442410,0
442470,0
442530,491
442590,747
442650,861
442710,919
442770,947
442830,952
442890,936
442950,894
443010,808
443070,611
443130,0
443190,0
443250,0
443310,0
443370,0
443430,0
443490,0
443550,0
443610,0
443670,0
443730,0
443790,0
443850,0
443910,0
443970,580
444030,833
444090,939
444150,993
444210,1001
444270,1006
444330,991
444390,940
444450,855
444510,660
444570,0
444630,0
444690,0
444750,0
444810,0
444870,0
444930,0
444990,0
445050,0
445110,0
445170,0
445230,0
445290,0
445350,0
445410,596
445470,841
445530,943
445590,993
445650,1012
445710,1016
445770,1000
445830,943
445890,856
445950,660
446010,0
446070,0
446130,0
446190,0
446250,0
446310,0
446370,0
446430,0
446490,0
446550,0
446610,0
446670,0
446730,0
446790,0
446850,529
446910,789
446970,895
447030,946
447090,951
447150,950
447210,930
447270,883
447330,785
447390,461
447450,0
447510,0
447570,0
447630,0
447690,0
447750,0
447810,0
447870,0
447930,0
447990,0
448050,0
448110,0
448170,0
448230,0
448290,186
448350,628
448410,848
448470,899
448530,506
448590,332
448650,203
448710,474
448770,0
448830,102
448890,0
448950,0
449010,0
449070,0
449130,0
449190,0
449250,0
449310,0
449370,0
449430,0
449490,0
449550,0
449610,0
449670,0
449730,520
449790,772
449850,874
449910,924
449970,940
450030,942
450090,924
450150,877
450210,785
450270,579
450330,0
450390,0
450450,0
450510,0
450570,0
450630,0
450690,0
450750,0
450810,0
450870,0
450930,0
450990,0
451050,0
451110,0
451170,464
451230,736
451290,0
451350,924
451410,291
451470,931
451530,915
451590,877
451650,792
451710,586
451770,0
451830,0
451890,0
451950,0
452010,0
452070,0
452130,0
452190,0
452250,0
452310,0
452370,0
452430,0
452490,0
452550,0
452610,504
452670,778
452730,891
452790,947
452850,968
452910,972
452970,957
453030,904
453090,816
453150,615
453210,0
453270,0
453330,0
453390,0
453450,0
453510,0
453570,0
453630,0
453690,0
453750,0
453810,0
453870,0
453930,0
453990,0
454050,560
454110,821
454170,925
454230,973
454290,980
454350,984
454410,967
454470,901
454530,809
454590,598
454650,0
454710,0
454770,0
454830,0
454890,0
454950,0
455010,0
455070,0
455130,0
455190,0
455250,0
455310,0
455370,0
455430,0
455490,162
455550,773
455610,888
455670,947
455730,972
455790,975
455850,957
455910,906
455970,810
456030,590
456090,0
456150,0
456210,0
456270,0
456330,0
456390,0
456450,0
456510,0
456570,0
456630,0
456690,0
456750,0
456810,0
456870,0
456930,431
456990,731
457050,851
457110,907
457170,933
457230,939
457290,925
457350,883
457410,795
457470,583
457530,0
457590,0
457650,0
457710,0
457770,0
457830,0
457890,0
457950,0
458010,0
458070,0
458130,0
458190,0
458250,0
458310,0
458370,540
458430,827
458490,939
458550,992
458610,1011
458670,1012
458730,993
458790,942
458850,856
458910,651
458970,0
459030,0
459090,0
459150,0
459210,0
459270,0
459330,0
459390,0
459450,0
459510,0
459570,0
459630,0
459690,0
459750,0
459810,499
459870,787
459930,903
459990,959
460050,964
460110,969
460170,953
460230,919
460290,829
460350,620
460410,0
460470,0
460530,0
460590,0
460650,0
460710,0
460770,0
460830,0
460890,0
460950,0
461010,0
461070,0
461130,0
461190,0
461250,472
461310,249
461370,392
461430,941
461490,942
461550,947
461610,504
461670,872
461730,396
461790,355
461850,0
461910,0
461970,0
462030,0
462090,0
462150,0
462210,0
462270,0
462330,0
462390,0
462450,0
462510,0
462570,0
462630,0
462690,432
462750,759
462810,897
462870,962
462930,996
462990,1002
463050,985
463110,937
463170,845
463230,630
463290,0
463350,0
463410,0
463470,0
463530,0
463590,0
463650,0
463710,0
463770,0
463830,0
463890,0
463950,0
464010,0
464070,0
464130,522
464190,820
464250,933
464310,986
464370,1001
464430,1004
464490,986
464550,923
464610,827
464670,602
464730,0
464790,0
464850,0
464910,0
464970,0
465030,0
465090,0
465150,0
465210,0
465270,0
465330,0
465390,0
465450,0
465510,0
465570,487
465630,794
465690,913
465750,970
465810,986
465870,996
465930,983
465990,924
466050,834
466110,619
466170,0
466230,0
466290,0
466350,0
466410,0
466470,0
466530,0
466590,0
466650,0
466710,0
466770,0
466830,0
466890,0
466950,0
467010,505
467070,805
467130,919
467190,973
467250,974
467310,979
467370,962
467430,871
467490,769
467550,527
467610,0
467670,0
467730,0
467790,0
467850,0
467910,0
467970,0
468030,0
468090,0
468150,0
468210,0
468270,0
468330,0
468390,0
468450,401
468510,742
468570,874
468630,937
468690,978
468750,981
468810,963
468870,912
468930,814
468990,582
469050,0
469110,0
469170,0
469230,0
469290,0
469350,0
469410,0
469470,0
469530,0
469590,0
469650,0
469710,0
469770,0
469830,0
469890,42
469950,392
470010,880
470070,943
470130,961
470190,776
470250,697
470310,876
470370,776
470430,545
470490,0
470550,0
470610,0
470670,0
470730,0
470790,0
470850,0
470910,0
470970,0
471030,0
471090,0
471150,0
471210,0
471270,0
471330,390
471390,737
471450,872
471510,936
471570,965
471630,967
471690,946
471750,891
471810,787
471870,546
471930,0
471990,0
472050,0
472110,0
472170,0
472230,0
472290,0
472350,0
472410,0
472470,0
472530,0
472590,0
472650,0
472710,0
472770,367
472830,716
472890,848
472950,595
473010,605
473070,469
473130,536
473190,127
473250,135
473310,0
473370,0
473430,0
473490,0
473550,0
473610,0
473670,0
473730,0
473790,0
473850,0
473910,0
473970,0
474030,0
474090,0
474150,0
474210,0
474270,651
474330,798
474390,864
474450,874
474510,450
474570,829
474630,483
474690,338
474750,34
474810,0
474870,0
474930,0
474990,0
475050,0
475110,0
475170,0
475230,0
475290,0
475350,0
475410,0
475470,0
475530,0
475590,0
475650,238
475710,531
475770,667
475830,860
475890,876
475950,892
476010,878
476070,842
476130,737
476190,497
476250,0
476310,0
476370,0
476430,0
476490,0
476550,0
476610,0
476670,0
476730,0
476790,0
476850,0
476910,0
476970,0
477030,0
477090,0
477150,27
477210,52
477270,68
477330,104
477390,27
477450,108
477510,36
477570,0
477630,0
477690,0
477750,0
477810,0
477870,0
477930,0
477990,0
478050,0
478110,0
478170,0
478230,0
478290,0
478350,0
478410,0
478470,0
478530,0
478590,0
478650,39
478710,61
478770,838
478830,843
478890,824
478950,271
479010,244
479070,164
479130,0
479190,0
479250,0
479310,0
479370,0
479430,0
479490,0
479550,0
479610,0
479670,0
479730,0
479790,0
479850,0
479910,0
479970,83
480030,687
480090,182
480150,44
480210,570
480270,215
480330,0
480390,0
480450,758
480510,532
480570,0
480630,0
480690,0
480750,0
480810,0
480870,0
480930,0
480990,0
481050,0
481110,0
481170,0
481230,0
481290,0
481350,0
481410,324
481470,696
481530,839
481590,914
481650,929
481710,933
481770,907
481830,717
481890,225
481950,58
482010,0
482070,0
482130,0
482190,0
482250,0
482310,0
482370,0
482430,0
482490,0
482550,0
482610,0
482670,0
482730,0
482790,0
482850,0
482910,50
482970,90
483030,65
483090,62
483150,21
483210,13
483270,22
483330,0
483390,0
483450,0
483510,0
483570,0
483630,0
483690,0
483750,0
483810,0
483870,0
483930,0
483990,0
484050,0
484110,0
484170,0
484230,0
484290,253
484350,632
484410,791
484470,881
484530,900
484590,912
484650,903
484710,848
484770,748
484830,271
484890,0
484950,0
485010,0
485070,0
485130,0
485190,0
485250,0
485310,0
485370,0
485430,0
485490,0
485550,0
485610,0
485670,0
485730,293
485790,690
485850,841
485910,912
485970,928
486030,937
486090,923
486150,881
486210,783
486270,553
486330,0
486390,0
486450,0
486510,0
486570,0
486630,0
486690,0
486750,0
486810,0
486870,0
486930,0
486990,0
487050,0
487110,0
487170,328
487230,720
487290,865
487350,933
487410,967
487470,977
487530,963
487590,904
487650,800
487710,558
487770,0
487830,0
487890,0
487950,0
488010,0
488070,0
488130,0
488190,0
488250,0
488310,0
488370,0
488430,0
488490,0
488550,0
488610,0
488670,351
488730,875
488790,941
488850,969
488910,972
488970,948
489030,894
489090,790
489150,548
489210,0
489270,0
489330,0
489390,0
489450,0
489510,0
489570,0
489630,0
489690,0
489750,0
489810,0
489870,0
489930,0
489990,0
490050,0
490110,541
490170,136
490230,451
490290,302
490350,330
490410,107
490470,562
490530,555
490590,542
490650,0
490710,0
490770,0
490830,0
490890,0
490950,0
491010,0
491070,0
491130,0
491190,0
491250,0
491310,0
491370,0
491430,0
491490,265
491550,676
491610,826
491670,895
491730,930
491790,938
491850,921
491910,875
491970,774
492030,538
492090,0
492150,0
492210,0
492270,0
492330,0
492390,0
492450,0
492510,0
492570,0
492630,0
492690,0
492750,0
492810,0
492870,0
492930,198
492990,627
493050,800
493110,374
493170,650
493230,656
493290,547
493350,231
493410,396
493470,141
493530,0
493590,0
493650,0
493710,0
493770,0
493830,0
493890,0
493950,0
494010,0
494070,0
494130,0
494190,0
494250,0
494310,0
494370,222
494430,246
494490,824
494550,901
494610,944
494670,952
494730,936
494790,887
494850,784
494910,546
494970,0
495030,0
495090,0
495150,0
495210,0
495270,0
495330,0
495390,0
495450,0
495510,0
495570,0
495630,0
495690,0
495750,0
495810,0
495870,164
495930,755
495990,842
496050,868
496110,883
496170,879
496230,881
496290,785
496350,560
496410,0
496470,0
496530,0
496590,0
496650,0
496710,0
496770,0
496830,0
496890,0
496950,0
497010,0
497070,0
497130,0
497190,0
497250,0
497310,719
497370,869
497430,938
497490,962
497550,966
497610,949
497670,892
497730,790
497790,557
497850,0
497910,0
497970,0
498030,0
498090,0
498150,0
498210,0
498270,0
498330,0
498390,0
498450,0
498510,0
498570,0
498630,0
498690,0
498750,711
498810,865
498870,937
498930,646
498990,975
499050,571
499110,508
499170,503
499230,568
499290,0
499350,0
499410,0
499470,0
499530,0
499590,0
499650,0
499710,0
499770,0
499830,0
499890,0
499950,0
500010,0
500070,0
500130,210
500190,91
500250,665
500310,901
500370,929
500430,934
500490,916
500550,863
500610,762
500670,204
500730,0
500790,0
500850,0
500910,0
500970,0
501030,0
501090,0
501150,0
501210,0
501270,0
501330,0
501390,0
501450,0
501510,0
501570,0
501630,212
501690,427
501750,570
501810,862
501870,544
501930,274
501990,446
502050,519
502110,91
502170,0
502230,0
502290,0
502350,0
502410,0
502470,0
502530,0
502590,0
502650,0
502710,0
502770,0
502830,0
502890,0
502950,0
503010,0
503070,627
503130,809
503190,380
503250,571
503310,333
503370,535
503430,611
503490,371
503550,0
503610,0
503670,0
503730,0
503790,0
503850,0
503910,0
503970,0
504030,0
504090,0
504150,0
504210,0
504270,0
504330,0
504390,0
504450,0
504510,285
504570,67
504630,13
504690,31
504750,0
504810,0
504870,76
504930,354
504990,203
505050,0
505110,0
505170,0
505230,0
505290,0
505350,0
505410,0
505470,0
505530,0
505590,0
505650,0
505710,0
505770,0
505830,0
505890,133
505950,101
506010,831
506070,906
506130,907
506190,389
506250,375
506310,0
506370,460
506430,560
506490,0
506550,0
506610,0
506670,0
506730,0
506790,0
506850,0
506910,0
506970,0
507030,0
507090,0
507150,0
507210,0
507270,0
507330,0
507390,734
507450,895
507510,969
507570,999
507630,1006
507690,992
507750,947
507810,857
507870,643
507930,0
507990,0
508050,0
508110,0
508170,0
508230,0
508290,0
508350,0
508410,0
508470,0
508530,0
508590,0
508650,0
508710,0
508770,0
508830,230
508890,159
508950,791
509010,826
509070,1009
509130,996
509190,960
509250,868
509310,638
509370,0
509430,0
509490,0
509550,0
509610,0
509670,0
509730,0
509790,0
509850,0
509910,0
509970,0
510030,0
510090,0
510150,0
510210,0
510270,97
510330,16
510390,446
510450,578
510510,400
510570,607
510630,395
510690,220
510750,48
510810,0
510870,0
510930,0
510990,0
511050,0
511110,0
511170,0
511230,0
511290,0
511350,0
511410,0
511470,0
511530,0
511590,0
511650,0
511710,605
511770,797
511830,582
511890,62
511950,0
512010,0
512070,44
512130,0
512190,0
512250,0
512310,0
512370,0
512430,0
512490,0
512550,0
512610,0
512670,0
512730,0
512790,0
512850,0
512910,0
512970,0
513030,0
513090,0
513150,0
513210,0
513270,3
513330,0
513390,0
513450,0
513510,12
513570,114
513630,46
513690,0
513750,0
513810,0
513870,0
513930,0
513990,0
514050,0
514110,0
514170,0
514230,0
514290,0
514350,0
514410,0
514470,0
514530,0
514590,662
514650,836
514710,914
514770,944
514830,950
514890,930
514950,883
515010,782
515070,562
515130,0
515190,0
515250,0
515310,0
515370,0
515430,0
515490,0
515550,0
515610,0
515670,0
515730,0
515790,0
515850,0
515910,0
515970,0
516030,107
516090,469
516150,420
516210,919
516270,301
516330,712
516390,897
516450,812
516510,598
516570,0
516630,0
516690,0
516750,0
516810,0
516870,0
516930,0
516990,0
517050,0
517110,0
517170,0
517230,0
517290,0
517350,0
517410,0
517470,666
517530,840
517590,919
517650,956
517710,965
517770,390
517830,906
517890,817
517950,611
518010,0
518070,0
518130,0
518190,0
518250,0
518310,0
518370,0
518430,0
518490,0
518550,0
518610,0
518670,0
518730,0
518790,0
518850,0
518910,679
518970,852
519030,930
519090,959
519150,966
519210,948
519270,910
519330,827
519390,623
519450,0
519510,0
519570,0
519630,0
519690,0
519750,0
519810,0
519870,0
519930,0
519990,0
520050,0
520110,0
520170,0
520230,0
520290,0
520350,703
520410,875
520470,950
520530,984
520590,987
520650,967
520710,917
520770,817
520830,195
520890,0
520950,0
521010,0
521070,0
521130,0
521190,0
521250,0
521310,0
521370,0
521430,0
521490,0
521550,0
521610,0
521670,0
521730,0
521790,486
521850,799
521910,895
521970,950
522030,968
522090,950
522150,490
522210,144
522270,0
522330,0
522390,0
522450,0
522510,0
522570,0
522630,0
522690,0
522750,0
522810,0
522870,0
522930,0
522990,0
523050,0
523110,0
523170,0
523230,692
523290,873
523350,953
523410,982
523470,990
523530,977
523590,931
523650,844
523710,648
523770,0
523830,0
523890,0
523950,0
524010,0
524070,0
524130,0
524190,0
524250,0
524310,0
524370,0
524430,0
524490,0
524550,0
524610,0
524670,690
524730,857
524790,934
524850,966
524910,972
524970,955
525030,911
525090,831
525150,645
526650,0
526710,0
526770,0
526830,0
526890,0
526950,0
527010,0
